local_row,local_split,local_id,ref_row,ref_id,dist
6123,train,59d6bdf49ebf9090,3853,5f5f64,1e-06
8124,train,c3184f6a8fe452e2,12318,c321b5,1e-06
4842,train,8b20669dd75f7da3,13774,8993ac,1e-06
13728,train,670af4608d5dc8fe,14255,6ca699,1e-06
256,train,677a203a7f5971d3,1120,ea907d,1e-06
3515,train,5825f951e720dd90,14400,c4b94f,1e-06
1773,train,973872e935f839db,5835,1893b0,1e-06
14008,train,517695d7da469be4,13208,21f67a,1e-06
2431,train,4851be7437eddf24,13773,faaa96,1e-06
6992,train,d87fd12ec09a1814,9491,081cd5,1e-06
11176,train,88b5c5bba1157593,2915,41a6ec,1e-06
11083,train,837bac5c1a6c982f,13366,43a4cf,1e-06
9751,train,0e175a6a6763deb3,109,1b4c03,1e-06
1502,train,0aa3816856ca7bcf,6700,ed724d,1e-06
13288,train,0cf7f62e65c8c5c3,1174,4b6707,1e-06
13298,train,f01cff49e932b78e,10880,bda09d,1e-06
2696,train,3d2f07b87dfdeef8,5300,5912c9,1e-06
10187,train,1b5aaccec9bb0f2d,12864,7e6856,1e-06
3398,train,89040b11df200317,7952,bfb9a6,1e-06
11793,train,e47f4321c9303858,4718,433a08,1e-06
3291,train,c841303b7afd296a,5566,c484a8,1e-06
4128,train,f0c19fb1408510a7,1835,f0e9f5,1e-06
11425,train,cef9144bee5bc3aa,4952,2e12ae,1e-06
2945,train,22527123dd2ac223,13928,9d9cf0,1e-06
13612,train,8a9a1d2636285f65,11782,fe7a36,1e-06
7369,train,0499f30f6623f10e,8483,97d345,1e-06
7611,train,7872555af653a4ff,12921,985ad3,1e-06
6474,train,3f2c329aecb8f277,6065,18c32c,1e-06
10929,train,03956a0ec0862c78,12004,5e798f,1e-06
2383,train,32c947c1b6953ed5,9920,91e75d,1e-06
10374,train,4fe98d98ec45ba8e,11548,87d449,1e-06
2698,train,c844163c986aa36d,6857,b3caf5,1e-06
15,train,4dfda5235ab59656,8415,7971eb,1e-06
10998,train,c297b8f7226c609c,555,0e29a8,1e-06
12669,train,d47b88860a2a92ca,12040,391fbf,1e-06
10292,train,b5ba8573ba902c48,5880,b7cb8e,1e-06
679,train,be4049ace9ff7190,1870,0f99ca,1e-06
5925,train,2b12e1950bd504d5,8210,90cac1,1e-06
11991,train,cd05a1822459dbe7,1085,8ea7e3,1e-06
14511,train,7049b9ad1c932d4c,2855,2f1a8b,1e-06
2700,train,9c2ed4fa5ca57c6f,12981,1175d5,1e-06
4524,train,329584a59b2621c5,4475,aa231d,1e-06
1074,train,712f6353c592d367,10805,17591a,1e-06
11131,train,0c140a171178d365,12243,402869,1e-06
10722,train,5723068be1ad5b83,321,b4155d,1e-06
2189,train,aa0584c8c1bbd4ba,1943,3b7ab6,1e-06
13464,train,198b35c55bac0fbf,13172,e3fef8,1e-06
13853,train,4431962eb669c5ff,2779,e302d1,1e-06
7155,train,6fdaca482b7d2645,4066,d7259e,1e-06
13867,train,ce9c27a1a913ee0e,13506,892fb9,1e-06
7158,train,13630cfd1283735c,171,cc41a4,1e-06
11364,train,3f549b9f27809a9c,5041,0a3b73,1e-06
3687,train,fcbc3b40e1c5e018,2503,f23243,1e-06
5029,train,290b4a80b37d9117,2936,16a2f9,1e-06
1553,train,8c42f8584791e071,4743,760e05,1e-06
7980,train,619fc1fc88bf8d39,14433,1d8e90,1e-06
9438,train,14edc8c9e6f83631,433,cff81b,1e-06
12321,train,1628d8c92736185c,14289,d0e889,1e-06
6146,train,467de5f89e68880d,9668,2f8486,1e-06
8246,train,3cfaa8ab18493a24,13884,653394,1e-06
12003,train,af979d4450891d64,8929,d55e4b,1e-06
13374,train,9191d48d2576f203,12327,3f63e9,1e-06
131,train,21bd54edaf9cf8b9,14505,ea717e,1e-06
13508,train,9989f04896f7031b,8820,455957,1e-06
9487,train,8424e69245d7bcb1,12876,e0a150,1e-06
10656,train,97a80032e15c663e,6828,fd49c3,1e-06
3014,train,4a8119213d4c02d1,2109,212089,1e-06
1061,train,7fd0362056705b85,1569,4a1ed9,1e-06
11711,train,42e50a26efcd0483,1090,4b6ddf,1e-06
5114,train,bc5fedc584e3c297,14566,f027ed,1e-06
7627,train,0f3c00088e4c5d8d,12903,a4391d,1e-06
3762,train,a799a8126ac3656f,9058,86f212,1e-06
11780,train,bf9060655679e041,9405,d072d6,1e-06
4742,train,d6d9aa6914708c9c,5443,d35275,1e-06
9054,train,06aa1135ec97db95,5412,e3e6e5,1e-06
8309,train,294ccc9622c6e991,5881,b106ce,1e-06
14864,train,adafe4730d462022,9069,1dd991,1e-06
11883,train,f7c6b4ff0a66c630,348,490b5a,1e-06
11285,train,a6fab731392656af,10342,b1667c,1e-06
6375,train,a6b6cce44ec4e705,4758,624ae4,1e-06
13204,train,f2f7c46f5b79759c,3887,cbaabf,1e-06
1561,train,f8b30760e0fb24d3,5465,d68174,1e-06
3947,train,01ecbd949fc2a0c3,14382,deeaad,1e-06
1527,train,fd9d00ab59f8f920,7147,0d3543,1e-06
9345,train,2520b231b2b02bba,7582,0b320a,1e-06
10586,train,2cc22b1a4b613686,3627,289f62,1e-06
13490,train,134452a66bb1313e,11215,e4e740,1e-06
5700,train,0747f103e94ec6a2,4700,f479dc,1e-06
7072,train,7a8af2587e0b4b11,5761,88185d,1e-06
13010,train,a00dcc1a26c6f2cc,1379,7029b8,1e-06
13512,train,35e0fd54a609b44c,2183,b4acf6,1e-06
13453,train,aea64bdda27806a1,3370,8858d4,1e-06
5441,train,09faecacfbfb8c9a,8991,895218,1e-06
553,train,fad4803f941fe6ab,6880,97429e,1e-06
8406,train,8e7c02746dfb025d,7295,5a2c3a,1e-06
11426,train,c67963473caef6e9,12012,24a24d,1e-06
11164,train,2e354dce075131e0,5997,e02826,1e-06
9306,train,ff890124d71dd205,1440,c95a40,1e-06
14194,train,e85c8fd60b501225,5122,cad147,1e-06
7423,train,acb4d6ca37e9479e,12346,a79999,1e-06
6387,train,c3550377a0a5ae24,8002,cddac9,1e-06
6565,train,d8e963af2ea4b12d,7636,126597,1e-06
13710,train,17027911d9e080ba,2757,2c7220,1e-06
8952,train,8e960ae6b855862b,8560,86a785,1e-06
14613,train,378864298be06d4a,5337,bb647a,1e-06
5340,train,9c3f2297d03203b0,1276,895a9c,1e-06
10799,train,0134f2fa433dfd58,13972,ba0eb1,1e-06
3108,train,3a7e708c79d03542,4322,e421dc,1e-06
4197,train,35edd955a885e7c0,7716,2a8340,1e-06
12548,train,5427e04dda1870a3,3329,863f86,1e-06
11867,train,2c80c933cf659534,1541,c1e7da,1e-06
4028,train,eccb30282a525bb2,13651,2f0159,1e-06
3463,train,640adeab6bb439f3,2230,d3f7ad,1e-06
10166,train,5e5b3b3c6f5a044b,5704,263ed6,1e-06
12963,train,e00513625388cf2e,9030,cbede8,1e-06
10133,train,c6b40054724f8140,464,fdae7b,1e-06
1777,train,a4b10956fa0ce68e,13348,709135,1e-06
9301,train,20036eb0ddbc6c68,4789,da3ba2,1e-06
6971,train,5ff943ff05638f7e,5011,4c7bb4,1e-06
14028,train,041d1742dc47afde,9761,f235a1,1e-06
8300,train,826e6bb3a35f37e1,828,376577,1e-06
14869,train,ccaa1516dc3837f3,9487,e088f5,1e-06
6778,train,a51de672c3d46148,7973,cec98b,1e-06
13054,train,65bc3a0726f3743c,5651,d05756,1e-06
6037,train,d7fa197874808376,5950,44dd33,1e-06
5435,train,6942fcaaaee1b34b,11440,9cb29f,1e-06
7236,train,8140da77dcdda4cc,4905,96dedb,1e-06
9747,train,02f817df31498cfb,372,399377,1e-06
2385,train,470c5bee69a38b72,1383,e3bce2,1e-06
10636,train,c46fe27689d2fb7c,13572,f561d5,1e-06
3042,train,60c8c151f8a3f1de,12716,5227a7,1e-06
11753,train,aaf24ba3384d9eb0,4183,6a8b36,1e-06
2235,train,fa6106e376103f0e,7191,b9ba31,1e-06
12785,train,2958a7a7e7574bfd,8996,bb3df1,1e-06
561,train,7363a6227e4a378b,4115,cccd69,1e-06
10471,train,bca01891f0af248e,13851,ce313a,1e-06
1386,train,08f7173753afaf14,8549,7bc5f6,1e-06
2936,train,28372ec5919ae2ea,7567,7a8a34,1e-06
9902,train,626692616d888da9,5848,93aefa,1e-06
14483,train,ed04147b731a661f,4221,b6b7d7,1e-06
10914,train,b6533366089f196f,14012,c812d5,1e-06
2559,train,709d0eb5e3caaaf6,2939,d6eedf,1e-06
7812,train,c53a52fdc605bd5f,2316,89969b,1e-06
10675,train,bf572ad24ffba711,10495,f963f1,1e-06
1758,train,faa88e2fefe02a6e,4575,dac1fa,1e-06
431,train,05c9b35443802827,4839,723bf1,1e-06
13759,train,e40aa6c6b2afa1f8,7161,c8b206,1e-06
2229,train,b91cfa253c257c4f,192,d3bc9c,1e-06
9709,train,6fbeefe7209d54eb,2715,751a2c,1e-06
11006,train,186af27c0ff89281,13287,ec7e40,1e-06
6020,train,dfb743ecc85691c9,2158,2abb82,1e-06
12179,train,c9d134ec9ff466c9,8487,0f3f2b,1e-06
10671,train,723d08990a960baf,185,9ffbe3,1e-06
9797,train,57f5e7b4ed12bb93,14530,4831fe,1e-06
3648,train,cdace80a47b334a2,8567,845b5a,1e-06
10203,train,2ca0fb1b3e47e250,1620,e1fdbb,1e-06
6277,train,0fc4758770570c39,11015,c99dfa,1e-06
532,train,477a8802b22196cf,5446,f8fed1,1e-06
4107,train,c6e1d23da2716b1a,9616,2d7baf,1e-06
1850,train,801cab4d6d6a9a68,1202,aa3606,1e-06
497,train,48177496b5ede1f9,6411,bf4381,1e-06
4768,train,a6c69c31e4729f7e,12549,8f356f,1e-06
9689,train,2aabe6e74338e6f5,13597,20048e,1e-06
1353,train,a7183d8f0d44eecd,6041,14ee69,1e-06
7658,train,90eedf2e4878a1f6,2789,954aaf,1e-06
8437,train,6b4675bb8fd34b72,5029,e46607,1e-06
8775,train,043587528f2b4d9c,2773,d1f6b7,1e-06
3119,train,4ca48b6ecdc6e37f,7319,0104c0,1e-06
952,train,1715e18fb73c24a9,6134,595e60,1e-06
5370,train,5d35a13df471ce15,1162,ac0d8b,1e-06
6962,train,9828b482c512b48f,6987,3129c5,1e-06
9492,train,8f0a78599d71114e,12339,5af4f3,1e-06
5490,train,9a025e7be306bdbd,5170,fae75f,1e-06
1627,train,ce5b3b256d519727,4928,2ccca3,1e-06
14105,train,57b67d293280bba8,12748,120905,1e-06
5956,train,47b4ac7fd01374a8,11020,7f7971,1e-06
7656,train,53277625e92a0a20,10903,9f2f70,1e-06
18,train,520007a70513357d,2126,52a0d7,1e-06
3529,train,28dcf97a32a1ab27,10634,7a91a5,1e-06
3140,train,66c38d51b9eff33c,5153,b2e713,1e-06
13781,train,c1436328a63daa85,1731,424e23,1e-06
10398,train,8371f3c073fe2b85,9743,788e95,1e-06
5772,train,4e9d85cfa65fb14f,4660,a0ced1,1e-06
1621,train,71b294039e49ebd4,4617,8400b1,1e-06
12745,train,1bd87e747e3e2d7c,1489,71b2d5,1e-06
2575,train,aad8405fd1d7ee0b,6934,ea2460,1e-06
207,train,882025a9ab3d62f7,2105,cd0ed6,1e-06
1877,train,e4497c1f7493ef91,3651,a50035,1e-06
12089,train,62f0684cea0f156d,4606,d624be,1e-06
223,train,8b8cfdb5e9d4a9b4,2190,460ae3,1e-06
7204,train,51cc5bc214bb8604,8060,dac85d,1e-06
729,train,00ad894b105b66c0,5234,21cb11,1e-06
4309,train,c8267065885f1898,11800,995628,1e-06
2264,train,543d480679ad986b,4697,ba25f8,1e-06
4856,train,c14b0c9769e3fc02,12707,2044b7,1e-06
1485,train,ec13f74959682079,2957,193df8,1e-06
11942,train,a3498f0f5379e6ef,8845,d79133,1e-06
2758,train,c5746a7f0f3a56c8,9501,804065,1e-06
1085,train,2ef3dc2e4b909038,10600,735e5c,1e-06
5388,train,445b6e904dc7fd38,8015,936137,1e-06
9973,train,19bd8ae30d3321d9,3860,9cde0d,1e-06
11542,train,4420697281464bd2,1133,5e26ba,1e-06
5413,train,2c9318b61d303035,3902,2e4137,1e-06
1779,train,13f08e2d7c9efb96,3991,714c56,1e-06
14510,train,a9e726e59298f904,1686,21fce1,1e-06
5575,train,4c1f3653144a862f,1344,c48fe3,1e-06
7486,train,2d0c430039b0b1fd,12647,d91b42,1e-06
12757,train,248a9c02795fd785,4389,c59d48,1e-06
10927,train,5dd21e0b9e6421f8,14166,2c74e4,1e-06
5339,train,c732ab49f026bdd7,8892,e7dddd,1e-06
1722,train,3f0c1382c656aa82,4425,a801cf,1e-06
6892,train,29332bc9baa7fb42,8125,446687,1e-06
14647,train,2841a73650be4265,5071,5a5e32,1e-06
13760,train,1bd95ff9dcacbe39,12376,c91f72,1e-06
12687,train,40bc5fb6dee490ba,13913,3687ec,1e-06
8204,train,1bc6cd634a52b0ad,13640,82f4f4,1e-06
12854,train,0664d85c0679bd68,352,3e727e,1e-06
11476,train,0f71fcf3181f37ee,1733,12a5b0,1e-06
11856,train,a96eee49955df614,9464,ccbbf9,1e-06
9049,train,f53ac61c0967cb58,7026,73af4a,1e-06
5426,train,bbd15a039908a411,4817,ed2a2f,1e-06
7446,train,2006244853ec1197,663,f9b1a6,1e-06
11017,train,fb5ca6956d53a66e,14016,28b712,1e-06
13196,train,a12fd53662fa5b34,1748,ffd06f,1e-06
5597,train,234035fecfcad1cc,4213,f92a9c,1e-06
6176,train,e3dc0c1befc3a3c0,540,522bfd,1e-06
11914,train,18cfaf4212b0cb27,13197,56afaa,1e-06
8074,train,e9fa3feae82d468b,12888,a75784,1e-06
14269,train,b8a94b23231cfe8b,1178,3c3aff,1e-06
1988,train,7f315c6bcc15be2b,13716,48bbf7,1e-06
2776,train,ddddd0c7e93e0894,14372,b71dcd,1e-06
3123,train,1450cadc423a196b,6221,7d9296,1e-06
13200,train,5b6977ecdfaf02a1,2471,524876,1e-06
7644,train,6f70241d0712b9ec,1063,f1de6b,1e-06
1229,train,c5deea490687bb16,13432,4ab4d2,1e-06
5684,train,633981b6e5dd1fa0,9505,9cef3c,1e-06
7571,train,398b2a1338f69b97,9626,9b7555,1e-06
12401,train,02a139f71fe5ca6b,2389,ec620a,1e-06
6793,train,659715701e5500ad,6555,97369d,1e-06
8333,train,0d6341087a2eec44,13650,e71792,1e-06
8295,train,0da50ecdbac02d1a,13223,84866e,1e-06
11667,train,d54c762551c81228,566,69a6aa,1e-06
2429,train,a4c5219df040ddef,10813,2d514c,1e-06
2821,train,10975f32d615107c,4829,3ede88,1e-06
13528,train,b9c6c1158360fe2e,7917,664602,1e-06
1276,train,fb3c0c3fd7f9b8dc,7536,bb70ce,1e-06
2544,train,048f9803fb4073b7,6810,66d2f9,1e-06
13068,train,142357afc59f4a28,509,6fd3a8,1e-06
7785,train,6686dd1b080896e1,1445,25c750,1e-06
4908,train,6258dca3e42b4d2e,10592,e00cc3,1e-06
74,train,6c40c0aa3f236c82,11748,dbaf5f,1e-06
2465,train,1c33f0a901e69836,6315,7160fd,1e-06
1807,train,21096c6d1b9f7e6f,6939,106b5b,1e-06
1465,train,80c89b28e51f644c,10112,8898f6,1e-06
9923,train,87336bc883f30549,12764,94cc5d,1e-06
8262,train,b76b233102dd356d,12739,504bff,1e-06
7745,train,ee62cf93c08d8639,3139,c9e550,1e-06
12061,train,f2bb9b0dfe4c4ec3,4404,b55b14,1e-06
5143,train,1b9b03ed71f234e9,4208,b6bdf9,1e-06
4902,train,9414689373cefec4,3455,8cf2c4,1e-06
6827,train,64db4955ca3e2eb2,4224,e34c91,1e-06
8363,train,55448c5db962441a,9603,97b1ed,1e-06
12160,train,c329ec6129ae28e9,8096,f91c80,1e-06
2773,train,13de275173ceec59,7800,b1a14a,1e-06
11139,train,d53f5f21850879a6,8946,c2b498,1e-06
10174,train,4166a5f2cd0fbf57,966,432924,1e-06
11226,train,c07dc7ae48c7bf69,641,7c4ccc,1e-06
9099,train,6c1dc75177b365f5,5286,281e5a,1e-06
7958,train,bc7505253240b883,10517,605e2a,1e-06
10504,train,948cb615f2d2e2d1,9579,25abbd,1e-06
13329,train,0c6e4fd30bfc17bb,765,72444f,1e-06
5122,train,08cea87db565deef,12894,9223b5,1e-06
1738,train,de2563eb14672377,7335,7696b6,1e-06
9676,train,f2fecbee7be70a65,14055,df692e,1e-06
10306,train,85a0a74d2d6afaa1,8722,3b52bc,1e-06
11032,train,8deb45896959638f,12329,408e38,1e-06
9581,train,bd001600c7a6e4cf,6896,6d7778,1e-06
9158,train,ce9cec8f044bae94,13845,bfcbe8,1e-06
6432,train,f23445a469dc88b3,1766,df8eec,1e-06
785,train,07d646f4265376ba,3422,c9ca31,1e-06
14884,train,49975fa23484651e,2042,c38263,1e-06
4983,train,82aa6dc7f944b7ef,3841,96815b,1e-06
5664,train,cd067662c9850e90,10436,ec9b6b,1e-06
11394,train,da68a288b35c173c,6272,037791,1e-06
14095,train,6b6cd09757f2bc58,13754,311464,1e-06
11274,train,cca5b0c63c5c6e25,7438,671437,1e-06
14500,train,b75e651bacc26b53,2169,968dce,1e-06
11600,train,d47390e4e2d04783,3349,f4c993,1e-06
2638,train,59dd5bff14ea69f4,3988,a726f3,1e-06
13593,train,56702272905118a7,607,4bb5a3,1e-06
14476,train,a0732a9b120c1f7f,14104,fbb6f4,1e-06
2389,train,f8ca9b5010afae74,2865,dda515,1e-06
4912,train,4e0b1408ab64128b,7195,76254c,1e-06
8727,train,719be10bcda566e2,13262,6787f6,1e-06
10967,train,101693b60ccf329b,423,427726,1e-06
14720,train,2541c21a03d8c2cb,737,54c25d,1e-06
6600,train,53e09616e700b532,9740,3327b9,1e-06
13436,train,d0af3b90a90bcf78,2376,84840e,1e-06
11801,train,e252606a3a5547c2,10039,1c30b2,1e-06
11197,train,048bf58baada5d67,13473,84c771,1e-06
5817,train,bc4f1b77cd4b7ffc,931,e12914,1e-06
13062,train,4cbec960d41947bd,5017,0a6a8f,1e-06
9613,train,7e514bcfa4512e4c,604,76b5b1,1e-06
7494,train,348365aa8dbea3a4,4174,91f6e2,1e-06
5436,train,d839f59fe6c9a35d,8479,a9e2fe,1e-06
185,train,5588894ae63877cb,10731,bd463a,1e-06
2391,train,d9a570e175eca2ca,6665,8e9316,1e-06
12418,train,f04ce19f67ec1bfd,3512,bfc4cd,1e-06
10152,train,3cd6c1bdf7ed2dce,660,bb888c,1e-06
675,train,528f5f3a56a16e5c,3238,007d1e,1e-06
14140,train,39b93d17963aee0c,9483,45a53d,1e-06
13910,train,daf52e4220009d54,3020,a25acb,1e-06
2520,train,d0c40a84b1ea2522,4796,a7feb3,1e-06
9532,train,d675add168a8cb0b,13841,af2bec,1e-06
3436,train,7d561abcf3c11645,12899,c8e113,1e-06
10401,train,efb655acad8c5729,9654,b77f93,1e-06
7907,train,1ed12cfc763f5956,2149,0e95bd,1e-06
3301,train,bee9c87e8e393abf,13341,f61e05,1e-06
7373,train,0ba5271d043e435d,11690,cd89dc,1e-06
6454,train,a61a13cf112899b5,9100,54c9e0,1e-06
8934,train,08e51cfd3c4cc0bc,674,c08f0e,1e-06
1128,train,082c076190e9a6f8,3839,1c379f,1e-06
448,train,ea1f64b62387ad3d,4781,15dcf9,1e-06
3342,train,87b2d93e3a02dd64,2172,8260d7,1e-06
7689,train,d1ba0fe9e6a430c1,804,0b2ae4,1e-06
10639,train,f1eebb5d6c42e00d,5853,1d3313,1e-06
5922,train,00778ca8488c378b,2588,02e624,1e-06
11382,train,239978f47adb960a,2835,6f1608,1e-06
1772,train,41d350ea6eeda509,7524,f0026d,1e-06
6877,train,432006d327ea69f2,6244,d1ed60,1e-06
4747,train,805a7ab581ce8ba4,14140,384b65,1e-06
3498,train,b9282cfd215d202e,6293,b73911,1e-06
9703,train,b52b84732e58195d,7318,212457,1e-06
9431,train,20f94805b5f8c840,11793,b61891,1e-06
9373,train,7660765aeb423002,6076,a652d8,1e-06
3668,train,91f7a94452816170,10182,fc3616,1e-06
4328,train,ba4f161dacb0de01,10855,d93459,1e-06
10211,train,9caeb246b6e3222f,351,0c3065,1e-06
2705,train,92ce75858284b14f,6708,a40278,1e-06
2832,train,fb1bd8477fe57a73,4756,9c193e,1e-06
8163,train,2f7fc3580a11e217,1550,5bb2aa,1e-06
12241,train,400b6528549d968a,8097,0d1c44,1e-06
3858,train,ab443f346661a19d,5856,c5c018,1e-06
3497,train,890c4ed290f7a1a7,9220,941ce6,1e-06
9831,train,3f33847b55bae934,7692,0e8bed,1e-06
7797,train,15cc0421ead53be0,8270,ada030,1e-06
6491,train,97505c94d4de80ba,1095,0dc9da,1e-06
6797,train,3141e706fb9eaa49,9096,aab48e,1e-06
9375,train,75dda74f64cdd06b,1270,4b9474,1e-06
3816,train,ca438e055d6e2604,10095,f81c67,1e-06
11233,train,9007d8fa307ecc5f,12445,ad609e,1e-06
9969,train,c8a904e2dda27260,10581,bea60e,1e-06
8062,train,209d5db6ff826744,6316,c5e598,1e-06
14354,train,085a0b721efb820f,6057,69d1ef,1e-06
629,train,be0127f4fa66e017,616,ea8f74,1e-06
2907,train,20b0f033af6a66ad,6684,585805,1e-06
10185,train,f248779a36dec083,10968,eac051,1e-06
10719,train,0a2cf1fe9110dcc7,5365,66f779,1e-06
7547,train,7bcc5eff1a715106,8700,f6dd1b,1e-06
2010,train,34af797668de7a79,10774,23b0c4,1e-06
2951,train,8570e4bcfa8be62b,10467,be2b6c,1e-06
12481,train,7ac4760c617e7476,1962,21377e,1e-06
8559,train,4488565b837ebcb8,5224,6fcf98,1e-06
3630,train,1b324fe0b311774e,8263,ade791,1e-06
9600,train,c303096bcc98803c,7273,28e43b,1e-06
3561,train,3c19a64f9bb3cc14,1201,da535b,1e-06
7531,train,065ed6cd44e3935b,12769,0c893d,1e-06
10601,train,7a1a978945469546,4163,26ee17,1e-06
13816,train,20841580ea0edb00,11219,1bbace,1e-06
7801,train,9e7fbdbb45acc940,1172,3764d8,1e-06
7714,train,ef6dc11828e7b9c1,4360,3df9cc,1e-06
14283,train,4d099376cfa21c96,2524,956758,1e-06
7615,train,9a963773fd1b0e97,190,9fb430,1e-06
10027,train,b93174a38d1ddf93,4121,1e8fe4,1e-06
9182,train,0a7715693328579b,6902,62037f,1e-06
9968,train,10c52da5153e3866,3779,54c536,1e-06
6758,train,23c653960b15466b,3814,7cbe15,1e-06
14491,train,25fa967c8c92f2e0,399,d0b5e0,1e-06
11874,train,3f0d5763b9972d6b,2495,bae5e3,1e-06
14355,train,1931627c6d2c6377,3,ca9e24,1e-06
13641,train,8949687cf4aa0da0,11177,97d8be,1e-06
4745,train,b381d94118c137ea,5964,f167bf,1e-06
7835,train,aa7241ae902befe3,5538,43f916,1e-06
2847,train,95c8a862f00291ca,1833,1f7fc0,1e-06
10371,train,8a11307cf898f734,7789,6939fe,1e-06
6292,train,ec54bb8593fcba60,14119,d3a1c9,1e-06
1053,train,31ba0148a445da73,8736,8780be,1e-06
10132,train,6f0a0ed9722abfc3,684,74cb99,1e-06
2719,train,158cab309a502d5a,5128,4eec58,1e-06
4362,train,aa7d2d3e4b55386d,11467,24cda0,1e-06
4869,train,42056bf9f09a808f,1065,8ba58c,1e-06
13906,train,75a6968662002bff,592,8fa6ab,1e-06
2968,train,b765be6c3f6a6e7e,4941,c52583,1e-06
3115,train,ba0a8e476971c864,6997,8487c1,1e-06
12710,train,7c06f72c9611e60f,13435,36be5c,1e-06
10949,train,c84e52df272129f9,9737,35cac7,1e-06
3945,train,e4d2db3dc461e810,4365,ba8390,1e-06
8978,train,71cef2565b54f67c,4838,653fce,1e-06
8615,train,1b7304bab7ff2e0b,6901,777537,1e-06
13260,train,d9727e79ea1caa2e,12521,7e9ffb,1e-06
11506,train,2ef3bdda04759cf7,11668,bee711,1e-06
1259,train,0171824cdbc28b85,1117,6a3157,1e-06
8149,train,880f85d873479b45,6495,49b2cd,1e-06
8749,train,136ebf94fc008628,6996,0fcb70,1e-06
7428,train,22a822b2508766c1,13280,38dc00,1e-06
1462,train,fe3bc354317101e7,8993,32c8d2,1e-06
12350,train,6dd282fe3736b0c3,6686,02a6a8,1e-06
10259,train,6144650f25de5533,8511,70be2e,1e-06
7628,train,26d3416489f1c256,14465,9d4693,1e-06
5371,train,d2a347f90d2ab73d,14237,d26cc0,1e-06
14084,train,e7425dae981f5212,779,c8d89a,1e-06
12376,train,285c0546dce4f098,1690,6db9c7,1e-06
6014,train,8f7a053b440194f1,14265,d07608,1e-06
14479,train,2ebe1502a2b819f0,2617,a0b461,1e-06
11790,train,97a67e61b02b7092,6609,09dec5,1e-06
13855,train,a5b572654efa4c0a,6539,6c0adf,1e-06
8877,train,c3b0c07a771fb124,10297,29218a,1e-06
7945,train,9efe11c7fe6b6469,6532,b5e679,1e-06
7737,train,70eea6732e06006f,1180,d3720d,1e-06
774,train,c01e2712ab4f45ba,9027,2184b8,1e-06
11155,train,8dbca91291340209,7498,4d6f2d,1e-06
7350,train,323309f596ec5413,14380,134887,1e-06
11376,train,8a8c24893b2e057a,1125,87636d,1e-06
3332,train,cc9f7b2f4e9bb9e3,9052,826d58,1e-06
11791,train,d39725ab748f907c,14365,220d10,1e-06
8930,train,7f34607cfb4f9162,89,0be699,1e-06
4219,train,fb09ff10d774fc28,14,9a1fdd,1e-06
7094,train,ea9800bf1aa19d4c,4184,d19f2b,1e-06
11569,train,b0a24900185fcd71,9351,578286,1e-06
10972,train,39f6a9034fa778f8,6639,f06c13,1e-06
4404,train,7bd6440e66fe6787,4933,6d935e,1e-06
10585,train,9ffcfbc155a61f1a,3692,b65b94,1e-06
13896,train,c83acbd2f050345b,13732,635e78,1e-06
11703,train,e98cd7bdcd867fd1,144,ab4aa9,1e-06
5351,train,a2905b1680011871,4011,c8982a,1e-06
9890,train,c096d78cf5ca72b7,14109,873078,1e-06
4812,train,11273d1533155018,1894,705251,1e-06
932,train,d3b87eed8e807505,8472,b01689,1e-06
6874,train,b4230a4a0a4a3477,4984,257ce4,1e-06
3604,train,8dbddbb7e33ba843,117,e169a4,1e-06
3369,train,1227631d5646ccb1,7068,052cae,1e-06
2487,train,60dba765ea99c62f,3668,12928f,1e-06
6030,train,12e9feda46769343,14518,484bc2,1e-06
13377,train,f26f3de7ed772df2,11293,2c0137,1e-06
8040,train,a659d465dbf75869,12399,962e21,1e-06
2986,train,5fac4baf04af2b1e,1377,9ac3b0,1e-06
10064,train,568d2e0928d8990b,10137,8df07a,1e-06
11590,train,02c408449238349b,12415,fa871b,1e-06
11553,train,867c34f0389823ac,9785,3eb79d,1e-06
9041,train,bb89da0df6e7561d,14280,d2c427,1e-06
120,train,6a8ab5c1ca828776,2429,854b1d,1e-06
11734,train,ce3cc3e3f46dcd5a,10892,6f2b66,1e-06
7614,train,db4ed4eaf2296c17,7799,9b68cf,1e-06
11763,train,6844aca51045f7ca,11296,a7ea78,1e-06
14174,train,da234fdd72985302,7651,d31d9a,1e-06
2042,train,844f045de71a39dc,5522,aa8a13,1e-06
12947,train,51cedf4378838263,1736,bc8218,1e-06
14314,train,0eb3f570fb3d5ade,3328,6f90d2,1e-06
709,train,ce97f7cd56bc3627,11331,3628e9,1e-06
10808,train,93a550d19cdc548a,12799,7cbfc5,1e-06
3234,train,64709ca6d301b847,11344,80a5bd,1e-06
9262,train,674c4cb4d0122285,1516,6c43cd,1e-06
2411,train,ddcf1ccd5a4fa5cb,2991,2c99bd,1e-06
3671,train,f809252f17a92795,6247,64a4a6,1e-06
908,train,c01d0d1093e83680,13862,dc7038,1e-06
3532,train,f4357f21392b0bf8,8863,5fbd67,1e-06
12512,train,1760d212c93b978e,7032,6ef8c9,1e-06
14595,train,6dedc62dc28759e5,439,a623af,1e-06
13136,train,a1e767a646981724,4337,aef763,1e-06
7437,train,a318a8d3fa3b7ea8,11265,c8fd23,1e-06
9707,train,0b864b202bb6c7fc,3791,4d74ff,1e-06
3544,train,c3fb2e84e4e3644e,13635,81d81f,1e-06
14732,train,3f51551120b0c2c2,12207,cb6ae2,1e-06
1158,train,948919a9c1406263,3599,f20a26,1e-06
14322,train,f119395602a25c7e,3509,903f35,1e-06
14490,train,6b1ae33eb19a90cd,12945,153d4a,1e-06
13511,train,166660020ac80c64,9169,902428,1e-06
2062,train,387e85be3c19a69d,7201,5d6e9f,1e-06
1953,train,ed308fb05117312b,3244,8b5224,1e-06
6609,train,3aa2d2db785c1a50,1225,e19086,1e-06
7646,train,b54d1e9fdfce141f,13327,04f5d9,1e-06
8218,train,c92c3fe17f81794e,13430,74c983,1e-06
2984,train,4c424407fd9116ac,7512,569182,1e-06
3602,train,8e92c6650312d25f,677,878e0d,1e-06
13988,train,a49246eba7e6e857,6233,d49338,1e-06
14660,train,d7184a786f47bf84,8201,c39055,1e-06
6490,train,dd59e4d8b8d3e821,3316,42ef95,1e-06
7902,train,038bb1663bfb02e3,6992,338304,1e-06
2447,train,796fe6501a6ceed5,12323,1214d9,1e-06
12889,train,a2f07939edf26e5d,5006,1eb05f,1e-06
7836,train,4d11ad0267ad3b48,12112,dc4fbf,1e-06
6261,train,a5398e6dedafdacb,8104,c51822,1e-06
8721,train,1c4f482d932ff5f8,7371,6bb533,1e-06
6024,train,c9324089ab2540e3,13096,74a01a,1e-06
2989,train,dd187a494a9772ba,10768,708cd0,1e-06
4708,train,e30b6e93d076846d,8571,a333f3,1e-06
3137,train,708b9267436e412a,9781,4a1283,1e-06
6585,train,32239b85e5cb103d,5357,2bdd50,1e-06
11654,train,f109d568121e4bea,9576,c6e83a,1e-06
2171,train,73630d9a21921220,10661,c54fe9,1e-06
14277,train,16d51c8ca1db9512,1718,89ff8e,1e-06
4066,train,a7509aa67cf9cb85,12435,bc0e59,1e-06
4579,train,9a12118f8d56279b,5696,e958b5,1e-06
7367,train,d8897882f39b74de,8436,b5d2b5,1e-06
11119,train,a90720962a1b1f1f,10962,61699a,1e-06
1923,train,3acc175d2c70fd9e,1923,89ca27,1e-06
12736,train,8d633ebf56832e7f,5305,eca53c,1e-06
7718,train,3a8dc1d38791541a,1114,a0ec8f,1e-06
11804,train,dfa38eabb0cdbe44,4609,d11978,1e-06
8866,train,f5766f831ef7963e,2204,c933d9,1e-06
14791,train,e792255ed6ae6534,14058,65af33,1e-06
6307,train,228f719229ef38f3,9126,3ad3a9,1e-06
5754,train,0a8db745ff2f9104,8497,ad325b,1e-06
2604,train,7f8ea4592a06ae94,12926,77108e,1e-06
10950,train,a6156054c35fac5c,6783,c8af53,1e-06
7356,train,88764ac895538821,14506,19e9db,1e-06
7287,train,c54ddf7a0e87222b,612,92d724,1e-06
6492,train,fe2d96408ed4f5dc,2302,08edc3,1e-06
10172,train,1d68042f0f7a7470,9420,ff12a4,1e-06
14143,train,50b666cd97cd0f90,7884,67a7cd,1e-06
10359,train,bef2d207c89e6a9b,3026,f5c1b6,1e-06
337,train,36ef2aff7fe40066,10123,461312,1e-06
736,train,4b7016b625ace5eb,11004,466ca9,1e-06
13056,train,f5a408a95e4333ce,3517,b69efe,1e-06
12177,train,6a3a792b7a1e197a,4415,173538,1e-06
2279,train,676657e97e6872fb,3572,f08355,1e-06
10008,train,77114c5270f240e1,8364,bd5936,1e-06
2067,train,9041a48c8c372662,1252,a3f064,1e-06
116,train,14885a433ab8e95e,3173,9aa635,1e-06
1904,train,fa2149d92bffd5a7,8620,8db0f3,1e-06
5278,train,3685fa1c7e843aa4,14529,898a27,1e-06
4043,train,e898d5047f32b127,4000,106bd7,1e-06
7649,train,cb4dc8c05261bf1f,14082,39ce85,1e-06
8486,train,bb2e8ddfe1a48d23,7088,8d331b,1e-06
4299,train,5abea7641d8a1434,4616,b93d41,1e-06
13035,train,5b41d4dada96c62d,13112,70068d,1e-06
3112,train,8e628adbcaaa52c9,11771,8ffadd,1e-06
155,train,6ffd6603f6917ee6,8127,51d19f,1e-06
2474,train,d0cd85198754a772,14010,fdd5ab,1e-06
3971,train,353df475f690ac7a,8232,f675fc,1e-06
401,train,2b5439efca58ec5e,457,d88ee3,1e-06
11372,train,58c1b92b4c7dbe6e,325,3f00d2,1e-06
7073,train,8e382d91e45007c6,12874,1b669f,1e-06
5338,train,5c2f9b1c276be423,4140,aa1fd9,1e-06
3054,train,96393916b5c5a981,1728,005289,1e-06
12852,train,8259853f6e980ea3,1847,a4cb32,1e-06
4286,train,114f169520c62b30,8952,483619,1e-06
3061,train,3f8a9436379adc65,11825,e32871,1e-06
970,train,bd5ef40844ac1b46,6706,dfa5a5,1e-06
12619,train,e610752b4c0d2727,236,c8fa0e,1e-06
5164,train,04423d68b34c154a,9242,a613b8,1e-06
719,train,7b67c3c829309432,2024,6de6f2,1e-06
3685,train,7911ea1e0bbda60e,417,52751d,1e-06
13597,train,8584d331e0c70880,4344,1dde4a,1e-06
12236,train,31a1583a0c4142ff,5586,f58daa,1e-06
11947,train,05d736a71fd6894c,7906,5e9cde,1e-06
11609,train,0c6f11ae00c020bc,8855,820ba2,1e-06
14828,train,5ba0774d7b5c7ff4,6757,d0546a,1e-06
4002,train,25f8a482f5767a05,12630,49b516,1e-06
3912,train,972c2eaf26aa0fa5,10051,9333f2,1e-06
10669,train,1ba43997fb668fd4,12551,197334,1e-06
12262,train,65132bab2047f2f9,10483,d1136a,1e-06
7372,train,ec20e2862295351b,14044,a5aa8e,1e-06
2087,train,fac879eac5e9e019,8766,9194c6,1e-06
13569,train,86ddb215c362c0a8,10566,e671cc,1e-06
2545,train,71f80d5d4048aca9,8465,f22758,1e-06
1038,train,b2cbe6f032216798,6760,2d6f1e,1e-06
3372,train,89d15a8467e7b7cc,11290,6cf879,1e-06
10623,train,2395d54f83c886ac,2404,fd1d31,1e-06
9235,train,b045a15a0467f1e3,3806,e7c5bf,1e-06
9892,train,cfbfd8921fa6e318,4821,264efd,1e-06
7748,train,f7282ddf4ce474f8,5402,87d5a0,1e-06
12749,train,b2d7781f99c45ada,6457,7a343b,1e-06
8852,train,63905ba5f6796f1e,438,aa4a84,1e-06
780,train,194a941ed78890d8,4291,9b16de,1e-06
3606,train,701147669d319b68,4755,a7af85,1e-06
1982,train,2c12386e3ea425e3,5828,dfae62,1e-06
6365,train,3944b4091bb7c22c,9508,013a92,1e-06
9529,train,43bde4468f530cd9,9922,3a4e6b,1e-06
14070,train,daae1313b461420d,11664,a80f8f,1e-06
11003,train,6331f1d165a1e1a2,11009,10c718,1e-06
13911,train,c2ac8636f44ef2c9,11039,4a7695,1e-06
9955,train,bdee0d532c7e40fa,623,ff3961,1e-06
6115,train,77661249d387dd8d,573,60ea32,1e-06
3758,train,2a005ce3feb9489a,12942,b8b8f5,1e-06
12442,train,70a706031b76dc3a,468,50e7c6,1e-06
1198,train,7df19c612ac96e91,6062,4b721c,1e-06
9402,train,e9f984fd6205a76b,1100,f0226a,1e-06
2188,train,09b45147c42ebf03,9855,32db0d,1e-06
5357,train,919170ed702da2ad,1490,5f70f3,1e-06
8412,train,3b257590563e8f29,2088,892329,1e-06
5165,train,d7b2a04fc4629f6b,10489,afc5f3,1e-06
12474,train,664d4e9aa0e6e276,13492,0ca626,1e-06
3961,train,26372794995da5d7,8153,bd3060,1e-06
11805,train,8c8e2ace8b34a05f,12070,e77a59,1e-06
4624,train,f4e72d293fa16f98,8733,d60f55,1e-06
3868,train,7c49bbf0b70822dc,6912,e3f725,1e-06
3488,train,c851cf602f63b7aa,12875,9042d2,1e-06
7511,train,7f83b7d9ba813519,12842,827926,1e-06
11870,train,829da87ec0a0b682,12305,f411ac,1e-06
12163,train,6463156a039c3185,10336,c111dd,1e-06
6912,train,d936eddf27bd761c,4594,50eb9c,1e-06
6839,train,cf2ba38b8744ed62,6477,e6fced,1e-06
9686,train,0965e0c75761d3f9,1498,9c1cbc,1e-06
11842,train,c5b0460db5bdc481,1644,fca230,1e-06
4870,train,46c0116fb943bd10,1293,e7fa88,1e-06
7188,train,61c55b30a2dfd4b8,4535,af895f,1e-06
14037,train,f7d1686a762523f8,263,66c798,1e-06
7297,train,2202a6419ae0d4d8,9134,fe8f81,1e-06
6041,train,6356d6220c42ad79,3019,b9e57b,1e-06
2800,train,9231603e2b02b316,11262,965373,1e-06
11887,train,8eee44c43ee71e99,11972,38d6a2,1e-06
10943,train,f0b86e049c9265cd,10501,789f9f,1e-06
12709,train,e6b7ef8f86ef6eb6,459,5e7171,1e-06
762,train,e4428b83cdffde45,6375,39a3ec,1e-06
14607,train,060d69bd6a684a69,12335,8f6605,1e-06
573,train,27b46a31cafb7e80,2054,d8bdc8,1e-06
13674,train,1d03186d0df0c9fc,3165,0cce99,1e-06
2245,train,5ed8e6c481c3136d,9003,fcf882,1e-06
655,train,8bd0a5b6e743f88e,11584,ee3574,1e-06
11248,train,6c09cb829724de54,9588,34265f,1e-06
1651,train,25910254afce20f7,9462,679e44,1e-06
7819,train,301e9679ba111923,12797,aa0f79,1e-06
7589,train,a43846d03715624d,1261,9a5f9e,1e-06
644,train,4cdc49611773a8e1,8791,0f67f9,1e-06
10417,train,03ba5a0b4d59bca5,3998,93564e,1e-06
3397,train,dfbe891aca7ad8e5,11330,727bcd,1e-06
8360,train,c035f8743d6431d2,1958,9a7ec0,1e-06
4349,train,4c571d47b3b525cb,7168,31b7f4,1e-06
1843,train,3b5ee2977c5a828b,1326,50fb8c,1e-06
5531,train,60725623428572d3,13084,58cb66,1e-06
2703,train,ab619eab1f7abf07,532,6d8c52,1e-06
9609,train,08d0a78e9257864f,12700,b419f4,1e-06
11882,train,37b1ea0ef48e0582,4687,33d85f,1e-06
12157,train,9348e1104551e888,1474,294a85,1e-06
14258,train,736a340a1ced9e4b,8394,0df0e3,1e-06
5564,train,03e5a01520f74b35,2615,9913d0,1e-06
7232,train,00617f464793966c,7611,0cba16,1e-06
8882,train,6ed43153567d0230,9676,11900d,1e-06
10870,train,0b08c761e64f859e,1200,70b5d5,1e-06
4728,train,a806f48ad01d8fbf,6224,e8458b,1e-06
11262,train,636cfe1f85d21cb9,10487,362b1a,1e-06
5512,train,53b302c3dc02a56b,12964,754012,1e-06
5447,train,57c093b5f275b6ea,11947,a21069,1e-06
11655,train,ed63b4ed2412e97e,320,1db87a,1e-06
3338,train,94e243c1e4638fa1,7259,d8d219,1e-06
676,train,fc1c1bbd84503874,5694,6f91b7,1e-06
2824,train,0ecb09f60f7de3a1,9255,8fb21f,1e-06
6999,train,face3fe5a20c9ea8,9290,63c7ab,1e-06
11211,train,71bab895d3568774,9114,f17ec2,1e-06
855,train,456bbd1d6137cbb0,634,041536,1e-06
11206,train,1fcdc6e3474c9820,14274,d149d8,1e-06
2746,train,c4c1163dc417bcbd,3730,bfe398,1e-06
12816,train,fd70b1a94ff84c48,7951,bafbc9,1e-06
1742,train,d5fa8ba381715f15,842,dd8a82,1e-06
10704,train,5279ab7b11b23e9f,12872,936866,1e-06
9291,train,09c6fdbf25fe68ab,8425,5be73d,1e-06
7551,train,82ae30d0c71e377b,13750,2b722f,1e-06
12692,train,c75f0c5cc75e1628,9978,ff9824,1e-06
5213,train,90c471de27713be9,12373,c2e149,1e-06
1403,train,1095b235a0e16eaa,7109,71dd04,1e-06
14353,train,0d66991ae4b3ba70,1119,66e716,1e-06
521,train,7e5fd81e46f5b328,2648,e32508,1e-06
13979,train,408b74a8f0378d21,3356,b2bda1,1e-06
7503,train,ff4375fae37fcd4f,8938,a107cc,1e-06
4203,train,99cbe68ad5e74aaf,12161,fb0e06,1e-06
9226,train,3568bc5c2e52b625,4413,de8ebb,1e-06
13435,train,c68255dea4efae3f,4608,896b21,1e-06
8168,train,52dc77bd639fc868,14117,5ba2c5,1e-06
9336,train,cbaabcf6c34cec0f,12492,a89132,1e-06
7182,train,164c5663ef3aecde,2395,e52dae,1e-06
1626,train,0341f213f36d2d63,8652,21a7f9,1e-06
6493,train,a8d68389fc3ab0e5,3683,743d12,1e-06
12711,train,65d3c891ae9ea03c,2014,0f1ca0,1e-06
5959,train,471ec2f62ef43f41,12391,980bd9,1e-06
10332,train,38bb10e17d1d8c56,5388,bec002,1e-06
2223,train,36fd45eff4520703,3848,a345ea,1e-06
7516,train,555c37f0034e2e4b,9507,c347c3,1e-06
3157,train,c8df9ed5254b7d88,3404,401922,1e-06
7159,train,f14126c49e6d3ee5,9906,20097b,1e-06
11142,train,4c23e82a94c695b0,9042,5ddeec,1e-06
4792,train,799608765556de48,6263,8b63df,1e-06
10607,train,8fbbefdcb5af5bba,12671,7d9a6d,1e-06
14444,train,36a5e0ee154c48a1,2571,e65c8e,1e-06
12592,train,fda0358658b9ca81,14378,0ba86c,1e-06
14893,train,7dcff38437cedd0a,10486,5ebdfa,1e-06
3599,train,780708349b66ea4d,6952,126beb,1e-06
8582,train,dc309ac2a04390cd,3319,8266e5,1e-06
1066,train,69592acdcc526c08,12813,4caf5d,1e-06
2676,train,cea4e3dc79823022,9007,54ea2d,1e-06
13971,train,ae6ef4deaa9b70be,80,e22406,1e-06
6346,train,1a95c96314b18aee,1643,a4a1d4,1e-06
9590,train,60fc93230d1b2362,13598,8f5179,1e-06
9810,train,de69359bbcbce2f7,3695,b9d815,1e-06
12667,train,76898b69bff2ea80,11630,b599c2,1e-06
11123,train,2a4c1d8133f5ad40,1568,31d746,1e-06
7096,train,fc0a75c8c82f41c7,12470,7bc58c,1e-06
10025,train,c7693481c4c3ddf3,4155,d7876e,1e-06
10856,train,4945f45b50bd4dc5,935,a0ca0f,1e-06
12459,train,ad1dc2f4ce9ee8f1,12030,6fd202,1e-06
9786,train,ddeaf6bceda3fe7a,1359,f2aee4,1e-06
4749,train,8d2285d48f2983c0,5532,2e816f,1e-06
11570,train,fe00979b465c9fec,8062,6efec7,1e-06
2272,train,b4282ef94528492a,1418,e63f39,1e-06
4520,train,0cac8c3358bb9e78,6704,d034dd,1e-06
13314,train,10b78f42a2b9698e,323,e7dcfb,1e-06
11580,train,bd46da81f1275446,13951,733101,1e-06
649,train,5fb3c9e67e28f1e2,12275,89e689,1e-06
13308,train,28d8fc80f07d95cf,10311,0d0e60,1e-06
8462,train,e6c697d00f81699d,5671,82b2fa,1e-06
14896,train,a1c353b7c3a43e90,4082,08a71b,1e-06
5243,train,9b21f3d0902230f5,3229,a3c721,1e-06
9311,train,3d58de30a4691eae,1622,05e66d,1e-06
13301,train,49cfe12b3f9ad58b,6028,b4e777,1e-06
886,train,1361f506a0ced923,8013,9a9902,1e-06
12164,train,2f0966350572b7b4,4863,722b9e,1e-06
8950,train,d43c936ddf6edeaa,14298,9373b4,1e-06
11878,train,59bdea1350c3df03,4587,24e06b,1e-06
3421,train,889d3941894121bf,10617,667250,1e-06
267,train,43b059104117e8ce,274,9a567a,1e-06
6039,train,44b99e32d9e06b11,2427,c2aab2,1e-06
1021,train,8c283bfc916b5754,14528,b858af,1e-06
9485,train,b138d13193b630a7,14377,0f001c,1e-06
4525,train,ba611673191258c1,2136,576992,1e-06
1109,train,a1f92b82d918f5e8,7794,2d1ab7,1e-06
538,train,dbfa92cbd6360892,2736,b5ab46,1e-06
1781,train,344d318f9abf4e53,2255,0c86d2,1e-06
14262,train,d47a2e4ac8d01639,10104,14bc19,1e-06
5811,train,af9c9214bdc17c3d,10159,fe2334,1e-06
9216,train,ae3c55cd146358d8,2131,e4045c,1e-06
2155,train,2f43174ece57fc75,739,99ee10,1e-06
13422,train,82b878f2aa6a2d28,14326,c50faf,1e-06
2729,train,2530b094140fcf03,9726,fd977e,1e-06
12311,train,2d91ad16eafb0557,1896,1d7285,1e-06
5473,train,771c8f88f9b9885f,5912,fc47e8,1e-06
1565,train,40b810634bf0772a,13979,e04692,1e-06
3273,train,a46941260cb919ed,6937,a572b4,1e-06
5090,train,ec64fb16f68dea18,6322,f25abf,1e-06
5046,train,99e3f4b83df7f612,798,bd3b51,1e-06
5918,train,cf516f549c973f02,5837,dd1a7f,1e-06
2614,train,0ff0ff2949405b4e,13147,254b9d,1e-06
6583,train,df144993e8d29a6b,4979,293d36,1e-06
6013,train,20c6c5cebd58e834,7044,b113d5,1e-06
10977,train,07bf0d633a652fa5,3840,b59b54,1e-06
8718,train,3e4e832a1b3af6c8,1026,be4d5c,1e-06
2149,train,8ab516fcffddbb77,11593,467a8b,1e-06
13447,train,7d8a169e4a258630,14205,24bdb2,1e-06
11332,train,747a2ac55de79bb2,512,508205,1e-06
12207,train,6cf331e01f0fcb13,12518,597fb7,1e-06
9185,train,e8dbffe5a4c5fb73,14556,310dd3,1e-06
89,train,5050f3f3c7fb5d34,10335,57a3dd,1e-06
7676,train,37405e25eb2abcd3,14358,49f4b9,1e-06
4672,train,dd857ad7cb99ad91,12562,cdb78e,1e-06
13307,train,4cffe977c1bdadba,961,708f96,1e-06
12535,train,43a763082b4d75b4,11604,24ff62,1e-06
7268,train,1e0fa13b2d4546e3,6687,4c2c7f,1e-06
10889,train,9466f5daaaed1e2f,6160,81b9e6,1e-06
4480,train,079ad5f39b4a719c,259,ab1770,1e-06
7088,train,f621178644253da3,12818,942816,1e-06
4495,train,8fb67291ab09d4f5,6978,c01ff3,1e-06
10049,train,4c5395deb937523e,4393,935b37,1e-06
3035,train,580829a18b5c3c64,12965,8428c4,1e-06
11547,train,3d011d050ac11630,1945,c0bf90,1e-06
8869,train,669adc6ca3f206d0,5678,6284f9,1e-06
668,train,5a84b2b40cceedc6,8819,af7910,1e-06
5105,train,c8dc8e9cc1fd39ad,7635,294ccd,1e-06
4081,train,143f3d596f357d5d,12898,4ebb65,1e-06
1873,train,391523fed6cf84fa,13756,148b60,1e-06
1105,train,8772fa953ca6724f,5740,7b1039,1e-06
7913,train,aea310f6aef63b3a,13753,22858a,1e-06
12928,train,6411710624783121,3899,6047a1,1e-06
6356,train,7bdf0a972a93d316,700,155c11,1e-06
7794,train,35521d677219a72b,2716,28517f,1e-06
11782,train,ec873bf791631922,5988,3c1090,1e-06
5522,train,f0f7ae09bfe39628,2039,aa183b,1e-06
9743,train,1c4ccf62ff1cf836,13724,1ad877,1e-06
10695,train,4fa2e966bf6368bb,13849,4b2cfc,1e-06
12009,train,d69371632332afd4,9332,f2cbae,1e-06
3170,train,7c1d96f6e30990ee,10015,8b24b4,1e-06
9580,train,f10b4245d86eafbe,8493,b5f3ee,1e-06
1318,train,7d334c918f0e3ffc,562,0f2599,1e-06
11326,train,b8c59dee53961530,3681,1b1764,1e-06
2685,train,ab9fce1d5755e15e,8808,bf295b,1e-06
3164,train,cf77a039f50839bc,11364,a70491,1e-06
7443,train,4a8a4f58cae57fc0,2651,3180f7,1e-06
8920,train,5328d3a9f6315014,8356,b19b4a,1e-06
13219,train,50f8277611c0aa92,13246,cac04d,1e-06
1302,train,f10a209901834600,8782,a22feb,1e-06
12664,train,7bbe00395b7721c9,1019,98f02e,1e-06
3551,train,b7a41deae2c58953,8540,2ef56c,1e-06
7625,train,e671fe788b72a068,12031,306fe6,1e-06
10714,train,7a49d4c7adfc0461,6399,0f96a9,1e-06
13675,train,de57dfaa3b967ab2,6954,97addd,1e-06
9665,train,b8fc9b6a9e4b4187,219,ec7f5f,1e-06
13045,train,35fb5464e4fd04d0,7517,d7d73d,1e-06
10624,train,29efc3332ce5bbd6,11755,5e4db5,1e-06
9875,train,b72ab33ced601593,261,e2dc8b,1e-06
834,train,4c4f5033802bbab8,11426,aa0d5a,1e-06
3289,train,1233349afb3a24ab,52,2cbf88,1e-06
9855,train,623e72d723109e43,8322,fc2aaf,1e-06
11480,train,e3007892915ec157,11843,b28648,1e-06
12422,train,e82ea4cb782cb3bb,4589,ac4c62,1e-06
14745,train,1cc52d0928971efd,8220,7f8fbc,1e-06
12651,train,a4900b62f76e87d8,14271,cb9601,1e-06
4557,train,e55c2c8f825851ae,10751,e2e7ee,1e-06
13161,train,7e13fd6380d4c3a8,13123,29da7d,1e-06
6073,train,0b86442925f35a8f,1287,df7704,1e-06
2027,train,a39e9e6e348f1e97,13249,b712d4,1e-06
510,train,035271737cc5c61c,6146,451dcf,1e-06
12191,train,ac8fce39cdc18272,11065,a54ebf,1e-06
14343,train,3c3e03217fe69086,2674,e0c8cc,1e-06
3326,train,24fcbccc1b8fcea9,3742,91c7a9,1e-06
4627,train,a3255fe833ed376a,13781,f8097c,1e-06
8420,train,6c768535d8053aae,5978,cd5c9f,1e-06
2726,train,149c2e13b8f20a83,5648,bfb08d,1e-06
3085,train,5a75ca7d2ed0cb3c,10080,23f45c,1e-06
2827,train,4905407a6619412a,6864,15545f,1e-06
10406,train,ecf19fc1be8d83ce,11253,e94e1e,1e-06
14197,train,707676e1df464bdb,1929,527741,1e-06
7502,train,9d3bd41f1c882dc8,6230,154021,1e-06
11114,train,cfc8e54d0adcfc8f,13720,07d332,1e-06
13918,train,35745c1c5602ddf9,9247,3a2692,1e-06
5591,train,75a554f37a951d4e,358,a53d91,1e-06
13052,train,ba944146336a9cf8,13532,2102ee,1e-06
472,train,bdff7b1ea39ba535,6291,7d94de,1e-06
12329,train,adfa8e12455c8853,7503,9898d7,1e-06
14245,train,8e3f82842551e7f4,8471,5d9bde,1e-06
1191,train,7e3b01dc00280cdb,8264,cb77f1,1e-06
3373,train,7ade21d242a9c172,8677,ba8bdb,1e-06
1592,train,b7e446a12a69a55e,2038,318570,1e-06
3072,train,c1aebb8e60933a08,5756,f7dc6f,1e-06
10488,train,1a0d85e269b4b4e8,5158,383bb8,1e-06
14637,train,8c35ecead56842ab,2127,4f9d44,1e-06
14656,train,f225a86da3df7908,10583,800ea9,1e-06
2114,train,5f66dd137a278362,11365,ea10ea,1e-06
2141,train,aad02085663504d7,9629,e86e4e,1e-06
10001,train,fe807704799c3ab0,13627,500f67,1e-06
10615,train,1cfd636ce5b6a103,7506,f90159,1e-06
11552,train,247a9dafed5d5fb7,14520,534738,1e-06
13340,train,82dc604fb7749ea5,12377,08aaee,1e-06
4820,train,ef060a3302b85047,8711,112809,1e-06
7266,train,d6d9002b62af1006,10461,6c664d,1e-06
14875,train,8fc69a5889e1bef9,844,9a1228,1e-06
519,train,89bfbe33688ddd1e,937,abc661,1e-06
12498,train,37afeca26543a8f2,9362,d410ec,1e-06
14480,train,51ec54fa448d4a56,9535,a13637,1e-06
10026,train,fa1b2f9d19df3fd3,7805,7411bc,1e-06
3694,train,7e2d43fc4138a339,10263,da07a9,1e-06
12120,train,a0b2af572992fec4,10976,0badee,1e-06
6323,train,53e6f6ca0d8a1898,13636,fc80de,1e-06
9358,train,44da1e70316a2cc4,13697,9fab3c,1e-06
8166,train,2e73219a0f50b5f9,10000,3c18e7,1e-06
5675,train,4ccae06b6d054649,5489,09c3ac,1e-06
199,train,85021e877fedd585,4324,a83268,1e-06
11581,train,e45591bf57ef9fc0,10659,21a1b1,1e-06
9774,train,374c221a95446358,6078,19e80e,1e-06
5723,train,1496b147f1720756,12652,994ec3,1e-06
2219,train,d90becc42e8d7c1f,7488,a70964,1e-06
11323,train,04128f4da2a18516,772,0b5b93,1e-06
10462,train,c6b8ad67b8afca25,11141,4721bb,1e-06
11774,train,28cb0a5c93bc93dc,12535,0f716b,1e-06
445,train,d15fb85749586b1f,1789,46c23a,1e-06
14641,train,a5aa9aa49de277f8,6605,2dd95f,1e-06
9713,train,b976a2ab92d91351,11055,3242db,1e-06
9801,train,62921bcdd2e07ebb,13793,1cd976,1e-06
898,train,7813f3682e4b95f2,12273,be3f54,1e-06
4874,train,053571bd0d9ce085,6353,ef7f08,1e-06
768,train,2fd3f64980c4cf1e,3209,30e0d8,1e-06
255,train,e661a81830c8bc7a,7111,94adcc,1e-06
10437,train,2645e7a6b1c525d0,11959,615586,1e-06
14455,train,35bd9be5deb1c8eb,1121,ff74ee,1e-06
14856,train,eddcf1004103a1f9,10233,acb960,1e-06
5845,train,0ecf8420eb030bd7,7366,c50b71,1e-06
4443,train,2323455cfea0f324,10803,11320b,1e-06
4859,train,ba0d69f6fec06b0b,10357,bf00fe,1e-06
12304,train,64527fab89cbcc93,10232,1ffb43,1e-06
4449,train,e09d854f14c173d2,11950,d019d9,1e-06
11736,train,a671724ced7798ac,14027,601d9f,1e-06
9793,train,73a8faf4620e596a,11457,debdac,1e-06
5964,train,10ddaed9e57fb1e6,3849,d7b1b8,1e-06
11254,train,fdc3a82486602499,5677,7c9a45,1e-06
1186,train,3d78663cf627c27b,8650,ff2be7,1e-06
14556,train,5767acd7f0eecef9,2682,0ca3a1,1e-06
10880,train,272dce746a8a0eca,1514,aff0a9,1e-06
361,train,a90792cd21922e3e,5373,e46030,1e-06
4114,train,515c547d7bfd801a,11898,5e4bfd,1e-06
4378,train,abb94ea65f2b9f95,8414,3599d2,1e-06
2432,train,4c96e3b25c811578,609,058d62,1e-06
4761,train,47f13aea235746fe,13973,a3f515,1e-06
7898,train,165abe8134d113da,11633,e75aeb,1e-06
5102,train,bb3167442c496818,9828,382356,1e-06
9034,train,4f4c2de7a3422ebf,5527,0d10c3,1e-06
9693,train,6edf88c8f4efd2bf,77,30f42a,1e-06
2820,train,4630b2146c2c96d6,13065,3e3dd2,1e-06
13958,train,e2b8bdb3cf0f6673,2753,7a7fc0,1e-06
13624,train,9ed58683a920405e,11602,410606,1e-06
672,train,c4fbac78344e6d56,971,ad0978,1e-06
14734,train,7518729bcc376aa7,2884,4fbcaf,1e-06
11175,train,f9c6deb36bc060e3,10836,147ff1,1e-06
1031,train,e0b050e6de59dd15,11041,0d7995,1e-06
8016,train,2d6e2de2d26d6c21,13035,efa5e7,1e-06
9537,train,99ecdb2918809c64,14398,54d10e,1e-06
2260,train,ee4405f3387c6edd,3315,49f5a6,1e-06
8042,train,09cd90a3fd8df5f2,14103,3cacbc,1e-06
13912,train,30215b9c3a3822b9,12959,6854ee,1e-06
10248,train,0da224a2905f836f,5135,61f936,1e-06
14007,train,a47e25ece2c072b9,13677,9b7c04,1e-06
8057,train,43087d921e19ca3d,3417,fa36bd,1e-06
11072,train,aecceaa312642ae8,12885,e604e9,1e-06
5251,train,0c43dd4adeaaa578,3461,905b93,1e-06
11284,train,1d33092408aba365,838,8a5d6a,1e-06
12795,train,8dd43478e64b6d5f,1387,1ae2fb,1e-06
10558,train,77a278a2d5b1aa11,2248,ef8975,1e-06
4024,train,7c8cb65a99ce48b8,4502,fc0083,1e-06
13571,train,931a781d9980ba7b,9414,f882e6,1e-06
623,train,8b12e118e03c9eb7,9170,2a1026,1e-06
8878,train,bdb3af693362ee30,7684,afa12f,1e-06
9225,train,0bf688b4c7b4dd82,12638,87311d,1e-06
13714,train,b73b1d9bedb552a7,9815,23133c,1e-06
6786,train,7807aa6d30451a51,2143,b149eb,1e-06
1331,train,fb339f591a79898e,11438,d2564c,1e-06
5268,train,0edbc2aa0fe97f36,7817,7464a5,1e-06
4682,train,669d9540ecb0730f,5223,9a5fdd,1e-06
14710,train,e327d6ceb20c299d,10056,910591,1e-06
14821,train,2daa28e90b44a7c0,3347,f4bf8f,1e-06
6109,train,1ddece905807297e,7059,4a66ff,1e-06
7672,train,c8a3a2b48cf9e7c1,10381,db50ff,1e-06
8980,train,43bb8aada1321cff,7596,ccc77b,1e-06
8903,train,ecef1c5ce9d38f42,783,a510d3,1e-06
6537,train,199ce1e1e6cfe726,10921,72d350,1e-06
3400,train,6cebfaeb19b8eb81,6000,5f33ca,1e-06
6004,train,1dafc9e62ec71332,7607,42cdf7,1e-06
3952,train,abffdc8dcb80a7fd,12417,43ed2b,1e-06
4555,train,41386aed47cab272,8083,1417c2,1e-06
4126,train,c495aa3cb657c768,8180,29902c,1e-06
2722,train,5001469cbcd7cfc7,10394,91d178,1e-06
2754,train,8005e00e8d51a8d9,2066,718619,1e-06
1041,train,3aa75cdd2455362b,4715,7c78f3,1e-06
11818,train,a58fd4166a762e0f,10758,f101b3,1e-06
10720,train,258d390594e9ad48,4492,1049b5,1e-06
5994,train,56b9b1f2b698b8a0,778,e0c73b,1e-06
4301,train,c7dc04556b93b0c2,12755,84b5c9,1e-06
1746,train,a1e5675eaefb2664,12597,a2d843,1e-06
7218,train,4d836c568911ee65,4867,8fbfea,1e-06
3818,train,bcb2af3a9042316f,4412,11b256,1e-06
14531,train,020f1c1d68dff70d,704,0d6935,1e-06
4794,train,3a418b9fe1008090,3361,f864b7,1e-06
9451,train,5d23dc9f86c63c31,12283,f28a7e,1e-06
9382,train,f451c9354cc8465a,2635,adb551,1e-06
2065,train,227ac918c05eb8e5,11946,46bd31,1e-06
10823,train,862fe62612518b08,7621,4135a1,1e-06
7596,train,557a3e8bee73809f,750,5493a4,1e-06
9551,train,d95d9886b6da0f3b,2810,aae3f0,1e-06
1512,train,0172885eaeb81778,808,8369ae,1e-06
10135,train,5395f7c7258f423d,1591,d5bfc4,1e-06
1863,train,b02f716946faf021,9468,9dd557,1e-06
13636,train,dce137741770d476,9224,9028b8,1e-06
5828,train,e02d6879100448ac,6094,661840,1e-06
9861,train,3ccbc2571ec87ee9,10449,bef597,1e-06
6862,train,85952bb3ec3cb6e0,6408,ad721d,1e-06
6311,train,4144ee7e2f5fb6e7,14257,fd0c78,1e-06
14673,train,f10a3d947467829c,7373,7abc28,1e-06
14364,train,908bc981a2e1bbca,3600,9375fc,1e-06
8821,train,7f330383afa83fac,10168,4700e0,1e-06
13234,train,18abf00e1525cf43,4801,7df1ee,1e-06
507,train,97ca962a1a09d973,1975,fd371d,1e-06
6731,train,fee2b7e97a767473,770,c094dc,1e-06
9177,train,48df0351c605253f,14499,409e52,1e-06
13214,train,e6a18669e53caab4,2784,9a8ef5,1e-06
14486,train,3011b6d58db54b22,13212,b4ae60,1e-06
11338,train,a0627f5db0f178c6,5834,42d779,1e-06
11022,train,3efdbbcd45f71291,10862,434d4d,1e-06
14235,train,df36709b861a8fc3,2535,1e923d,1e-06
13083,train,8b304f99e23ba842,9262,6f46d7,1e-06
4853,train,07b5bd0834751a22,12015,759b14,1e-06
3429,train,d6640d0355e8483b,5749,ce9165,1e-06
1692,train,9bc0544b1a23d5af,13024,40417c,1e-06
1060,train,d46eab877bb01998,2049,e8d124,1e-06
12804,train,58872f7909ef83f7,4152,e8ce28,1e-06
3103,train,1475be843d52658c,12138,76221b,1e-06
6333,train,a2c6f20de24207b6,400,0118f0,1e-06
8312,train,e15c482f964cf24c,7172,6fe57e,1e-06
5048,train,523ab179ea222011,3878,d8118b,1e-06
6477,train,72947beb7aa33ea3,2068,ad8ad6,1e-06
441,train,88a715617bd56323,2463,53b4c7,1e-06
213,train,3a0129f75a1655fc,3555,55a181,1e-06
13801,train,b9566f35771e1776,2034,6ba7cf,1e-06
7948,train,2cd3675a357d3920,9319,e698c7,1e-06
5975,train,084bd093ef015a64,7061,0b6d8f,1e-06
10347,train,2d84cea1eb2385ac,10787,9ba1bc,1e-06
5989,train,637551684d268c3e,10719,626886,1e-06
14748,train,afeb91098b5970aa,105,f93f87,1e-06
11808,train,1460bf1be39d3a53,7209,ec3fa9,1e-06
3314,train,69eeca2087cd51f6,7743,f6579e,1e-06
7773,train,5f1e01f1db26d2ab,2350,84c5e7,1e-06
9200,train,13e0eddba75baf5b,5554,89c87b,1e-06
9003,train,bf8d26529612677b,13301,717c44,1e-06
14817,train,92f56ca9e65d7546,4401,f725fd,1e-06
14005,train,56aae13551bf1bdb,2048,42f2f9,1e-06
5057,train,e5e164c5091e8de2,8030,cfaaa4,1e-06
2060,train,397af404e2638c22,14482,92739c,1e-06
546,train,e98c74ddee2d49ee,3712,2d67dc,1e-06
4574,train,c39118780edc4dfa,12271,b07bce,1e-06
10351,train,9b9c951a8f41e89d,1811,d4229e,1e-06
12138,train,c98d325c98cb62ce,6344,044bd6,1e-06
8537,train,fd33172e8c67c50e,1480,c09c27,1e-06
13786,train,48e8bf3cf50044a4,8811,493d89,1e-06
767,train,c9190388c1eea8c8,10488,d3f1e5,1e-06
13545,train,dc57bfb9c9b0ba60,9110,292b28,1e-06
13523,train,9209a3757c99b004,12794,dee2a5,1e-06
7599,train,0770e7b52c385797,1386,2fdfa7,1e-06
1912,train,45fe11598be828e0,3176,7fe519,1e-06
4603,train,3c2e8e31402a17b9,13307,1d6340,1e-06
9737,train,a43e025b670e492d,13596,e39f55,1e-06
4266,train,d0abbcb8a7312451,6604,a2faad,1e-06
10230,train,dfe1e9fc4e66e4a8,1770,9b1f7c,1e-06
6353,train,7791996f55592c9b,2065,7b8114,1e-06
3034,train,1fcc5f0636a6eecf,4229,1d0415,1e-06
3672,train,95825190716a18aa,3624,b4d840,1e-06
4041,train,0b29948f8dcb3a0d,11119,b904f4,1e-06
10896,train,1b3fd1941d9d1adf,6216,410763,1e-06
12079,train,80496b02048a135e,11746,452bd3,1e-06
1760,train,b5ba96e91ad7a726,9102,ad20a2,1e-06
8585,train,49a053b443e42aa8,11656,9cb95d,1e-06
7859,train,3e3a5b7222344e7f,14128,398eed,1e-06
11848,train,7f9b20edca6eae0a,9847,256ab9,1e-06
13751,train,03dac56810faacea,3148,10b9fa,1e-06
13296,train,f911070507c3227c,4846,bdd677,1e-06
10688,train,f45729039cde39ea,7279,c266b5,1e-06
4544,train,8f19345799f694e2,6827,a379a2,1e-06
8394,train,22190f59993efe29,2271,b9564e,1e-06
278,train,5897d62372440d49,262,1359ce,1e-06
5854,train,dd77c85a83aa44e4,7694,80fc70,1e-06
2349,train,73a8472026341dc1,8354,4285bc,1e-06
1452,train,e500ee616b0cb058,2516,1bb93d,1e-06
493,train,c84d87d89ca2c9ef,8509,135707,1e-06
11130,train,544c553aabc49e54,5539,300c6d,1e-06
32,train,13b8da48d5ce06bd,398,7c12e3,1e-06
10142,train,258450b989ef9e7c,1021,1d3da0,1e-06
5353,train,05af04b8c10e6790,1345,98c15c,1e-06
4547,train,fbf7dc2c48ab7cba,69,9c71c7,1e-06
14645,train,eae359e354ed0889,3768,cd262a,1e-06
6396,train,be509bf03affda63,13093,92e483,1e-06
6229,train,03d8b6f5b9fa91e7,7984,de857c,1e-06
7772,train,48720f25ffcb57d9,3477,8df574,1e-06
1150,train,5f2042bc88b20dce,2335,204c49,1e-06
12030,train,04262e9a3916811a,10790,fe2d48,1e-06
4148,train,65a2e3cd7710cf93,6059,f10cca,1e-06
12821,train,78fb0c1767f2ad12,14363,d1d4d0,1e-06
11985,train,6b9434b5bbabb689,6683,bfb33d,1e-06
526,train,7df9c071cf0bda77,1477,04c735,1e-06
12478,train,cb3f4f3df417656e,13161,80218b,1e-06
6466,train,1bdc050c16954f11,1126,f8d8e1,1e-06
1070,train,667491d4d10425c1,11921,246bc8,1e-06
1147,train,404b8a89673e8b6e,14476,a67aad,1e-06
7725,train,36695392ac9e385a,13844,30d47c,1e-06
220,train,f1a98645f2470f59,2428,3e1b28,1e-06
10692,train,f919845de0592c58,4836,af6520,1e-06
12258,train,b73ef727fe105618,793,867d2c,1e-06
1550,train,64c44b2a72fe31d2,10481,67eb1b,1e-06
5750,train,e956f4bf70a2799f,12663,5d081f,1e-06
11029,train,ca2cd0d880d321b5,14147,23a973,1e-06
13746,train,416afbe071fccb22,11840,c52b27,1e-06
4170,train,14b40ac5d10a536c,11107,9bf119,1e-06
12263,train,4b7734a697464118,9760,5cbce5,1e-06
12610,train,7374dbecc707c12d,4759,179fc0,1e-06
7652,train,3e0c1ae58a55ef94,7345,fd605a,1e-06
8344,train,20757e085c214d46,11537,a2886f,1e-06
2697,train,5dc7e9e2bd9c4665,4555,ff9867,1e-06
1709,train,178652b357150ce1,9672,e814fe,1e-06
1967,train,68b94a69f4d04616,8418,cadff1,1e-06
11247,train,b89afb56a8ef38f8,6898,a86d97,1e-06
3749,train,cad816fcb48b9d19,430,7aa933,1e-06
10764,train,6c61312842419395,12369,398730,1e-06
5062,train,2f034d90af97722d,12678,649597,1e-06
9394,train,21d58a3d8af79a88,9942,11ef3f,1e-06
8863,train,668ef4bd989b067c,10965,dce3fc,1e-06
7479,train,f2bce80fef570c20,8396,6f9422,1e-06
3600,train,1277ac8ccafefcef,1552,7c0528,1e-06
7738,train,f782a7559462f452,14445,729f49,1e-06
2041,train,2581253bc5887242,1049,b5546a,1e-06
4509,train,aad729d6b77a2d96,112,c93cba,1e-06
5107,train,d0b5624f70dc2bed,4310,f8a1e1,1e-06
7396,train,d95c42c623363304,61,738ab5,1e-06
6008,train,7d2a29d639b13bed,1659,10a546,1e-06
2019,train,887928b29eb69000,4070,56605e,1e-06
4261,train,b31355c924a5276b,564,c66af1,1e-06
742,train,c0952b709b85274a,6964,3441c0,1e-06
13127,train,31108e862cbcba20,9670,b3f8c1,1e-06
5477,train,9f35583309edd311,627,46b228,1e-06
9081,train,f9a01e739fbe6c94,12950,2bdfb9,1e-06
12477,train,2dacb72b9efe3cad,678,9d473c,1e-06
2750,train,d7df473f2a8badc4,6866,c8f898,1e-06
11573,train,5cf555d4def1b9b3,5410,c0ae9a,1e-06
5330,train,926abe8dbb5296a8,10412,fc3853,1e-06
1176,train,b0c4578e61a636c6,7084,47f31a,1e-06
10865,train,7b16adca457bcad8,4411,221454,1e-06
11617,train,6352655ab83291b5,5745,d23d43,1e-06
8235,train,7c1f2e8579a8d853,6010,27b5ab,1e-06
364,train,3872642ecfb7fae5,12107,116570,1e-06
5594,train,a3552f014a7d525e,5313,e5d014,1e-06
8860,train,dddc3559993ccd3a,2803,ebdd6f,1e-06
438,train,3b4fcf72f46163d8,8905,609a95,1e-06
8076,train,f1a840f0ac782299,1111,9c15ab,1e-06
8143,train,4b94a0dced1b5276,2092,529962,1e-06
8058,train,b10799eef6faceb6,6025,fcf887,1e-06
11935,train,4df8d1a18615a2c0,3309,ae0880,1e-06
7695,train,ef2ccef8abfd66a2,9172,8e689e,1e-06
13787,train,f4f3336cf8b196d0,13718,8faaf4,1e-06
9223,train,c56b86aa011b0727,968,122f85,1e-06
1393,train,3a76636787d45cd0,6070,dca497,1e-06
3015,train,807e1165741616ae,6478,3c1e26,1e-06
8375,train,c6e8207cdf46fc2c,9615,77f17b,1e-06
6686,train,4006fabd52963219,11978,6052ba,1e-06
2843,train,4a9aac3b403daa67,3457,ecaf9e,1e-06
14267,train,705750a6a0eecdf0,6950,8d30ae,1e-06
10497,train,7977b957608adc4c,12819,76c62a,1e-06
7252,train,5f99c33d3607a98c,1618,621a41,1e-06
1635,train,59f3e052bb5d64da,1056,b88a82,1e-06
9926,train,9f307e8ce7f2e17a,2942,055561,1e-06
11577,train,7951e19181322b20,5032,2aa570,1e-06
817,train,4c881a3ecd025561,12579,85f828,1e-06
13789,train,03f8ef6fd11fa0dd,6212,790862,1e-06
2315,train,7d8b5e0e7043209a,9983,35f251,1e-06
7304,train,fba909965d45a7b8,11589,154f38,1e-06
12314,train,b20c1b2f9805f6f0,10596,da8edf,1e-06
8127,train,74969c819771a240,2326,e43772,1e-06
2876,train,46b02a3541e7050c,2683,43604c,1e-06
9197,train,e7e4e31bf9bca673,4368,d84579,1e-06
4392,train,8d452c272cfe26fa,1850,ea878f,1e-06
3651,train,4e760d5dd274a0ad,10513,a8d400,1e-06
10377,train,4797ae32bebf8668,12287,efe200,1e-06
14865,train,9e040cf86cc8606b,10264,bc0a0e,1e-06
10050,train,bdebea4b4e4d4362,13954,c88dbd,1e-06
4133,train,4e8147beea22c1fe,13499,5ee82b,1e-06
3825,train,2323247830a5fa30,4307,b54739,1e-06
7321,train,51b7349344ee160c,14316,34eec0,1e-06
7572,train,139158099871c569,12281,75451c,1e-06
12544,train,bc543e0654988dea,583,0345e6,1e-06
12750,train,80d710eb059e1243,14550,576ca5,1e-06
8994,train,dae278ab33925ef9,11563,2e7887,1e-06
14368,train,2da323b22d278ce3,3850,d0ef52,1e-06
5469,train,83db70b2129bb649,11269,ad69cf,1e-06
10003,train,cac58159f445ea84,7532,9eed1a,1e-06
11483,train,d7816ef13204c4ef,13823,c87455,1e-06
7569,train,f7e76babafd6e46a,7349,e8c2fb,1e-06
5729,train,fcf217f0c5dbb545,4095,f128a6,1e-06
8979,train,be850f0618f77e1b,5182,91e2da,1e-06
8158,train,93ff14a44464c72e,552,8e18b5,1e-06
7254,train,5c080a97a4966668,12850,6637d7,1e-06
2180,train,e561ae75a0beeb3d,14268,4377c1,1e-06
8596,train,5730f1546ddf25bb,11239,853ece,1e-06
231,train,f5768a33413d87ed,246,04a87a,1e-06
11909,train,9a75b3dec1609e44,5635,17fa40,1e-06
10907,train,5db85c2ff553ab12,14053,0ce398,1e-06
147,train,bfb60e48d45577e8,10551,1dc737,1e-06
14124,train,853c094a6d519a44,5941,0ddff8,1e-06
6322,train,a5f4e1e38b453c0a,7956,d01876,1e-06
4929,train,0d216389603f3b4b,897,d6c4f3,1e-06
4063,train,757c7125c26227c9,334,a88d02,1e-06
8641,train,c928037fb43f1307,5460,96c469,1e-06
13808,train,5cc4a599470aa268,8715,d33cc4,1e-06
14429,train,6bc78ccba5006534,8556,43b6bf,1e-06
7761,train,b49e7101de7ca244,13248,f271f6,1e-06
8365,train,5b9feeb9b768f698,12519,25a84e,1e-06
1763,train,bf856bba52846c7e,6044,8c3210,1e-06
14305,train,8ea0f15a1dcff70b,3888,b97b4f,1e-06
6028,train,a09c9d4ccebf5233,13563,7186bb,1e-06
1495,train,69151507012faedb,14477,8b3951,1e-06
13943,train,b1880c89496ea17c,12598,332ff7,1e-06
4300,train,b3a1b0b320b2ff00,6881,8ce549,1e-06
1368,train,aa1c328e6aa01a77,6661,9bbe3c,1e-06
3917,train,aaabbb3522b97560,2456,4e1f68,1e-06
9353,train,1f49bd222dc4cca4,13805,42729d,1e-06
25,train,0f4902c59f9211b7,602,4d9f62,1e-06
1093,train,ec605a76cbff374a,8589,a28550,1e-06
10322,train,426c259f7bdf890b,5242,369101,1e-06
4796,train,82b1d9df871cbc2d,6282,173c6c,1e-06
9605,train,d84ba3bf4ed03eab,4853,d889ce,1e-06
1107,train,7e7eba7b5a2ba724,542,f53beb,1e-06
7143,train,21c8b661e029988e,5105,9bd042,1e-06
11070,train,fea472c3d1d0064d,9189,91c846,1e-06
6016,train,2df8c4b73a7965fd,9758,d620c2,1e-06
7288,train,8012dc610c5b8c62,12358,e7e303,1e-06
9115,train,c4ed2ecb34ded4fc,14341,73f46b,1e-06
8186,train,3b7830c06dce1115,12708,c9e853,1e-06
4638,train,a057927039733e41,6147,fbc22f,1e-06
14373,train,6c11dd65effb8521,14159,40d8d0,1e-06
9490,train,0ea43c3977ad8c7b,8871,3dd24f,1e-06
8561,train,87b3069197b04852,11987,323ba1,1e-06
6052,train,0e2c91d4736d3a14,11530,a30c0b,1e-06
12815,train,c21def6b1f8bcf0a,225,0fac25,1e-06
11067,train,5276c95e13e89645,2312,2dd111,1e-06
11150,train,68e00bbdecb8bf22,12400,ee206a,1e-06
4350,train,d9529e7cbaebcd44,3445,38c1e0,1e-06
3132,train,f3c5299463e6c1be,4893,d51e08,1e-06
5422,train,227a65cd9c3b6871,799,dac524,1e-06
2416,train,5febe43f7597e2f0,10348,3b3a8a,1e-06
14284,train,16d99a972e4cb81f,13665,79a641,1e-06
9979,train,77893c6cd294981d,5350,273493,1e-06
1196,train,1d20316f67443fbb,14208,ee3293,1e-06
5003,train,7bdfb6025253fb36,11151,ebd1c3,1e-06
2826,train,789c5929e04046f8,1508,f818b9,1e-06
6297,train,38c5c7fc318555ad,4592,cdde9b,1e-06
9503,train,219bd2d28cca8893,7453,ba2968,1e-06
6484,train,1fcc07f11623785e,8194,a996f8,1e-06
11180,train,13f64957fe6fa2aa,12220,aff103,1e-06
9368,train,0266085d3d8da846,1455,d38be5,1e-06
3099,train,3dbfc88dfec5bb43,2824,6dd0d2,1e-06
10357,train,427db59c3572c9e2,10109,ba2bfe,1e-06
8764,train,887a65e97332364b,12182,bd5244,1e-06
12378,train,9ea13aa7573e268c,7158,5db775,1e-06
4072,train,7e848407a7a093e8,801,2a2b05,1e-06
2510,train,5adedaf1d1d69046,9059,33ee43,1e-06
13459,train,ca34635f2ab23a96,4354,895573,1e-06
8975,train,9bcfbbf88d865ce7,2073,86bc52,1e-06
2948,train,67b13109ea535d27,12450,fc701d,1e-06
4260,train,19440b5611b864bf,2294,521c84,1e-06
11815,train,bc3f41fc47b85a06,13536,4e6fcf,1e-06
3819,train,98ee66cd1e475947,14287,11a17f,1e-06
13557,train,4b7f0a933ad8c1a4,3964,344f80,1e-06
14519,train,cb8c155937424742,13645,1d373b,1e-06
9344,train,bf38140cf7637dae,11396,fe5fc9,1e-06
172,train,33e6f6115abd5a3f,7232,6cbdfe,1e-06
2439,train,a2fb59de1f7e70cf,4572,061158,1e-06
2033,train,a35fec1d14e96ed5,2528,50ef42,1e-06
7894,train,37a60b8ea020ed06,9374,73b877,1e-06
13901,train,a603a1b68bd43c95,6064,83d881,1e-06
8025,train,06c1b815f685e4cd,11398,9f50cb,1e-06
9290,train,4ae33b200f1e84ad,12669,c10933,1e-06
10131,train,129fcbaaae287b40,9709,7f81fc,1e-06
8700,train,f47ad7af56862c3b,1984,327c89,1e-06
7692,train,d0c22d787c639383,2547,05055f,1e-06
992,train,3b8e0040f3e5d631,6354,c233e8,1e-06
5172,train,b64153545d51aa74,13869,28da2f,1e-06
8740,train,672d7008265948f1,14157,a64e4a,1e-06
4906,train,43d2763846fe7e20,14473,a5c900,1e-06
2809,train,722213a16ae8c31d,2197,f34fcf,1e-06
777,train,6871f97e9772d979,8079,e5ba7e,1e-06
14767,train,c465af0ec789eab3,10124,ea0f29,1e-06
6653,train,54ff988ea4ef4eee,13030,d8bef4,1e-06
209,train,428215b0a2bbd47c,520,c67005,1e-06
3527,train,abc7741931466727,10506,1977ea,1e-06
7039,train,320ef00e2a034230,7773,9d974d,1e-06
12794,train,41375813fcc4351c,8316,82b93d,1e-06
14223,train,5dda020464be1df4,11763,254554,1e-06
14087,train,1a748f71ee163839,1062,67cbef,1e-06
8787,train,ecddf83bcc9c5efa,4359,426a73,1e-06
8636,train,c7676c7ae5e2323f,12973,6f42ff,1e-06
10542,train,5265317696b182a4,9356,c69c7a,1e-06
3357,train,364367cdb9b6b48b,2405,8e47bc,1e-06
9014,train,c3c0f81f64ab3ca7,13152,647113,1e-06
603,train,b4a629a32a28e7f7,11754,f4a802,1e-06
6355,train,1c4f9612c4512ae6,8189,b2bde7,1e-06
9762,train,53101b36a826c2fb,305,aedd80,1e-06
5658,train,944637b5c9127c87,2672,e38b2b,1e-06
132,train,930df82ddba758b6,3741,e4026e,1e-06
11144,train,527d76a0e3c454d2,6752,04b23e,1e-06
9556,train,76bcd0a9c384d047,10393,de9c47,1e-06
5582,train,884248a7e3d9de0b,5926,b575bd,1e-06
10525,train,20d6947cb0225f24,131,f51690,1e-06
9202,train,14eda106cbaa76a2,2458,01345e,1e-06
14868,train,8a16ff7a05bb2b7e,2165,278b75,1e-06
2934,train,86a9ec0f84bd0393,6022,d94095,1e-06
14383,train,141d19e77a837f87,6328,91c30d,1e-06
7518,train,669a36a3559c76d8,644,ba76ed,1e-06
7351,train,c688eac936fdecca,4792,bc1d4c,1e-06
5350,train,0a73feed4dc023d0,9485,f5181a,1e-06
9547,train,35074ec0604ea9ed,8102,d0e9ec,1e-06
4127,train,9b4cc2fe5b25395a,9688,1aa2bd,1e-06
8504,train,985e794bd4f6392b,7783,aa5156,1e-06
0,train,0cbd7d6d33a14d47,1454,c55b97,1e-06
1503,train,0d94337da846a40a,3714,047caf,1e-06
9296,train,f0680bfa82100f5c,9649,7417f4,1e-06
8007,train,7576df1fda98367a,4695,c5cd61,1e-06
6755,train,e8563aee82cebb58,9222,76bfa3,1e-06
6910,train,4ec21ed9af47a1ad,3707,f3783a,1e-06
3992,train,2cef09e6268b14d8,7946,517291,1e-06
5448,train,851491a227678c45,9320,320bcc,1e-06
13809,train,d4a864144b7813cd,2244,74b8f1,1e-06
13517,train,4b85df91d8d7954a,12645,cc25c8,1e-06
14304,train,d00894794de783f8,8739,452e9e,1e-06
14207,train,13c9c50f84da2539,461,e09fa0,1e-06
12796,train,61e4c01c3ff7da9c,6678,809028,1e-06
13616,train,d5d77193a1bd66ca,6085,9e97aa,1e-06
1174,train,9a4b099cbe7ffa7b,4506,e7656c,1e-06
2889,train,28ae8835138be192,9685,64f1b8,1e-06
12631,train,196c5993472244f3,3199,488cc8,1e-06
13723,train,1143309be87ca271,2815,301ac3,1e-06
14468,train,2ba85703b54bed59,4750,06af57,1e-06
7536,train,8d7eec4e959e2c52,12604,aa5f9f,1e-06
1915,train,340da29fd7dfdfbb,11401,cee317,1e-06
5459,train,b0dcfbdf92b90d4c,3154,48bc56,1e-06
5071,train,db8bfa3932ef2c05,9343,2e868d,1e-06
8998,train,163c439f268f8d61,3682,13f3bf,1e-06
8217,train,ba6ddc297beadc3a,2412,42849a,1e-06
3607,train,b7d25f3a3c8fc5d5,13965,5278e8,1e-06
10947,train,dc2e574df18645fc,10018,8c3962,1e-06
3767,train,d5474b4baad2df5b,2841,b5d82b,1e-06
1228,train,1746171e5f2ba99b,2043,c4f5df,1e-06
14031,train,af8c34d3532525cb,10816,59ae2a,1e-06
2056,train,6a48391df1406b38,4248,ffd51e,1e-06
12886,train,78be2444471c08eb,11156,1b9098,1e-06
6302,train,1260a3fcf81e0d54,10520,9fe923,1e-06
9322,train,3894de83dcfc1cd3,5937,fa9854,1e-06
11100,train,e1ee507fedbb4a8a,1606,2e90af,1e-06
3242,train,c2e9245e516060b2,13481,5b855f,1e-06
2002,train,5caf782386078d14,14531,e54ba2,1e-06
1753,train,f1ea22435d312fb9,7856,120f87,1e-06
12656,train,6ffbdbebebcb0955,6914,4f1eea,1e-06
6018,train,dbc98dcedde59b54,10675,765861,1e-06
305,train,44f0c8656e19771c,470,8857cd,1e-06
10061,train,d119c2344638f2aa,2967,4b6af2,1e-06
11603,train,0adf233f7bebbe99,3863,e60995,1e-06
1195,train,7c2df5f7cef730ef,13026,5fcd75,1e-06
14590,train,52ebca6c828d7534,9734,6b97e1,1e-06
1841,train,49c28f6231bc8c5f,3776,7f39fd,1e-06
14605,train,dab215b69e6bcb8c,14492,c4af6d,1e-06
12437,train,846f31481c3b01c1,410,bc4852,1e-06
5410,train,59055a0a574af6c9,7748,d45eea,1e-06
8371,train,ecf7209add1cfc04,8503,d3f91b,1e-06
11049,train,4f1b653c2e7c4c35,6459,f309c4,1e-06
12246,train,2bd12df2e66170b7,9725,28723e,1e-06
6512,train,27bc76cb85915fea,14555,1333de,1e-06
5857,train,5e540a3d682d858c,14490,c3f47a,1e-06
10069,train,eaa93e8c848db116,3093,a647c3,1e-06
8055,train,865e029aa8770f6e,11292,664b55,1e-06
12394,train,4ad3f21fe296d5e0,11984,93aa24,1e-06
3633,train,1769fc1d75309a45,7958,590a92,1e-06
6462,train,476747bd09b9e6b0,9475,8524b6,1e-06
7632,train,b09082d37202de2b,2680,622e88,1e-06
12665,train,0238e875a086f3f1,5728,e7440b,1e-06
5059,train,e8aa83157de26876,4161,6f6623,1e-06
7042,train,b766957a254017b1,6205,b0fea4,1e-06
10909,train,bf44d7b94c9645ab,8248,c4d7bd,1e-06
8142,train,a936eaaf334043eb,12296,0cc8d4,1e-06
390,train,5bf92fcba409cf0a,8645,0886cc,1e-06
9834,train,e9c016a4b347922c,5331,ebd65e,1e-06
13957,train,9e26c815ccfae130,6385,964dd5,1e-06
12533,train,ede68bacfbf03a1a,3167,b7e645,1e-06
10836,train,e1ce32727bc674df,3504,378b9e,1e-06
4493,train,fb8efdbb928c66f1,1419,ce4b06,1e-06
8705,train,f2b2633fb01f6d90,6045,9d71ac,1e-06
7946,train,126f31e1113b403b,4493,77703c,1e-06
9945,train,709a8845451c864c,12651,56a25f,1e-06
11912,train,20015a5cfdc2a6b1,4926,982c7a,1e-06
5288,train,ef8332e03c70f075,10371,0f8124,1e-06
846,train,1c0256c592c4d622,6976,a6fa3f,1e-06
1835,train,39ff59abda18709e,13990,667ca0,1e-06
1644,train,e8f69b7871f00856,11452,004aeb,1e-06
10445,train,1c8c72360087c723,2035,8f7486,1e-06
12012,train,084c58127a33c6ba,12321,90433b,1e-06
3356,train,c26a5df86840d25e,7410,410965,1e-06
9806,train,23a5d3412ff909a1,7756,b201ce,1e-06
10079,train,266e2aa96064a0bb,8065,d9fc0c,1e-06
14152,train,c51395787942a59b,11074,43e052,1e-06
3957,train,74f6bdc69547b3db,5523,10f5e3,1e-06
8353,train,351f194b20e1bc5f,170,d35a3b,1e-06
10954,train,04fa6a7435dfd2f1,9514,c547a7,1e-06
1332,train,b46526b2d2f64d55,13007,67dd07,1e-06
10098,train,94f246ac9555cb7a,8122,2a1d19,1e-06
5127,train,da4e725b42318b0a,4331,54d398,1e-06
11057,train,c7789c601174727b,11527,7249ba,1e-06
7260,train,b5df3a00e43186f7,13170,568388,1e-06
11474,train,ef439fdef5cb9179,12689,293964,1e-06
1063,train,4950bc8217f1b245,3744,a3d4b8,1e-06
9763,train,293f0eae54138c54,2862,f4d616,1e-06
4296,train,2b1f35b315510e07,8927,fee662,1e-06
14232,train,1753d133c7127c61,2836,1310d9,1e-06
5175,train,d256c6572aef1b8a,4308,03f0e1,1e-06
10786,train,b52fe159414312e6,8406,874bad,1e-06
3827,train,d9d55be8a0dd2280,11789,fad246,1e-06
2981,train,d21a9aa02ae96f4d,7154,b01257,1e-06
6820,train,3d2343546a5d887b,8767,0095bf,1e-06
3276,train,4075f7314107987b,9593,e8aa44,1e-06
2785,train,2c9a6be9a74cd054,12128,3bff2a,1e-06
11705,train,ad617c094b3db442,8025,51b8de,1e-06
6918,train,082bf739a35fcb62,13264,5c4584,1e-06
5485,train,8f7dec4b2c5a265b,7632,2c1955,1e-06
14266,train,99efc36b61ea721f,4101,d36d38,1e-06
9400,train,feeef7a6b88e959d,1716,64dc73,1e-06
9456,train,2a4057a9018ef45b,1465,13f083,1e-06
2702,train,a1b8fd0e9e152ddf,6188,771a10,1e-06
13347,train,6d4e413e7e23d82c,8976,a26df1,1e-06
12441,train,0e7f01b1259a9083,6611,b8f3bb,1e-06
6969,train,f9da21dd70393528,7270,87ea1b,1e-06
12300,train,7771f100c840ea07,11413,37eff2,1e-06
837,train,96a7b95bf775d1f2,1401,d98576,1e-06
1872,train,bb09d7ff9352fa04,11882,070223,1e-06
10500,train,392d57b5b1fa8445,7334,ad432c,1e-06
8635,train,5265efbba9aff1cd,96,f1aaa7,1e-06
7414,train,113cf1722f634dd9,2206,af72d7,1e-06
12993,train,8bd6e3a07f869dbb,13308,eebb50,1e-06
237,train,4fefc97e8861201a,13463,12ddaa,1e-06
5996,train,aedf936db9bd9f98,13725,21e556,1e-06
13060,train,151f3784e836d57a,3442,4b0e9e,1e-06
14318,train,ef37c82eb92e29cd,2592,d79ed9,1e-06
5863,train,8386ab8361e12ebe,9527,7a520b,1e-06
11009,train,16e9dfdfecb5617a,4175,536a43,1e-06
6108,train,9beace061b4c06b5,10472,0cde2e,1e-06
2412,train,54b75c9a170aff64,10537,73f752,1e-06
3076,train,475d2eb948c51dcf,4451,c2dd8d,1e-06
2680,train,6a9a370ff7d219fe,11313,aeccb3,1e-06
5325,train,6a9d4e2818ffb4b8,8627,eb289b,1e-06
14077,train,c05ce02319869829,11832,d6222e,1e-06
1631,train,b9846e9f215925cc,2983,9ba09a,1e-06
8654,train,1399a4647b648c6f,12308,5578e7,1e-06
8067,train,d681eda3efb50b72,7002,9081f0,1e-06
9930,train,a9af4bad3a06ea65,9016,688c61,1e-06
8737,train,910b64b7df0f111b,5212,f901d5,1e-06
11044,train,69e5150a7a2c0eec,1721,6071bd,1e-06
14840,train,c0aebad1bf08b2fc,11865,9fd981,1e-06
5945,train,4ee7870cea4c9713,8032,86ee22,1e-06
10965,train,9bcc665fc641c4c8,2250,36a58b,1e-06
10052,train,ee1b4b4437515e56,4081,913c21,1e-06
2818,train,54c7aacb687516da,9079,c16cf0,1e-06
4927,train,b204293c4c3c6b62,12539,d3ee60,1e-06
10606,train,6fedc64f65bba7b2,3459,1bc7df,1e-06
11602,train,1558ed7587b321c5,8034,90650b,1e-06
7216,train,c682bdf3f0da3d1b,5592,da0151,1e-06
7041,train,a211e44b889dab2e,2895,1c06ae,1e-06
1596,train,460b152f0dc5b778,6127,542bdf,1e-06
14576,train,60c1f9465cd3a40e,13332,2b129d,1e-06
14146,train,e8d1e2d5d965ba0c,1143,256e1d,1e-06
11340,train,d03942c2a0c1b816,12825,c24c2c,1e-06
5794,train,d7a9ad41b247432a,135,af16bb,1e-06
8777,train,ca74f68245a92341,1724,fcd9d9,1e-06
8305,train,73b4d71d0dd663ce,7411,098f3c,1e-06
4575,train,3e4f91148a1ea2e6,119,4ab076,1e-06
10683,train,3b27129f19ef3a28,8050,65fc26,1e-06
4783,train,caf976fe755f6977,12804,a6f8a9,1e-06
12101,train,6a0119ca17bd9e4d,9757,941fda,1e-06
8347,train,fb809025e62c26c8,13334,40469e,1e-06
14227,train,64ff48794a9d1467,9748,c800df,1e-06
1267,train,e3c67d89a80477ae,7590,a02d3b,1e-06
5649,train,1b9525f944c1456a,9439,2d421f,1e-06
963,train,0994943ab68907ff,12662,c2b46e,1e-06
7335,train,9c3d6b03ee7bb765,14099,a2e552,1e-06
8000,train,87065867a7248d5f,11711,1869ed,1e-06
5552,train,e31dc5268ad2c373,6126,acc2f3,1e-06
1942,train,422f5cb09c15abe5,588,d6bd46,1e-06
3703,train,4c7c458bf4495c35,7299,9217f0,1e-06
6406,train,c2086113e426026f,12330,b572d6,1e-06
8148,train,f1ad7b1446cbfa31,6941,b01b7c,1e-06
5935,train,e7b6171d31e55d2a,13228,c5079b,1e-06
5557,train,d5e7e9dbe9f32df6,5200,050ecc,1e-06
5703,train,19ce3ff3f3c82856,3114,a064da,1e-06
3168,train,feeec2c65af950ee,8384,0faeb3,1e-06
3988,train,e4516d7d24dfd370,9622,f26dc6,1e-06
4272,train,2e430df06a271a8c,10456,14e6ab,1e-06
14809,train,434e224f3348c01a,5294,7f9798,1e-06
11653,train,7fea1ab682d4173f,2827,38959b,1e-06
6853,train,f58afee560b0fd17,12800,5e9b3c,1e-06
1573,train,445938321035e106,4949,caad75,1e-06
7014,train,2770f3aa2484ffba,158,375a06,1e-06
9696,train,8f7a72e483b86c00,2064,436eff,1e-06
11539,train,11fdd69cf593e590,14318,f4a26f,1e-06
11992,train,21bb95c577dceb95,5467,3ab8d9,1e-06
9678,train,18140ece63e57121,7292,90d7ee,1e-06
5867,train,7957b8ae7ea06fc7,1281,422c7d,1e-06
3056,train,2cce3208139e2868,8191,a9ac0e,1e-06
1264,train,b61862f6d60f8935,2303,2d77f0,1e-06
12021,train,fe4f9ffa55888dd8,4706,83e1b8,1e-06
8580,train,813c8faf602fb539,575,7755b9,1e-06
3888,train,aa278079a03a9052,11300,d3fc10,1e-06
6734,train,68c95c000797d5fd,12740,8a706b,1e-06
2290,train,6776433ddeca375a,6437,92597f,1e-06
14920,train,a00510d9e9dd8de9,824,65b60d,1e-06
14426,train,bf82f68ab4add7ff,11022,0ea4f6,1e-06
9730,train,09984a9ea97a0858,8330,4dd499,1e-06
1764,train,4b549cd4c2bca1ef,2974,d5c9dd,1e-06
2946,train,cebf03e9793a9ea7,2752,1e8845,1e-06
12608,train,5c3bedd0a7c008e3,11050,7ad921,1e-06
979,train,f0de47a7991ed76c,12666,63e19b,1e-06
12290,train,592fd346fe561c9c,12751,3c6aef,1e-06
13069,train,0b1c77a52ba67108,2698,3b793f,1e-06
7851,train,1012f25a698e0022,9417,107f25,1e-06
5607,train,708f137cb7abb78e,1862,1976b6,1e-06
5230,train,beab598a67ad57d9,11425,11f6b4,1e-06
169,train,6ef8bb2a7345e067,12452,e88b96,1e-06
8449,train,5d63555ca456336c,12507,9f4fc2,1e-06
1526,train,0ce52364204e30b4,3732,7ea717,1e-06
52,train,5e62fd815f1c64b9,13190,5a0cce,1e-06
6200,train,3e0281101b3695e0,12251,fa0914,1e-06
8971,train,5c233f78c2e3a020,1305,9d4c4e,1e-06
1227,train,991170cdb400518f,911,fc3fb4,1e-06
13743,train,439a78bf5d045225,13470,183fa7,1e-06
5408,train,eda64bff4393b3be,10273,adfce4,1e-06
7633,train,1384f20644bd48f3,4286,f39d6e,1e-06
9433,train,c7673bf90997816c,13396,7faa39,1e-06
11464,train,70d3073844992c7a,2178,a76c6d,1e-06
5366,train,26cb57b950c7dfe2,2191,bb6f81,1e-06
3306,train,7b38a053c997ebc8,14231,5a18f6,1e-06
10930,train,55bbfc862cd9e6c5,9804,6d1998,1e-06
8027,train,dcd98e3238cc96ae,68,e0e462,1e-06
8949,train,c7c2ad71fdf57dd8,11509,4643b2,1e-06
7896,train,fe6fd29d9e407c1c,6227,83eedb,1e-06
10312,train,e6450188ff1ad0d1,13483,68a728,1e-06
9789,train,0e6c7c56954cefa7,6468,ff7c56,1e-06
6660,train,361bfb73650b78ae,12349,efd993,1e-06
9000,train,27bc5e02c4a0027b,6921,c94f5b,1e-06
14297,train,6316f5b0627bb1d3,14079,c0f0b0,1e-06
9865,train,25406f885b52d259,5764,18f5c6,1e-06
2825,train,dc7b7b303c2dbeeb,5555,f97745,1e-06
11499,train,c6cccc213b08c818,8284,5714f9,1e-06
7999,train,5f30293d43a2b94b,3032,1d8be1,1e-06
14911,train,fffa10274ddaf0dd,12567,c7f464,1e-06
8494,train,9766e6d1e66757bb,7049,f740b7,1e-06
5465,train,d979a49b1d7fd4a0,10254,6d99c5,1e-06
7925,train,78b38d74df7d0273,9191,3e0992,1e-06
5038,train,daa6b75783757c50,8632,23e86c,1e-06
12260,train,d06c954d2096ee50,12976,5fbdd7,1e-06
657,train,81c1bc82da1fb5ad,2287,788be1,1e-06
7067,train,96d30ee9c18af275,1151,4a4f5a,1e-06
2629,train,2be83ca2f7e09468,9647,3ef7e2,1e-06
6646,train,f9abe8f66d59d02a,9520,8067fa,1e-06
4270,train,5b8cb4f8010e7817,6220,6254ce,1e-06
11872,train,d4ad811c1b44c990,8623,5ff86c,1e-06
8082,train,439af6b0769c5463,286,a509d4,1e-06
8481,train,cec07b0345c9ebb7,1667,615f18,1e-06
9327,train,07f194adccdd74ec,5298,c35466,1e-06
4707,train,b7bf88faa472652e,1408,bdf583,1e-06
10090,train,0042c0602205bfaf,6825,344c4f,1e-06
5259,train,3b867085ee2dbdb8,5020,5b6bf0,1e-06
9694,train,76d8c3b24463a914,11560,5a5dc1,1e-06
462,train,8876fea1aec2c2e0,8816,25322d,1e-06
2072,train,9b4b47f11fc3aa9d,9346,29b012,1e-06
10310,train,6a6c9a0f6b5c7977,13890,0b4a56,1e-06
12787,train,cd412221d635a237,10542,3b4684,1e-06
10060,train,f32115bcd95e5234,3470,b7f4b9,1e-06
14842,train,1542e64ea6a5a056,5518,76e6a4,1e-06
7940,train,e5bcbfb185008110,13089,bfbe44,1e-06
681,train,e58a59669b2f7a6b,8873,b3c1c4,1e-06
5117,train,e30a4fc628557cfc,6855,04a763,1e-06
713,train,70c68371d1fa9391,5878,f9151b,1e-06
1194,train,9438dc9f3905f620,8121,6023cd,1e-06
1813,train,31b26518e24e9eb8,8771,5d71ec,1e-06
13075,train,7b6f97d55a518eed,11689,48bb8d,1e-06
10813,train,85511e36e978451d,7966,17b9f5,1e-06
113,train,c2d36c85938c69d1,13043,a0f3ba,1e-06
55,train,a082a9ef9d997efa,12438,29e262,1e-06
14391,train,70897bf8d1a26e05,12232,b67e9d,1e-06
8500,train,3f37e3a6a254879e,6488,0f674c,1e-06
9293,train,606b16c7fc37f585,4123,17d3d9,1e-06
3844,train,2f3587ebc1667c6f,7913,d3d995,1e-06
1445,train,e2c1ed5243bdc5e8,9366,5e761f,1e-06
3269,train,3c8f6f071923391c,7472,8b10f1,1e-06
2935,train,ef4369d4583b10ad,14364,fabe64,1e-06
6404,train,768c79f15c48cc2c,4725,4d2923,1e-06
7892,train,795e03a828ceaf23,10691,1fbf14,1e-06
10416,train,9d7540b3d22485d1,8213,c8e2e0,1e-06
1314,train,5ce947292095d82f,731,ee3c5a,1e-06
8789,train,3a66d30e4f728439,9568,685dbf,1e-06
11253,train,a08612090a173429,12574,c627ce,1e-06
9718,train,5bca4eae12268e67,8949,d1c147,1e-06
795,train,4eee6b4dfc63e245,12484,0c9874,1e-06
9365,train,ebec2744777479e7,9799,cf90e7,1e-06
3721,train,5ab4118c73a95916,5519,41ea03,1e-06
8871,train,517d38caddb53ca9,2166,634d54,1e-06
5736,train,133dbcba0457e33f,4363,fa0045,1e-06
9944,train,0c7b8c906eaad95c,14381,bb8f6e,1e-06
3712,train,9367619beec6c4f3,9409,dac8d4,1e-06
4009,train,620de76476defa04,13338,f85342,1e-06
5074,train,fbb0a9926f202e3c,7042,9344b7,1e-06
7594,train,9ebf6110511159a8,10771,8c7ad2,1e-06
14438,train,8875e70cccf42ca0,11729,c63bfe,1e-06
8732,train,b9bc68478a66b31a,6705,ab6491,1e-06
5642,train,a96ba5271b4fa1a0,8469,fc984a,1e-06
14114,train,5c20b0df6246c005,13455,ad1aa2,1e-06
5294,train,c8c71fdc2a648107,3646,cbc2f3,1e-06
13197,train,576555ebfb56a38d,14384,905a3c,1e-06
10687,train,0e765014190bf18b,1449,196f04,1e-06
10549,train,c1670170d676122b,1709,9e7284,1e-06
8489,train,d8b2321f8c212a07,1926,f4f511,1e-06
1215,train,a6493a06b0785769,314,78d7ed,1e-06
10779,train,a800297f70106c0d,1804,cf5be3,1e-06
3997,train,a768412b28c6ed43,3260,26bbc6,1e-06
9996,train,06ef69f81350793c,1655,0a3a8d,1e-06
5628,train,18b1512b3a0bbfef,9034,ecbf44,1e-06
12016,train,49b954386c05ebff,5691,1e08ee,1e-06
10232,train,22733ee525cdafcf,11212,ee9ed5,1e-06
10428,train,0c8d31211495710e,2670,b7160a,1e-06
12839,train,d989ae5c11c90225,8961,bc9e28,1e-06
14873,train,c333a8c1bd50ef32,3394,d8a1f8,1e-06
4888,train,baa194db305a009f,8662,c4f749,1e-06
6796,train,2ef610a913fc0f66,12304,18000e,1e-06
63,train,7139648d4d5319c3,13061,b630dd,1e-06
3670,train,1efe9e10d789806c,12650,ec06ea,1e-06
2578,train,789d5ea0d845a58e,9081,b3a7c8,1e-06
14377,train,cb5441010f5a6c9a,4965,59bfef,1e-06
9985,train,057bf375132f30c0,3450,e75542,1e-06
1529,train,dccc61b51ccbedf3,742,e5459d,1e-06
2540,train,88b0f0a9cae25de6,952,42c7e5,1e-06
11193,train,0a816974f073ad4d,11720,46679d,1e-06
7505,train,2f840710849532a7,7039,573857,1e-06
7921,train,9122d3bd3d3e2d67,12003,5e35ec,1e-06
3121,train,6d9d006eb8ab74b1,5277,8afdb9,1e-06
10013,train,5a446f31af49cf93,8442,f3018f,1e-06
14101,train,64bb784fee61493e,5657,b2a42a,1e-06
8606,train,5cc5bb586985ca95,3764,ba5baf,1e-06
8798,train,2147785695689573,2676,c581f4,1e-06
6988,train,b2639422da429299,8631,ad9247,1e-06
10844,train,3f84fa6370e952bd,14139,a3fd21,1e-06
3021,train,eb732b03e3f40ad8,14076,33f861,1e-06
1691,train,046dd02e9567fe51,10741,ef4caf,1e-06
803,train,b6cc8ce133435014,6430,301c07,1e-06
153,train,ec306a3aab252b74,11834,4b5347,1e-06
9999,train,5b250636d711120a,421,1a1b9f,1e-06
9072,train,d52847de5c2d566b,7358,0e9163,1e-06
8778,train,2fe45536f0b1f71f,2643,53a7eb,1e-06
8566,train,3858685d43c5bd27,2601,9ea063,1e-06
6938,train,1cc87e41c8178d37,13963,6b60fc,1e-06
13350,train,07e56becc9499746,8287,076b75,1e-06
10879,train,37c6a67ecbdfbef5,8411,d29657,1e-06
6949,train,6512c16fdcdb91c2,333,a41e74,1e-06
5157,train,23b4a13f33a7db8a,100,783055,1e-06
9204,train,ffa5bc27a6d1748b,9384,a3515e,1e-06
2550,train,5510cda40a44c173,6581,3a7ae1,1e-06
11190,train,e76c1addf1d8a16d,4868,dcb437,1e-06
11528,train,a5f91867b1962f75,11675,a00220,1e-06
7310,train,a221ffe426162532,344,eb1960,1e-06
6679,train,7b46e92e948aa586,8576,61883e,1e-06
10231,train,f21aa0669b45ed4f,9747,bfb4df,1e-06
12471,train,736418d1abc08d07,9990,83ff58,1e-06
12232,train,41f5795b71be2db9,10521,f9a4bd,1e-06
5264,train,5eb0bc0a358ae68f,14008,595731,1e-06
10389,train,1bdbeddb4019f84d,12985,003409,1e-06
143,train,0e088356607061d6,1414,63f321,1e-06
807,train,a1ccafc9c72924ff,11131,4bf613,1e-06
12346,train,441f3c048513b287,4450,d3d589,1e-06
464,train,e33537dd15b37134,4877,db2f02,1e-06
14325,train,7643ea5f133073d2,797,e27d04,1e-06
12354,train,5d2fa5aa153252f4,656,6e064a,1e-06
484,train,f78e6c4f74f90893,694,ad3db4,1e-06
2493,train,e7222951c4647066,2032,720eab,1e-06
6867,train,a892d6a930423e5b,8254,dcc151,1e-06
7283,train,efd314fcb9719c8e,7948,4f35a3,1e-06
1111,train,601466822f47f023,1970,e4263b,1e-06
7735,train,655dc50f4d93bed2,4916,494cfe,1e-06
12274,train,f9b65f05e3746a16,11369,0efca8,1e-06
6857,train,727b1f77d6effe30,13289,9bccc2,1e-06
10235,train,6b88a7b75bea21da,6544,3277c2,1e-06
5007,train,499d1108c41251d6,7124,d84959,1e-06
11470,train,1bd2c1f99f4894be,10958,205b0b,1e-06
8812,train,40f5c31582b32800,341,fd2c43,1e-06
10331,train,c4e70a31dcecc434,11700,3c893c,1e-06
2525,train,4d2a6f07a8a155b6,3255,225f23,1e-06
10039,train,c156240cd0d1e86f,2358,cdce02,1e-06
3365,train,e179ee11c88098ae,253,ee7b81,1e-06
7937,train,848fe0f5f1c23cae,9989,d7faca,1e-06
13222,train,000895082d7ad1ae,13464,dc0ee6,1e-06
14553,train,bca1c97ec51fcc86,2797,77c30c,1e-06
786,train,93e940f9b48653b6,1000,d92510,1e-06
10160,train,eaa2e8994580c685,13923,a132e9,1e-06
6743,train,438f7ab0a9339ba3,13254,450bab,1e-06
5527,train,5f45c790a7e9857a,10716,8ea11b,1e-06
14380,train,b9a1c017924cf104,7096,6bdf23,1e-06
8427,train,33f7a839a231b7ca,7240,832842,1e-06
4,train,774ae27154ab1920,8224,0fb283,1e-06
8782,train,b31023f1f3177c18,1727,3b3d68,1e-06
11866,train,ad259670652dc25f,8642,782b82,1e-06
4639,train,b26d57466fa0c49a,3172,845174,1e-06
9570,train,82ca6c059239a34d,12988,67313e,1e-06
10446,train,9065b1d023c72aba,2522,6babef,1e-06
843,train,7ec8f5fd1e5fc9a0,621,bc6cf1,1e-06
7445,train,ed8f7e9fd8599745,4800,d9880f,1e-06
721,train,6b5b442448647198,6484,aa8ae5,1e-06
11152,train,7a3fff906849af3a,375,9f4952,1e-06
2595,train,f0e6dc03232ee04e,3592,ad451e,1e-06
62,train,e768ab9e49c36e4d,11226,0cb08d,1e-06
7301,train,d044ff94318b59da,5099,bd20c0,1e-06
5263,train,16d78b86144664f8,3353,9fc918,1e-06
12741,train,2c062d9f732fbabd,14169,84da18,1e-06
10564,train,e509c512d7939300,7072,4af04a,1e-06
4364,train,b79f92ced26c4f01,12960,c9c2b5,1e-06
8932,train,8c281f4271643d45,9181,ab389d,1e-06
12919,train,13a0e2caff955ef2,3373,9335c0,1e-06
4947,train,12b8b7d4026bd7c1,4268,615ecd,1e-06
9803,train,5091657a406ef2aa,3195,fbd348,1e-06
10486,train,c1d3ba3126e25ec9,730,0c3d1c,1e-06
12278,train,d8a1da7a5de2d1b9,8803,2d31fe,1e-06
2008,train,751e3021646fa06e,10403,6719c2,1e-06
7235,train,b9c249cf56c57703,5261,4d790f,1e-06
3339,train,7418da1d745b7bc9,7905,eed90e,1e-06
7429,train,87c4f76f882b0a37,12624,c4d1f5,1e-06
711,train,48bd17378f22dac3,14221,1f30e5,1e-06
10670,train,7a3aa53e1d92f1ce,6713,87681a,1e-06
2960,train,58316779698bcd6a,7697,a230e2,1e-06
2570,train,0f17dda11f0e8316,13364,eebd62,1e-06
7109,train,a3a2695270ee7428,6756,fadf3f,1e-06
14287,train,f774b4ede2ee793a,10177,07ff9c,1e-06
12713,train,67b707b86081ba35,11688,5fe4d0,1e-06
1316,train,496ac1a7b8e4da6f,6594,5adab1,1e-06
4058,train,3aedf7f46bd7a1ee,3613,c8db50,1e-06
12335,train,21a62bf493325ff9,14517,0e8694,1e-06
6337,train,3f8ef7df7949de92,5762,af0ddc,1e-06
4162,train,fcd6984efff5b493,2357,0daad8,1e-06
10938,train,aee4ebfae495dfde,12467,433c3a,1e-06
7203,train,253575eaf17e6a87,9066,5ec87d,1e-06
4554,train,b95a36267bfc2774,9897,1a60fa,1e-06
937,train,321229868e41e020,5462,186385,1e-06
6603,train,f9a840fff1af3505,945,e84c2c,1e-06
13049,train,5b59a3ad34ddbf97,8341,03aadf,1e-06
14234,train,b88627d82b1957f0,2892,a4726a,1e-06
7211,train,a5c3472a6e224a92,13784,861d54,1e-06
1271,train,55481e07f48ad680,148,bc86c6,1e-06
5546,train,14a7eded69408e9f,11801,79ffca,1e-06
2494,train,b735f8cd7b3652da,11152,b8cc8c,1e-06
10222,train,41f4c9a751786362,13908,a3dafd,1e-06
2973,train,68d06d5bde8991da,2156,2ff6f4,1e-06
6975,train,d54eb2b36e3734a6,10585,e12911,1e-06
14395,train,5fcab393924485de,3331,45b614,1e-06
11806,train,6733c82adff8ee87,12938,a1be24,1e-06
14509,train,62831aefe1b9b473,13949,968cab,1e-06
12620,train,79a7c0453fce58a3,4701,1a52f2,1e-06
9880,train,0461e3e517140569,7336,7f6e33,1e-06
3505,train,08f8f82b9ea69d03,9467,014022,1e-06
5624,train,99ecb0aec70c5afc,12153,9a59d6,1e-06
7083,train,a423129b8c056c0c,5043,ddffa7,1e-06
5973,train,dec037e7618087bd,13054,9c3620,1e-06
5349,train,1f559926d27b5893,4265,6f2739,1e-06
8141,train,1f835fd819f352d8,3171,a14740,1e-06
5054,train,b3137872ff2ce1e5,4733,163a76,1e-06
8503,train,a849942f79ec3b84,8639,a9aa3c,1e-06
346,train,d9036fa3a098e0a5,5215,78765b,1e-06
10775,train,8da4f07cacd256a7,1834,0023fe,1e-06
2247,train,cff6e4c0ecb5d387,13517,fadac2,1e-06
4075,train,4b15e9726f84df38,12675,340da6,1e-06
1820,train,74aa5199c5b18ba3,8982,6fdf8d,1e-06
1824,train,599fc39b5f26d51a,3440,bef3df,1e-06
7720,train,1cb77e8b6e42bf32,11208,eb5d74,1e-06
8029,train,1486396ea037bfc3,11824,36d767,1e-06
3601,train,dabc3b1cac965eb3,13927,651059,1e-06
9752,train,9f208093b1b8c48c,988,0ee77a,1e-06
8251,train,03cee2610e6d7c52,8584,5bb193,1e-06
14575,train,e6f66c77b221e84c,12357,ee511d,1e-06
7666,train,f921c2035ad156ff,4951,d4e02a,1e-06
13269,train,5d190faea14c70fa,9518,877267,1e-06
3069,train,29fd62ca4d4294f4,12901,1b2a83,1e-06
14843,train,1820c634e0c827c2,5679,f0a098,1e-06
12265,train,b35bc8d27b1a6834,5923,45d90a,1e-06
3628,train,5ebb5535d511b0b2,2006,892a78,1e-06
6789,train,e99c9a2666093a28,1880,b0f272,1e-06
6728,train,e60a7f4e6b853162,9511,9afe57,1e-06
7668,train,ce19470010f55700,11318,deb13c,1e-06
680,train,7995200ffc0fcfd6,10725,fb2cc6,1e-06
3075,train,38f57717900dcd80,14343,3985dc,1e-06
1522,train,75efd030ef3b6c27,12694,43359d,1e-06
6527,train,64e10f0096f82ea7,1394,a87034,1e-06
9009,train,ed7f8e1c5fa7dbcf,3321,61703f,1e-06
3270,train,1461f5d63936dc97,3700,0f7465,1e-06
9513,train,734b4a93a8f5189c,3954,365834,1e-06
4401,train,d6a82711fe3e0bef,13591,1cc423,1e-06
7163,train,9b0144acaa3bc3c7,11532,c92fe9,1e-06
5958,train,6773fb3ce69764b8,9284,83dcef,1e-06
6046,train,380de10fd835ca80,10796,a35bc0,1e-06
8046,train,be16e88aa432ec05,10812,d08647,1e-06
524,train,2b53c426dcf6fcb6,2340,c5ed5a,1e-06
8509,train,2822658914d96d82,7874,9f5415,1e-06
5873,train,00cd695f9cc222f9,6438,ab9000,1e-06
1088,train,a3e885753a5ccb2b,1435,9189af,1e-06
9734,train,7c95e951563c6dea,13652,43847d,1e-06
5455,train,b50e767830b9af99,436,d2160a,1e-06
3663,train,53d4c8862b832ed3,6238,fe517f,1e-06
3448,train,ce1f60167d3b655a,5774,f7e188,1e-06
8746,train,c623b501bce45019,12627,9e34f5,1e-06
11375,train,5414cca5c7846e8f,14195,0679e2,1e-06
14680,train,21b9e08c835f2fa2,6101,56a5bd,1e-06
8772,train,9f12869f4c9ecec8,12205,ca0b5b,1e-06
884,train,6d66a4e63911d184,12185,437e66,1e-06
4972,train,1354be36b1618835,1203,62d7ec,1e-06
12178,train,bdd39882f832e277,13148,79b063,1e-06
3560,train,c3cd05f2090dd6b4,14146,2ad297,1e-06
1861,train,3f405c794ba3ae8f,9548,333f57,1e-06
6964,train,df479cc9f1b3fd6a,5400,e7cbff,1e-06
11505,train,02db26269b6aa5aa,3384,171df8,1e-06
9298,train,db80da6140cce17a,5302,a92d36,1e-06
4877,train,e54b8611014da519,1869,fe0e4f,1e-06
761,train,8106ac9022212c4e,5516,7df302,1e-06
1001,train,1a15d899cc394dab,1754,737eee,1e-06
7411,train,309bddee1fabaf3f,9390,fbd29d,1e-06
13587,train,ed610ec8ca6c0f7f,13521,154fce,1e-06
1303,train,00a2c2027f2f0064,4375,1051d7,1e-06
4118,train,61a663278ebcf294,12331,0e2647,1e-06
11028,train,1d8904b0a04b6bfd,13354,8749cd,1e-06
11306,train,656bf22484910846,3449,1b920e,1e-06
10124,train,23061175a1798d26,11929,c6e074,1e-06
3660,train,23b030e71043193a,1307,adb434,1e-06
14396,train,86f5e65fd6bb6b1e,12530,7f6961,1e-06
14081,train,af415ae127c9c3a9,5929,b5d4fd,1e-06
9227,train,1fc6866fdbfdd255,12235,7b8e0d,1e-06
181,train,2b7cd2e05524a451,13870,f269ad,1e-06
10968,train,00ab8b300698e7ea,12462,fc55de,1e-06
5537,train,5c6dfe9e1a3a130c,4171,6fc0fe,1e-06
3412,train,c18b4def30d8a2d9,4910,354db7,1e-06
11490,train,d720bc23d7a42443,11064,e0d90c,1e-06
7068,train,a8ba00eb2a719d17,5992,8f2a90,1e-06
12171,train,a21df6c6b76a672d,2174,86e2b2,1e-06
10520,train,00e82b776c848c08,4912,98228a,1e-06
10294,train,ba6c9e4f43c793de,9489,9d6707,1e-06
11784,train,eabdcfe2a949e501,4527,7724ce,1e-06
2282,train,5d5ffbf2f487fd0f,6557,747825,1e-06
5716,train,a0d54d64cda00d24,11517,c0f03c,1e-06
9210,train,3a4ee621e3e13e4a,2449,36372a,1e-06
10474,train,1b64f37e141c22b5,11857,e74be1,1e-06
5724,train,7e19dd34d5b75e8b,10235,890905,1e-06
11890,train,a26682ec478c8d93,1903,89111d,1e-06
13216,train,4332d3e3d1a4b76e,446,07fa97,1e-06
12264,train,3b116ba2b7bdadac,1947,d65c40,1e-06
1140,train,ffe7f42d2ab1b735,7763,610906,1e-06
13063,train,d01490e4dc7928f0,6195,452d9b,1e-06
12946,train,839d688e5f2d1193,9087,8c8a98,1e-06
13554,train,df0b3ddb66282c9a,5754,5bc703,1e-06
10320,train,d258bf6c7e0e932a,7077,fe1a31,1e-06
8773,train,9bb00c268de80907,8534,842a57,1e-06
11697,train,18e1ca8b3495ba7c,4188,5b1932,1e-06
10792,train,3875186e1e507888,5616,1897e2,1e-06
13122,train,c4b230043d863648,8464,1a9ef5,1e-06
11289,train,3eba7be156033530,3900,0c582c,1e-06
12645,train,8c630ced02375ed1,5042,dae746,1e-06
3255,train,78c96632eb329bde,11012,3a3fd6,1e-06
13774,train,992a2986a654ecf1,10327,c32c06,1e-06
883,train,6fe8948bbd211acf,3943,9eb847,1e-06
5281,train,a9af9648eb24217c,6453,8893c2,1e-06
5548,train,e39237dfd1526484,2717,4787ea,1e-06
5274,train,a3aa6e8f3d3b51c5,5329,2b0104,1e-06
4655,train,a73cf7ff4102f7e0,9947,cf59d7,1e-06
1072,train,58ebd68e9e88ee14,9256,5127b6,1e-06
9544,train,54a1a9909352b00c,9455,eed4fb,1e-06
13862,train,024677e765d19832,8646,f380f1,1e-06
7956,train,1b1088e81aa24c93,9355,f5a23d,1e-06
14067,train,cf72bdc78ad12bc0,13738,65e93d,1e-06
13588,train,24684c4b02c7a519,4976,e5f778,1e-06
13092,train,e2294cc987efda0e,6337,733a73,1e-06
2405,train,61000a89383850b7,8726,79a3c6,1e-06
6753,train,1a6e809bcbe26d0e,5363,5d52ad,1e-06
842,train,232767b3154d9754,11749,3e2257,1e-06
10854,train,eb6f9766467663e9,2296,85697a,1e-06
10680,train,449aa917eb758ef6,412,8e48a5,1e-06
7832,train,e7bfa916c643e716,6548,300374,1e-06
7197,train,3804ce04a280d79c,4437,a59929,1e-06
2855,train,89bf5716e83c88b9,10081,875414,1e-06
2929,train,39618fb8799861e4,1384,6eea35,1e-06
4582,train,419447303d43bfa9,3811,b85277,1e-06
8951,train,65b65c4d086ed7b0,7329,66a64f,1e-06
1253,train,272776ba6c1fec02,866,ef2453,1e-06
14374,train,dbfa62ba44251a68,7886,32e5d6,1e-06
10317,train,304dfbda10e9860d,7117,48ca0c,1e-06
805,train,300a42b2128c80a6,9716,9afd6e,1e-06
2667,train,7b8c7e00ac97e9fd,118,a8a1ac,1e-06
3502,train,4982e18a5a016005,8474,27f2c0,1e-06
3082,train,692dcd095558c5ec,13780,b7d817,1e-06
2107,train,648ae93691cbe911,8362,822102,1e-06
3638,train,b5b397a12284398d,1277,9b7cf7,1e-06
4324,train,ffcf6f86b92e52d0,12071,824360,1e-06
10845,train,c7992d64a7a38584,10562,99562d,1e-06
427,train,673e4db20fe75ce4,7403,78a59f,1e-06
6552,train,e9d61acee4438909,2415,2c59e5,1e-06
5420,train,b0cd1605b7934834,11525,a76a66,1e-06
13939,train,b1a88c8f3c3b398d,3658,f10be7,1e-06
7224,train,1e7ceaa1540adffa,4370,a2b336,1e-06
14335,train,b7f2bfa7cd2db854,10656,e609d3,1e-06
10569,train,8fdb41ff9a53c781,10178,b757e6,1e-06
12174,train,ec84e3e06b1f0bdf,3528,ca36ff,1e-06
387,train,bba9408e4d12e0da,12337,f0f11b,1e-06
4653,train,d5cdc61d4c4375d1,10981,944d1f,1e-06
2978,train,963d5730b0413981,7471,44ee18,1e-06
5580,train,5ea34721e74864f7,11743,24a825,1e-06
4756,train,c52e3c37ba474629,6447,77d811,1e-06
1682,train,b14c56111e03d4d5,7682,b3898f,1e-06
6548,train,bda0c4e458be6e8e,5624,a474d4,1e-06
8213,train,8fb43059c8ce60fd,2720,6ac4d9,1e-06
456,train,5be9cb8e6b64f660,1215,cdc9e0,1e-06
3629,train,265958f5306cbefd,13293,d6c596,1e-06
3737,train,af7fe2344ef63767,12603,25dc82,1e-06
13678,train,d0a384db01a046b9,264,3c582d,1e-06
12462,train,6ceceee16de994c4,3137,0f086e,1e-06
4249,train,050777e97c545f84,1266,f0806c,1e-06
5671,train,f9b7a0b25d813dae,6174,cb9b8e,1e-06
10489,train,ee1d0551b8f9735b,4622,8acd27,1e-06
2538,train,d0e3a755ceccf215,2438,e08f17,1e-06
13342,train,a1462671b73e8980,10933,408ae6,1e-06
5927,train,2b29298ecad84ac1,12176,a84984,1e-06
3221,train,c2725d9860c01356,8956,bf5709,1e-06
962,train,4f47c59a5cd59aac,12313,0c7487,1e-06
5201,train,ac063dc24fad3081,9661,bc8450,1e-06
964,train,2f8e9fc955b579a3,10218,dbd1bd,1e-06
14132,train,c9aaa6e88eed2bac,8456,152139,1e-06
13953,train,7b76e2b865f888a8,5542,fab31d,1e-06
13741,train,47c28f0e1110a267,9805,8785ca,1e-06
9918,train,f4986c183db8da5c,1426,49d1f6,1e-06
217,train,7e431044da044a91,9388,fec028,1e-06
3701,train,44b170aa4b1a4b0f,6573,f1ea9e,1e-06
8765,train,04b9da1bbaab966b,13491,74b7ed,1e-06
4587,train,e569eb1d342fd912,11958,53be5c,1e-06
1161,train,547beacdde06ddd1,7043,96a99e,1e-06
8929,train,92e075e2ea4091cc,1273,8c1d0e,1e-06
104,train,ea8023a607e1150e,7450,603a46,1e-06
12320,train,446c27cc9331dc62,8800,facefa,1e-06
9117,train,e55a11a11abc2412,3068,72d355,1e-06
6849,train,816a2afda727cd22,11858,ecf74c,1e-06
5162,train,340c570a0a71437b,4593,b10210,1e-06
9440,train,06bb3eb77aabe1ac,7493,83759e,1e-06
345,train,b38717868da0a7a9,5695,ebdeda,1e-06
12834,train,a00f7c2c9177729f,9952,867fba,1e-06
4799,train,bb966fa772babb4a,4989,9a5074,1e-06
7759,train,d33e25c370817eba,317,6790b4,1e-06
4288,train,fd0013890d6b180c,11637,cabc7a,1e-06
13044,train,ca497068a8f27b7b,11278,38ddd0,1e-06
2763,train,f1bae2e925ca17b5,12257,7c6d92,1e-06
68,train,630ce5c93cf02b87,13145,6579c0,1e-06
6735,train,e0bd99c2aec6601a,7833,382c4f,1e-06
7342,train,bc9ce7e5a4012247,12443,175c2d,1e-06
7951,train,33da48c2e88b18fc,5663,e04d55,1e-06
5234,train,01b3dbb68c005ae4,3889,6e4c64,1e-06
1932,train,2f6bb7f70d0f16cf,11350,2d64a3,1e-06
6306,train,c450c17d95aeca91,9682,73f38c,1e-06
13072,train,6a9b2671a2c70d5b,3560,430151,1e-06
3323,train,fa17453e4e6a5350,5431,1c4e50,1e-06
10334,train,e5d8ff1d0a938821,5433,157758,1e-06
5948,train,abd94e2f22b8e3b9,6471,69e39d,1e-06
4205,train,0b940b257b9453c1,3218,2732db,1e-06
12612,train,8d038bc745fcedb5,7214,be5641,1e-06
14034,train,19ff10843be941f8,11069,642f89,1e-06
13065,train,22d7860ead1cfbc1,6367,26f0b1,1e-06
13717,train,fe90e27d89c8579c,7429,9aed7b,1e-06
13306,train,a4b20335a3e1fe8e,9581,cc9951,1e-06
11388,train,c6908e6fbc1868c3,10929,afc198,1e-06
2661,train,274ff5c1b51cecc6,90,c07be0,1e-06
9768,train,f7e2b5546836952a,5087,ad6a05,1e-06
12426,train,c38ad70a6aa5fe39,9717,ba7a7d,1e-06
8683,train,b431b8bea043716d,7942,c44312,1e-06
8693,train,5ef77d91241dc8db,3879,82a634,1e-06
1948,train,55bfd5f1be4183f7,7885,bb6b5f,1e-06
1505,train,c1dfbd99bf426379,34,ca94bf,1e-06
11641,train,2a5f035ae7b7ccf8,5980,1a9cef,1e-06
8026,train,acd937e9496efe29,13855,42ca10,1e-06
13195,train,dac49dc9574ad5ab,6900,324fa2,1e-06
12047,train,676ed24ddfad97e9,2236,df7ed9,1e-06
2066,train,d1baef2d00525b93,8054,847621,1e-06
14630,train,4e79a49ae3d40981,179,15387d,1e-06
13805,train,0b32e7b3a94be5a6,8451,6580a4,1e-06
11968,train,9b4327b2e9eed6ea,3503,650841,1e-06
1612,train,33617e9877485935,10473,dc2696,1e-06
8249,train,910faa09fa3400f4,640,0ea61a,1e-06
5360,train,52d57e66aff16630,5019,0ea2c1,1e-06
5168,train,de139e7705d0e105,12131,140dba,1e-06
11371,train,98ab716b2d5a1331,13448,3a2acd,1e-06
7969,train,bc08aeb9465a1877,11042,d2dcc9,1e-06
8433,train,f868da5aa53c0054,6711,947a5a,1e-06
10841,train,ca5d0dfe5dedf8ac,13553,8c367b,1e-06
7112,train,fa0b3ee137287884,3807,839226,1e-06
3393,train,e8745b05bb8ddb08,3354,da6199,1e-06
8282,train,810f57cc74755d26,2196,fb4159,1e-06
2090,train,953ca4aded372fbf,3722,44e7bf,1e-06
10051,train,ff4f58c810c9ea6f,2508,b7eb3c,1e-06
5300,train,2862ac658fc90847,9552,ea6b45,1e-06
5674,train,eebe8118bf341530,13608,cd7b89,1e-06
13747,train,801ad4444c64d9f5,10795,86e550,1e-06
3388,train,38ad124c0a8136a6,13766,897fef,1e-06
5825,train,84ac01806a1f0a41,8706,770620,1e-06
7383,train,12adeee7d538dea2,11281,53dd91,1e-06
14309,train,9931c5b847515ca4,6156,b31189,1e-06
9393,train,c62474a987e7f08e,11229,6eba95,1e-06
10375,train,be674eee8cbb01d1,6466,577a4d,1e-06
13836,train,338be5465940605d,2290,84403d,1e-06
800,train,d4a3d1a2d7cf0ba3,693,e2121a,1e-06
1016,train,9456a6d330f6d7b7,12165,bdeedd,1e-06
3048,train,611ab905d85c8f73,3462,24bcad,1e-06
8492,train,c24789cf69caf6a3,4403,4cb5a9,1e-06
13101,train,a5c59c9a264153bb,7252,b13ba0,1e-06
6140,train,b58f3baa43a75cac,5225,015a20,1e-06
14927,train,290e12252ce5a89d,6632,65afbf,1e-06
9799,train,ac494c85972d9960,10222,17b9f0,1e-06
327,train,cf7be01db0106fa0,9583,4bb1f4,1e-06
6642,train,b783054bb8b217ea,3416,a94803,1e-06
14907,train,e04f19ae8e081bb6,11280,630914,1e-06
5705,train,c54a20a1fb965bfa,3622,c74b87,1e-06
10141,train,a9ae0867f525498a,12413,82dd51,1e-06
3316,train,aae03285a5d972f5,22,e8a9da,1e-06
8506,train,97eaf3453838d575,7742,2c7ade,1e-06
5507,train,4892c0eefce76e36,4345,e266d6,1e-06
6578,train,fcdebf742f397610,4607,063003,1e-06
13552,train,1e8b067c53f046ea,13787,954b00,1e-06
11861,train,993922c78e353156,1708,f62e68,1e-06
6555,train,42637b14b2f87f42,1867,975b6a,1e-06
12423,train,b6bdb54b342d8ff9,3015,6c5e2d,1e-06
13509,train,8caeff112ac521e2,9773,d9acea,1e-06
13320,train,7991bdc1ec88eb6d,12009,1fc474,1e-06
2704,train,d10e5130a59a860c,11257,dff500,1e-06
1349,train,9bc2e653f40bc9c4,6649,bde9b3,1e-06
3244,train,b70c5b88a21b4e45,3371,9a3c15,1e-06
10071,train,9a975863f8e65482,3919,f56005,1e-06
13255,train,be1ed9e2f6ab01be,9938,c6338c,1e-06
4333,train,045a2a4891011cd9,343,18b875,1e-06
9604,train,76b0d62a4e4ef4be,7079,2eb178,1e-06
5865,train,f02840d798589a1c,293,0e8176,1e-06
770,train,50a0c881bce1b208,13692,0a7cad,1e-06
2687,train,28f0bcebf6a0ccb2,8841,94d0a7,1e-06
8808,train,d30b04286b254df0,3677,fa38fd,1e-06
4273,train,9a6434f9898a4a12,11766,8bd90e,1e-06
10004,train,0bd63aa40350055a,6246,674ec3,1e-06
12445,train,e374f56438b2dc0b,11597,30bfd1,1e-06
13886,train,14a200a06d97309c,5715,d7a6fa,1e-06
9280,train,a66c320d45d24c2a,5948,a18ce6,1e-06
12326,train,e1463becac0de460,9875,6404c0,1e-06
8510,train,ba02c61de74b795a,8672,58b8d3,1e-06
3330,train,023ce6f062416f3a,3830,c72bb9,1e-06
5110,train,91ceeb4903434840,8698,095b23,1e-06
13546,train,c352ca27e29fea46,6523,273723,1e-06
1715,train,e928df3fd7c20a14,2036,d207cf,1e-06
9123,train,68ece3181ca7048f,3085,5c5e56,1e-06
158,train,36d865748cd34ea7,9729,955c04,1e-06
14362,train,3d830263691d5bd3,14259,f8f936,1e-06
833,train,39ebece24809ed2e,8818,fe463d,1e-06
1431,train,9fd6ece26ab33560,10637,d3c327,1e-06
11161,train,2224b5efec5c06e3,12837,4f6d0b,1e-06
9809,train,c6cb9a584bff0c45,8407,3fb93a,1e-06
3958,train,7cf4404e1f602c09,4669,c8614e,1e-06
13193,train,75e8fe77453bb84b,3441,c6de26,1e-06
1928,train,226f20836ed92e15,14005,eb83c9,1e-06
860,train,1bb036570192371f,1603,025239,1e-06
324,train,f05d286c0c341b61,14467,16bca9,1e-06
10207,train,3355429e06bd4bdc,6099,89436d,1e-06
10040,train,d762d2b5350b650c,2409,6d77a0,1e-06
1879,train,d2331c13efbfbc23,2338,d4e5a8,1e-06
6697,train,da2c51c5034f417d,280,b6fa92,1e-06
2803,train,ed93a3880af63e47,10125,e84507,1e-06
5704,train,9106d779c170be7f,11268,1c3509,1e-06
9643,train,876d7f1470557662,689,acffde,1e-06
5139,train,86e8a7841ebf3418,9546,600c5a,1e-06
10129,train,661c8a98f030a1bc,8169,585377,1e-06
5968,train,d7ed4687ece7e0da,3635,48777c,1e-06
3616,train,7e51991db49d0819,7235,5b0f9c,1e-06
8358,train,2b69a2b9d01cd7b7,9886,625658,1e-06
7852,train,591ff5857da27130,8643,2e25d7,1e-06
9759,train,954be64665271c51,14348,ec2404,1e-06
92,train,cca65087ed095f67,5697,d9f053,1e-06
8530,train,140d270506ab601f,2937,659bff,1e-06
11635,train,dba1936947d6de25,9387,e22a7a,1e-06
6088,train,aa3da02d6b4d1936,3264,c112d8,2e-06
11841,train,53adf479b96b90f7,6919,30f6bc,2e-06
7715,train,a20ff62991f849f3,6745,f381a8,2e-06
11902,train,b95a4e827be3104e,4004,1b98d6,2e-06
14190,train,8afa2ee5749334f6,10045,049e66,2e-06
8381,train,fb3c6cec3e5566d8,2999,d4c8d3,2e-06
8199,train,0ef78c19415288b0,10221,7b9f44,2e-06
11352,train,fbdda0ea89b7b057,12013,80040b,2e-06
5000,train,18a71189c551c209,7356,fa4fc2,2e-06
11314,train,44a9f168419ee591,10957,312430,2e-06
12150,train,cf60912bbe31243e,14118,49673b,2e-06
9454,train,cba935eaeb70a3a9,6804,734541,2e-06
5774,train,0d8be28d79608d69,2059,69e0a4,2e-06
10833,train,c4ca0e0b05ef5a0e,6530,ad73b7,2e-06
8901,train,064eb270d9ce2674,4599,b51d7d,2e-06
14636,train,4a8ba56d9dfdba5b,4110,49121e,2e-06
1944,train,6f836c8c8d2eeab2,3448,101450,2e-06
1269,train,1971c267a1d83e6f,13722,733c8e,2e-06
7663,train,fdbf1b8a1d07a556,10802,5320e1,2e-06
6759,train,d4f25fa9757c6b69,8374,459d5d,2e-06
8410,train,c3131a5cd46ad5f6,8444,886a2f,2e-06
11351,train,3a4a35062d8582ce,149,b40cea,2e-06
13121,train,e8a63aaaacb2a883,10699,940d23,2e-06
6099,train,94ff47e0b6e5ee40,12097,8e52dd,2e-06
12313,train,f7d77084790bad15,4754,42bd9f,2e-06
10507,train,4f33d07e64a88269,4124,7843b4,2e-06
1539,train,1b1095d43c5c509e,7921,7378a6,2e-06
11452,train,c26dd05be5d1be5e,14404,04970b,2e-06
632,train,32980272fdbef66b,44,da1d92,2e-06
9856,train,57f7c2692214d501,13398,c6af51,2e-06
4228,train,a107b4657b2eedff,4144,4f6008,2e-06
9832,train,ef85dd88b20be334,8283,dc4f49,2e-06
7813,train,fbd7cc04371e8159,12395,ae2f5c,2e-06
12405,train,a56a42cb9718e8ad,5623,e5a468,2e-06
6843,train,7c57d99557c625f6,11884,584f47,2e-06
4337,train,85af0f3586baec4f,10259,7470a1,2e-06
7911,train,af53f65a19dc312f,13031,61bcce,2e-06
6956,train,e7f6bc45c29e7a9c,411,70fa40,2e-06
1448,train,917f7589eecc9e11,10447,f289f7,2e-06
6252,train,6ee92e446d8207ad,3502,677a49,2e-06
3351,train,97b7249e7a04c1e0,14304,d51374,2e-06
3169,train,33ef1447e57792ee,11632,ddcc8c,2e-06
6206,train,0c9e8334472145a7,7202,cedbfb,2e-06
14108,train,f325b2cd13bd12f1,1528,1c9699,2e-06
8299,train,2e5e9514639eb66f,13566,53aa22,2e-06
7768,train,45930271cedfb3de,2121,0e70e9,2e-06
9518,train,54a922be15c843dc,669,2d5c35,2e-06
6594,train,738c48f8467c2626,9104,7ccf67,2e-06
10840,train,796468d4e71d9a12,10829,5e7311,2e-06
6824,train,8df53aacd8a602fd,14267,7cda79,2e-06
5844,train,8ca0a3907c533386,6304,35d2a5,2e-06
1799,train,446ae8f7429e7de2,12947,fe0918,2e-06
3188,train,8f8519f2e42c23ea,5588,d078c4,2e-06
8862,train,f2c779b8ee5e22cb,11291,bc2201,2e-06
8438,train,7be7ccf2db5ebb19,3974,aa3331,2e-06
164,train,fe5c4e1e71e619ec,3177,72e913,2e-06
216,train,b4e9a69ff60e6b52,11315,2bfee2,2e-06
11163,train,3c005a0502e5eeb1,4873,63fdab,2e-06
4935,train,627c5b9d7b0f3f40,1595,318453,2e-06
8054,train,4f7b71c69d3a697a,5317,242d4f,2e-06
10404,train,205e4f2420689dbf,12974,69ecfe,2e-06
11074,train,1ffdeee33cdf7a4a,7916,477670,2e-06
746,train,d026310c8e7bb345,2077,fe430a,2e-06
273,train,aaa325d2e8a23d03,13183,96c38e,2e-06
3281,train,3dabac796023a07a,11209,55f4a6,2e-06
7985,train,891561ae9ed99dd7,622,a4486a,2e-06
6783,train,c0aadf8dcadf88b2,91,dfc472,2e-06
12460,train,4f85c406ba5be220,1817,c5b5b4,2e-06
8286,train,2d66e1ec913c872f,10522,d731e0,2e-06
11308,train,a8222c9ee17ae6a2,4068,351c84,2e-06
8306,train,9c26d3c885edb3c6,13400,7f9548,2e-06
572,train,42397b54048e3a16,12179,129366,2e-06
5711,train,0fa0923c46b7dc42,8318,e4e706,2e-06
549,train,bf0b1c97f2aadf9d,7153,7bd91e,2e-06
9980,train,42ff4b4cb3094c54,6957,909376,2e-06
11170,train,50ea19158bc89d73,6198,ddc5a7,2e-06
503,train,f8df5214a6cc700e,4356,124cfd,2e-06
5853,train,2819c704febf3205,9750,531d06,2e-06
8743,train,a642047beb2c8c66,5768,c33aa8,2e-06
3475,train,f3aae0d5dd03be32,1332,7def32,2e-06
4787,train,f487d71a1a5d57c6,12967,7fa4f5,2e-06
9147,train,d83a0363ed406f6f,10076,96ec66,2e-06
6831,train,69799df5f42c35be,11638,6d37e6,2e-06
2311,train,48e8cf5391c965ef,7210,67f531,2e-06
7686,train,8f20f178a71f3024,10881,37185a,2e-06
14914,train,04719b3f1f2108ed,10237,130f60,2e-06
14702,train,981d4e0c9f953524,13404,e49798,2e-06
5786,train,97618ec2c78b3ccb,1707,dfc90b,2e-06
9564,train,61d6468a630ed2a1,13964,70d9f7,2e-06
809,train,2683ac18321ccf8e,2445,b17555,2e-06
13009,train,68dbac6cbda73608,6376,3fb287,2e-06
1106,train,5a4c563d35172461,11585,cd4a34,2e-06
3808,train,b9da043360cb2d3c,734,cc6bce,2e-06
14861,train,e588730001e9d3fa,3496,32c73d,2e-06
2686,train,02232242df146c18,6285,7e42b0,2e-06
8443,train,65de6f08fefd766c,8267,ffb24b,2e-06
10225,train,683cad1a7809b4ba,10148,e412dc,2e-06
8336,train,55b87a056af871f8,12930,7a60c9,2e-06
2195,train,70a893c6dc569a67,3118,ffded9,2e-06
3084,train,6243c8c4ab6ce86f,7701,b9adc6,2e-06
14496,train,ac8e3b204886d13d,5075,2ca00d,2e-06
3199,train,b3b04e9a7df4e519,11798,87e4d2,2e-06
1937,train,f82f9735bfe5bd26,1919,ee19da,2e-06
14420,train,d09f3d2edf5adc88,3898,c10f7b,2e-06
125,train,aa58824bcc35f898,7641,3e3f3e,2e-06
14906,train,9f9cab946c8e3602,5830,146aea,2e-06
8252,train,26c7c7ac0b53d9db,10876,869075,2e-06
7764,train,ac8cedbb27b42503,11006,333c6b,2e-06
11875,train,c8b5cfa63a99bd00,1640,656cdb,2e-06
8833,train,608e60f26635d2f2,1994,bea9e1,2e-06
14228,train,36cd771f7d4cff04,4127,c98d1c,2e-06
4884,train,ed44e671f71de890,10840,b77cd0,2e-06
7730,train,a78b4ddfe2473040,13875,051622,2e-06
8061,train,92c97c8964bdde32,11680,3fe03d,2e-06
13963,train,440ecbc2e91ebeeb,4289,666206,2e-06
13989,train,4b29e7b87a298ff6,10743,cdb235,2e-06
11384,train,5110aec484226b31,9312,a11df2,2e-06
6812,train,8b7dab0b83be5a39,1059,441b60,2e-06
14688,train,ae0680f115e2db30,1060,55e7f5,2e-06
12427,train,fbf9e1dc8d2fcc5e,13623,5178bf,2e-06
1622,train,821fb60b8d8a5cd1,7974,7566ae,2e-06
3420,train,b1e74ca031ae42c5,7683,6b612c,2e-06
6784,train,f223749137459bdf,11953,c1e192,2e-06
12899,train,f5af48430c51bd92,613,e08dfe,2e-06
13159,train,88b11f21fb0e0e02,10042,3e105a,2e-06
1181,train,3eff98f0b135736d,9860,ce67a8,2e-06
6996,train,f5a2f25574623af0,862,3b2e41,2e-06
11956,train,6be91f1aad2f70c3,4030,6316bf,2e-06
2104,train,7d446ee631ac0826,1429,c769e5,2e-06
13485,train,e2553ed3c89a88ce,5778,d82e09,2e-06
2293,train,bef1840d3338ff27,12423,8eea16,2e-06
4108,train,8fa053b2b2167a74,9497,1012d2,2e-06
4488,train,4ca386161cea4af4,12210,f54769,2e-06
12419,train,6774cba5165e497e,6308,93a547,2e-06
130,train,b681b1c99277309d,3604,07d257,2e-06
8165,train,74328f6683a83eb9,6655,96112f,2e-06
9392,train,7e664a5b7a9cf1ba,8173,89eebd,2e-06
12563,train,419c7a2c3999aaf0,9073,3133fb,2e-06
11930,train,6b9f90fb36439c5a,5175,b40193,2e-06
11684,train,e9ba0df9f852979d,492,b46df2,2e-06
13944,train,0321940a99d96d05,9575,6fcfe7,2e-06
8108,train,e68e67cc19f4baf6,9383,34ec56,2e-06
7407,train,f7bb017f44ab72fe,12429,0a4621,2e-06
5334,train,dfa5ed19ec1bb5a9,137,cea61c,2e-06
7055,train,b5a393d268f4bf7d,9608,cff350,2e-06
4661,train,b1422db2a601f9e8,13980,554e77,2e-06
6288,train,008fd103f33ac0e5,7325,29ef1b,2e-06
6689,train,3d33b1d17350668e,9074,143e94,2e-06
9325,train,795cb20ff4d14458,11606,6abba8,2e-06
2654,train,537a0b1ec8a2bf1c,2124,12d551,2e-06
6495,train,f59809c8a9492983,4290,f34c7f,2e-06
8468,train,f4172d8dcaca498b,9109,8a7de4,2e-06
3899,train,9cc69e8755e6920c,6717,215054,2e-06
12893,train,4e9a033e1659ddfa,3004,52ac8d,2e-06
8960,train,a70041052a2dcede,13887,7d4074,2e-06
1039,train,90cc4074c3afe478,10117,f1d625,2e-06
12934,train,af08b6efb3e73652,1360,864ef1,2e-06
5912,train,6f731f4482b1d7c5,9503,cb2195,2e-06
3043,train,2ec7c3c3fb1783f3,204,d0986d,2e-06
7449,train,201eb91d81904d28,1515,14ebd2,2e-06
13218,train,81efd54255a7c6cb,2419,8bd4fb,2e-06
12266,train,8dd525483dde42b8,3611,7713b7,2e-06
8223,train,4bae807ed442e70d,12701,70fab3,2e-06
1933,train,547eaf92f571274f,2515,fa342b,2e-06
13993,train,e3c42c454cc6be38,10220,b051a4,2e-06
4186,train,e1896b6f443c0c41,1312,348c9e,2e-06
7671,train,f4ddf666e42602bf,12453,0c43fe,2e-06
10604,train,a4a540da183c3f77,6060,045ec8,2e-06
187,train,b7ca5e0c5b39bf4b,7376,b0729f,2e-06
1649,train,b2e326e7588a2090,8452,9cc23d,2e-06
9052,train,1d09f59b9def5328,13095,a46474,2e-06
12746,train,c4be9242ba1598e7,9898,385c27,2e-06
1121,train,3bcddd4c3635cf92,8183,a35635,2e-06
12514,train,72e754985d1fb6eb,9976,4ef905,2e-06
13040,train,423fa453ca90b5bf,3131,ad812d,2e-06
956,train,cceca8e45e7ea576,11161,dde7c5,2e-06
9090,train,40b4bbc9a5197504,9457,bf0889,2e-06
4188,train,8ec905b2b68aab8b,12946,0dae03,2e-06
11904,train,3dc57718ffd62c6d,10115,536666,2e-06
6634,train,e746d774593c4358,6922,db553e,2e-06
9224,train,d8d07bcbfb436e0b,3663,ad3c92,2e-06
11347,train,f4f34bd27ea0fe86,9901,4c8a9e,2e-06
4968,train,470abaeb79db2cb0,4317,ad0beb,2e-06
5381,train,20ca48e30f81bf4d,9811,46844e,2e-06
5236,train,5958bde6f38589a4,2138,04d8d8,2e-06
8472,train,9d9092866067dbb6,8312,f0a5d5,2e-06
4967,train,a7686662b7d2f5b1,9486,46cba1,2e-06
10042,train,621f5c22c5c125ff,275,5a7601,2e-06
3341,train,c1946c45a6b143f0,12347,fe3bda,2e-06
6722,train,09ca519d6be47346,12969,22f732,2e-06
7783,train,3b08875a9d918a56,775,c5da60,2e-06
9417,train,2329dc7ad2fff0a1,1272,e4d548,2e-06
10596,train,bc2413b66ed0ce41,7031,7d06b0,2e-06
2082,train,035c089b5ed6d129,1050,c5bdc6,2e-06
259,train,21dc0f78d3c17d2f,7962,1928da,2e-06
4390,train,cc15f1bb1399cd70,10663,706a0d,2e-06
14448,train,9ff489960f401145,11025,11e482,2e-06
3834,train,f467fe35273ed1dc,11061,fa7914,2e-06
1663,train,cfa44603c8600f5f,6021,98afae,2e-06
7522,train,5b3d33a678ebb4ff,14190,9dfded,2e-06
10099,train,f5eae5b6fd1be981,8835,343d38,2e-06
14751,train,a1d0f93d9171248e,5724,7180dd,2e-06
394,train,53c4abfe580fb654,3480,a6086a,2e-06
10753,train,91eb4a282a579545,9040,1b3008,2e-06
8073,train,00aa9af727605417,7268,f5d4a8,2e-06
13150,train,e92247ea3324ff2c,6781,6c6c20,2e-06
4737,train,027f1dd720a5d127,12814,5f5576,2e-06
3984,train,b3e648a296fb37b5,5002,31a2ef,2e-06
241,train,f9378560ebba9134,5210,558824,2e-06
13061,train,38d50da925d241b9,3098,01db18,2e-06
605,train,f1cf15883caa1b3d,4636,0030ad,2e-06
10277,train,7d6e4e43ebaf1318,908,dcc719,2e-06
14107,train,9939686cca76405d,7199,6e987b,2e-06
1272,train,226f40663dea76b4,572,53e602,2e-06
8396,train,064cff038f843d63,5040,dd29d8,2e-06
5333,train,b857a49f9fd27c30,13292,d96b16,2e-06
2340,train,146297e2e0bb10a7,10103,f09eca,2e-06
12731,train,4dc5c0d84dafa033,13929,9f9931,2e-06
7336,train,716d03dc4393e656,807,5a567c,2e-06
2868,train,bb7da5b314af9b97,9119,7709cf,2e-06
14109,train,b52a10976ffe2f10,7100,1c1a9e,2e-06
1868,train,beeec52415d08277,8797,fc8052,2e-06
14073,train,d076a62fc92fd2a7,10928,a8059d,2e-06
3516,train,78b7d63440d7e2e8,2192,9a4ff1,2e-06
11582,train,42965bf60e654b97,9160,ebd8d4,2e-06
6881,train,d1a4e2527930603d,12658,c0cb59,2e-06
12571,train,945c01a63525f56c,6989,a57dad,2e-06
5061,train,b6c6679ae0d3f9b7,11685,d5ad3d,2e-06
3259,train,56d773b65d92b13d,13687,1d27d8,2e-06
14823,train,f6498ea806b6eb5c,5712,da283e,2e-06
3481,train,516815f55576788b,8467,9fb86a,2e-06
14082,train,0431135f4659dbf7,10578,737c78,2e-06
4789,train,7b9e8892f649e505,10437,2c9c45,2e-06
14224,train,719a5217b8b94e6b,3962,7e0ba2,2e-06
2092,train,6d6d293c025383a9,11965,ae0799,2e-06
11399,train,4bec66c539eb741d,8918,67beca,2e-06
14164,train,1dd3366e78e4627d,8998,cd23ad,2e-06
10364,train,2e9dd348f75ec002,14040,879ac6,2e-06
1707,train,c77b5d072f7c3d28,4120,ec1f58,2e-06
6891,train,ea2b953982dc2de0,4461,82a345,2e-06
14628,train,af97901b470500c6,14297,16c4f5,2e-06
1705,train,31c694804f80db1b,7707,38b9b9,2e-06
810,train,93df4c2e73816d4e,11841,63315a,2e-06
8070,train,4e6c7b24c4c8b7f5,13993,973c8a,2e-06
5080,train,4ef9916881434481,3945,195e4f,2e-06
5949,train,f05a70b5fe4443dd,9329,7f1022,2e-06
4726,train,de36591cfebb724b,12099,464d7e,2e-06
3138,train,95a8ae133ca79fe2,13458,41979e,2e-06
14609,train,fecb4a7b71b13239,5990,d84d87,2e-06
4367,train,4f7d4d43d3944349,6033,1d930f,2e-06
1374,train,007fa9b543d47ea9,12459,637bf8,2e-06
8946,train,1fdfb1996075740b,6731,97a6ec,2e-06
13426,train,6667d4ff49c36a61,10128,d0c049,2e-06
3156,train,ec231832d6c9ef56,8597,675698,2e-06
3,train,0403673f103589d0,13330,f37111,2e-06
3511,train,6260ef8a7ad07bc1,3215,35ec7e,2e-06
13954,train,3ff2d78d8cdd4d92,8074,f549a5,2e-06
1784,train,555eef8aec5ba2e9,10825,468206,2e-06
12717,train,688297134d897903,8490,17b400,2e-06
5064,train,fdb9d6e4ad7c1b77,5114,17757e,2e-06
3732,train,be9ec543adabc8ed,4326,3953a3,2e-06
5714,train,40f39cbe139d59a5,624,cc9d45,2e-06
1812,train,bb802b384d9a491d,6584,618349,2e-06
8650,train,1eb4aef081e67194,2093,c128d8,2e-06
9869,train,fe908f87fcec7768,3500,b829d8,2e-06
8152,train,7fbdd6cd7f9847db,6012,e1f9d0,2e-06
2049,train,8f903cfd90a272cd,6179,3ad777,2e-06
12970,train,9efe3eb3764111a8,8525,ec5121,2e-06
2834,train,c31c7b85032b66d6,2205,3e9c92,2e-06
11402,train,3c6609f37ff406f5,4423,7b2745,2e-06
2764,train,40668cbb9dfd2ab2,2879,cf68e3,2e-06
5892,train,25cf34cd9f239dd2,5969,41873e,2e-06
2209,train,1eb019d2ca74ebe7,8233,8700a0,2e-06
2118,train,4d28d8c71d53b868,6670,9405e1,2e-06
8557,train,63568495f7d9ba86,2323,85f40d,2e-06
665,train,c109d7ec92734a65,183,9626da,2e-06
2518,train,a74fb753e5c82d35,11682,a097d6,2e-06
9705,train,e8751cabaa9c18ab,6096,b5b9c0,2e-06
9460,train,f7fd72199d5c62c4,7316,f29cec,2e-06
11182,train,e2a96e14800e88df,3299,c9e735,2e-06
13613,train,85b3614fb23bfda1,7227,07a245,2e-06
14385,train,5b1c1cb386af1227,8053,06239a,2e-06
8356,train,4ed9c4b8fe5bcd70,10086,5691f8,2e-06
77,train,69c0ed1bfc8dcf3e,11132,2db22a,2e-06
5404,train,153f4c017ff28718,5819,7cffd7,2e-06
913,train,7c42fe4c63a02701,1188,32b6c6,2e-06
10028,train,45664b3b0146939b,14002,90da61,2e-06
150,train,e97d4fc6f562fcf5,6698,0bc66d,2e-06
12015,train,b7fbacc18d2a4b4b,2484,5692c4,2e-06
9218,train,8c3dc427466bcb42,115,bdb2ab,2e-06
11263,train,4c2d9c97baacd402,4897,f0d72b,2e-06
3841,train,bc65520efd8dc2e5,10010,de7f21,2e-06
1613,train,e0b451dd749447a3,10939,d0f362,2e-06
712,train,31e0346e20004722,4376,359f9a,2e-06
6941,train,f33f649cba796a79,8836,0b1440,2e-06
988,train,4ff1af3d6a038105,12421,d10b08,2e-06
1415,train,c60d05b6438755e4,9469,fc79ba,2e-06
6630,train,7853cdf2a6f2f933,4292,25920d,2e-06
10029,train,0e587576e9197cc7,10409,636f36,2e-06
3181,train,57b5aafad9119671,8573,e72e22,2e-06
1163,train,7274e8f60b92509a,4381,121a9c,2e-06
11578,train,83ad513cba8126c7,1882,98504d,2e-06
10994,train,8b0999dd978c9f6f,10441,e14586,2e-06
6553,train,d67e60221ab32668,6796,0e09d0,2e-06
12175,train,d8e89ee7b798d614,5925,669a44,2e-06
12930,train,4c5887611cc8050d,12362,7634f3,2e-06
10367,train,0134cb7b942ca930,4808,f0c707,2e-06
14144,train,49aec199aac6c34f,113,57752e,2e-06
1397,train,d9d540a71a600f8c,727,eb4b10,2e-06
13361,train,28bafb0841ccc6aa,4717,a190d6,2e-06
11159,train,7542c49d42e533c9,14334,7b2c32,2e-06
8447,train,3a242a2aadf5c5de,4978,d29d25,2e-06
5306,train,34031224d7267adc,189,e83397,2e-06
4017,train,ecad30feb1a5d449,11785,287a36,2e-06
14436,train,4261cc5187ad4eb2,9403,b8af07,2e-06
5498,train,2bca38d8fc13f4bf,10084,3b2a2a,2e-06
2890,train,2f04e7a17136c6df,13611,360e55,2e-06
5156,train,291c08fac298f666,2943,90415b,2e-06
14289,train,e345026e6fa2d034,10669,b304e8,2e-06
832,train,5ae01a87859c8dff,3781,a184a8,2e-06
14300,train,f75edd81eb501485,10421,858a19,2e-06
1976,train,c56654c971a93873,5144,77841d,2e-06
13985,train,ec9398460d5c6f7d,4595,3e8284,2e-06
12439,train,401e140f89d4a9bd,46,53deee,2e-06
9484,train,d2130fb143d05bca,9251,b54e68,2e-06
3569,train,1d8869e572cf5d03,6972,cba62f,2e-06
3596,train,261ce2b710b4724d,5047,0d56b7,2e-06
10969,train,d53928fd923656c8,6327,c6550c,2e-06
13686,train,3f9dc80f8ef7fc7f,4299,5b9e8d,2e-06
9561,train,8a396c3a5c866bf5,11786,2aea7b,2e-06
3353,train,7035de924060dca8,10203,e6c5e8,2e-06
6453,train,4c85a6848ccd1ffa,7824,a06eb7,2e-06
13577,train,25a1e9497a971cdf,6089,998b19,2e-06
10612,train,28f3745e7a8c3411,643,37df6c,2e-06
5275,train,aa0781edb12c1407,9896,ea6efe,2e-06
1737,train,367b801e21ad2c80,6020,99369f,2e-06
579,train,f95d3f7fc1bac9a8,7520,3279be,2e-06
6530,train,a5e65f7c06c3fbdc,6543,118b53,2e-06
14699,train,03b44b4a7bdecfae,2807,eeeaef,2e-06
2324,train,f7d9ac560c892115,6682,a8c756,2e-06
6830,train,a685eb34e44e578a,10280,ad2172,2e-06
5987,train,79a32f236edeb4db,6473,656a93,2e-06
13567,train,63f7d06e6f94a8b2,11382,8f8acf,2e-06
4138,train,f43ebad09df47588,13479,1b8636,2e-06
3439,train,a768dd8ecb8502fa,11127,ab03c1,2e-06
7563,train,da961d73445d108d,12550,80961a,2e-06
14230,train,65d7667db64a01d2,10439,140ad4,2e-06
12472,train,e967cdba7c20b9e5,5602,aa4e5a,2e-06
3786,train,c568a649b2d0f0bc,6560,e2db50,2e-06
7477,train,4e6f113d6e03b1bc,7148,516134,2e-06
1392,train,369aac3b5a4f60fa,4176,18d14e,2e-06
12190,train,ecc404095239bcb5,7501,f00506,2e-06
7556,train,01399feee28aacac,1814,fc8c4e,2e-06
10272,train,3af6dc3a35ada5d4,11044,355665,2e-06
2133,train,44cd200805cf6596,13098,96af20,2e-06
7181,train,3d9f77d3b381b7b8,4498,fed6c0,2e-06
12296,train,9fe43aab3ffad145,6331,fbed1a,2e-06
4674,train,20448cbbb9f16165,14413,f5361e,2e-06
8150,train,7328d1921ba5a585,4169,e51bb2,2e-06
1826,train,fe3819c92bf89d0f,2573,03f06d,2e-06
6805,train,0e6a99fd39aa5317,14462,c4da48,2e-06
5530,train,caa32d0c858c8054,1871,8aaccc,2e-06
1900,train,267c2ce11756ebf6,13853,e3ba60,2e-06
8516,train,fdedbb51b30d92ca,1191,9aaf64,2e-06
2343,train,a07f985d8c7815bb,9907,4cb85c,2e-06
4901,train,1fc4ce4253c1deb1,6013,91373e,2e-06
2069,train,9acbec798778c005,12297,e03573,2e-06
8741,train,49ae0a401a1f84d1,5466,0d61ce,2e-06
10800,train,202fe43cab4991df,2480,c8255f,2e-06
830,train,b3313daa864aa279,10904,9df44a,2e-06
4253,train,48c155ad974558b4,1163,532943,2e-06
9061,train,ceeed2bca563b2bd,13545,95cd56,2e-06
9088,train,6c94129840334942,12542,280efa,2e-06
11969,train,7f75d0223c77b1f5,10835,c01772,2e-06
8910,train,102ca0bc1647d5cb,5826,53485b,2e-06
757,train,8014b3b89a488f81,3483,d8471c,2e-06
1028,train,2e49bde33b6d5db7,5824,5bb917,2e-06
11860,train,f4d5cd98490c4494,6616,b6f04a,2e-06
8626,train,42095c873c5b7b9b,7803,73da2c,2e-06
2949,train,db0900a77ee45481,10872,6238aa,2e-06
5056,train,a8bcb419c15e7836,4201,611c1d,2e-06
10316,train,e5a39ca302a2a704,5596,cabaf8,2e-06
211,train,1be681f68c0b28d5,6852,d3c56f,2e-06
2509,train,4b61db29336fa8c2,1820,8577a3,2e-06
402,train,9d3d025a8bc9bd3d,10560,8af422,2e-06
11672,train,b63a2b7ea6b59805,14561,e0f66d,2e-06
13888,train,0c40a23d00322d51,6141,5d9b9d,2e-06
14852,train,509cba183df6b094,11194,2d6bc0,2e-06
10693,train,3c237a42c7778aae,3792,44403b,2e-06
13046,train,4d395df570b177e0,14227,161ba1,2e-06
13712,train,cd476944dc911e3b,5843,580107,2e-06
591,train,31e611acdfae698f,13915,f4dbdf,2e-06
13137,train,9e561e5b6ca81f19,7546,e3b1a7,2e-06
4923,train,3e5be481cec056a3,11649,7d483a,2e-06
10072,train,836d2872b71bfa4a,7267,da40b8,2e-06
10842,train,399ddd5d3a658dfd,224,5d1d7e,2e-06
1409,train,eaae4f14b773f387,4439,221120,2e-06
8829,train,5fde7c7cc7aa98f6,13358,70763d,2e-06
6700,train,69b7416b2ab80de3,12585,20f384,2e-06
3179,train,d7e5310f01e987f2,4994,97938f,2e-06
9265,train,50ac0de7dd3f39cf,2569,919d61,2e-06
8439,train,9903d1c2f2be9158,1917,b2a4a6,2e-06
11735,train,bdea496e6eefe737,1730,714eba,2e-06
5744,train,71019d28952dd094,8139,d4a594,2e-06
8974,train,7ce30170cf75757d,5058,a50d0a,2e-06
7462,train,5b995e6a5d94d4df,13825,9f6e9c,2e-06
7525,train,6aa82524776816f2,9279,9f379e,2e-06
9086,train,201de548c64e198c,9280,92e2b1,2e-06
2982,train,27fe358e875b2e96,5987,c1353d,2e-06
12129,train,9fddee700ced7594,5235,78a391,2e-06
11836,train,43a959bc07107a8f,10333,e9f248,2e-06
13769,train,c12862464f6655b3,8481,bb4d53,2e-06
5100,train,176aacd395fd3773,10575,5f77de,2e-06
10078,train,49b124f20649c5e2,7040,518032,2e-06
5425,train,090a7c37cde115bd,11998,03b51c,2e-06
8008,train,6bbc804b1cba2c33,2330,6ee0d4,2e-06
8676,train,858c06523240a43b,7099,3c7980,2e-06
14001,train,90a85bb7759d565b,2392,a18d83,2e-06
191,train,81bd632ea0e4d34d,11707,9a2fcf,2e-06
13042,train,5d6529e0463820a1,1107,b7c26f,2e-06
8659,train,7b9b985a235366fd,2543,1f63f0,2e-06
12752,train,c1ba6d6861bf9bc4,4083,af21b8,2e-06
14547,train,dc41213b97d378de,1254,18cddc,2e-06
8981,train,d987027e3661b9b7,10176,9a15cf,2e-06
624,train,8bf41193ee4e9d29,8745,b08f5f,2e-06
1352,train,ca0941d70f93e570,5763,fe2aaf,2e-06
1480,train,31b968a5053daf84,3614,80e80e,2e-06
7988,train,56a000cc1e26f280,2748,f5cc43,2e-06
13631,train,7dae718aafbb6e45,8608,d27f93,2e-06
6562,train,e2a630d1a88bba4f,2085,b47ea1,2e-06
1752,train,a24c80cb273d95c5,8502,6bc591,2e-06
6559,train,d4ceb1c3e099db81,4999,86cac2,2e-06
6444,train,a94d3c5ada3aca75,11411,685e70,2e-06
2442,train,dd7f63244d57d7e7,12558,d3b4d2,2e-06
3055,train,bb838093f16fdaba,471,7e96d0,2e-06
3428,train,fde23b7a747ae512,1831,e5c292,2e-06
2192,train,4228dd70f3d6f9ad,13168,18eab0,2e-06
6157,train,1ac9f059b21cb1c7,10630,bb2bd3,2e-06
8179,train,f8222765a11e9009,11854,9c3b59,2e-06
1020,train,1cac925b7b7b73ee,2794,fa1a9f,2e-06
6244,train,391c7c018f62b95e,81,d99703,2e-06
7355,train,66fab6a38ff57b1b,5944,ca8a66,2e-06
14237,train,ec60a8fef50d309d,7368,4967b7,2e-06
4360,train,5dcaf6ff080bf933,12124,b1000a,2e-06
4832,train,492987efa9989350,14072,0babdc,2e-06
7653,train,bd7dfe2ae570049c,1322,eb7c2a,2e-06
13878,train,2b5a1268942ed958,6591,68948f,2e-06
10431,train,9384066dc1c7250a,356,85a91e,2e-06
11438,train,b88f8d7d7f889d83,9719,0fe42d,2e-06
12192,train,6a280790a9d5ab26,13139,96418f,2e-06
14182,train,5a58bb6be9daece9,11897,8e3229,2e-06
5971,train,22cdd229b73f408b,9966,9469c3,2e-06
13592,train,9f6ec3a734395c54,8340,d71bcc,2e-06
8205,train,eb78b7347c724ec1,11158,c2f5bb,2e-06
12771,train,9853ec46bc773f6c,7399,9595fb,2e-06
7535,train,7e50cbcfe8c7c9af,6559,9ab695,2e-06
13421,train,bcbca92efffad193,11314,00cf0d,2e-06
3576,train,7495867093603b47,9664,966e1d,2e-06
5572,train,8f3535a25be5b28f,7276,4b4bac,2e-06
622,train,c6dc43de40744ad6,4333,9201d7,2e-06
12400,train,6c09b1325247331e,12880,ade1d9,2e-06
6442,train,ac6711755ae1243e,1311,0a8fdb,2e-06
13831,train,daf6c85a38122745,4530,dc04f1,2e-06
10592,train,16a128a6690125ad,2361,ee7c66,2e-06
6661,train,f7b9e9105aba34d2,11070,4b17a0,2e-06
13124,train,cec8780589e3979d,8554,18d2d0,2e-06
12310,train,958c61a7c7e21c07,2033,497f59,2e-06
11834,train,f4bb7c870044ad46,7515,fdf98c,2e-06
8378,train,cac89c28486b0bf6,12284,061bfa,2e-06
14014,train,77c55075b115fa70,9539,54f524,2e-06
13024,train,e5b37a8ebc737e07,188,2e4789,2e-06
4481,train,b1b2040e26524c68,12199,254f46,2e-06
10603,train,2bdd427bf00ed8f3,6633,5f64b4,2e-06
20,train,b0614db157d540f9,8559,400d93,2e-06
10081,train,0f370fcdb67c4c93,545,5c1ab4,2e-06
10313,train,47d3c46bdd06b665,2678,cc7784,2e-06
3666,train,efeb78bae11940e7,6400,231740,2e-06
1338,train,4377c27281a40786,12285,4b3f59,2e-06
14690,train,2734ee52a2ad8819,6474,725154,2e-06
5430,train,2ed63d6e3a71ddd2,10359,641298,2e-06
11064,train,92e846ebde3189d8,11171,592d4e,2e-06
7908,train,06d45ddcddc1e558,10294,28fa28,2e-06
13029,train,3b15fb728a40d85f,9782,c52913,2e-06
10978,train,165d76bc028214c2,4341,13a8e4,2e-06
9598,train,71967e757c5544bd,4500,c48ebf,2e-06
8796,train,2954f7873b9d02f5,8303,4cf012,2e-06
5347,train,b210af807987167a,8680,11e026,2e-06
10773,train,403f5e41dc915e7b,1677,8bc1e0,2e-06
5715,train,8064995559ff0ed0,11849,149194,2e-06
6554,train,a00f8a74f07318f4,5132,4c3dba,2e-06
5066,train,c2ae30325c7d8523,3805,6f78ff,2e-06
5656,train,f244a4a745ec5a27,10049,ef0837,2e-06
13820,train,2776097fceadf87f,2055,4044bd,2e-06
1908,train,bc382dbc1e3bd709,13907,394fe9,2e-06
14032,train,2d07d8b5254849e4,9448,3a5929,2e-06
1698,train,3cf5b53c9e2e3a14,8150,0ee098,2e-06
11910,train,da2592e24ece0d68,4844,a44975,2e-06
1210,train,5c7818c60f13959f,3051,743274,2e-06
14104,train,62134ccd592cbd19,1016,a59f61,2e-06
523,train,0652deb9ea3cb3de,4305,59fd3f,2e-06
3923,train,3605fb15f71f6a55,3024,bfeab6,2e-06
9808,train,b15b7a8d2aa10877,1031,6073e1,2e-06
12616,train,4e38d2239e699980,14241,2f5bee,2e-06
11246,train,d2930730b74255d4,4189,df0041,2e-06
14670,train,e0535948f7c4db40,11299,b46ece,2e-06
11191,train,e449638b35ee0153,11681,a5cd6b,2e-06
8874,train,5b12c2820960fce3,12061,970384,2e-06
4204,train,3322bd6bed58e8d0,5757,3387df,2e-06
5621,train,f301dbec1ca3dae2,12591,0a0173,2e-06
4168,train,4d300303e7daaa28,256,c1fc4b,2e-06
8222,train,5149713f046a1434,11032,562933,2e-06
14741,train,c7d83f2bbe190472,4313,01d233,2e-06
7622,train,c0339bbd2d26304f,7483,1c1123,2e-06
5550,train,d521f98a1374161d,14090,99bd05,2e-06
9250,train,08dab152d9611a71,11309,7ac246,2e-06
5147,train,c6764ab19a471224,5687,153b44,2e-06
9575,train,87c297b0e57e8d81,2918,a087bc,2e-06
5709,train,12abc8c852602e36,8142,b05e4e,2e-06
14851,train,6f5bc75fa2a7d4ef,10397,49180c,2e-06
4648,train,64a98190d8806164,1116,d860fc,2e-06
636,train,b68eb6b85472de72,12244,bd5a0a,2e-06
10229,train,118f2f8a95c2e8c6,5344,eab881,2e-06
5787,train,939eb6fe5c7d3a59,13018,3b6304,2e-06
9908,train,ef262abacf336fa0,4811,a51811,2e-06
6913,train,438ddfbad4d6d198,13832,2ec6b1,2e-06
13654,train,9c203938d1942d3b,7907,f82f36,2e-06
11343,train,2d9daaa74e7b4809,5986,f467b0,2e-06
1977,train,6912a05bc9571e1a,1999,d2f780,2e-06
8226,train,b5ee9a74911bf753,8245,da865e,2e-06
6077,train,0cd8978b9ef04d2b,5171,78e1cd,2e-06
14567,train,10c8dce3ce9f0295,2777,d51759,2e-06
4277,train,9395257a50b528e8,12171,a1636a,2e-06
957,train,ba58d12018118a2e,9235,14de3d,2e-06
13507,train,2b4da5a6e6f2fdbc,13117,8cf14d,2e-06
10521,train,425166df2f6b17ff,6807,ba4e8d,2e-06
9851,train,696d3f4a2d083d41,8144,0ee93f,2e-06
8947,train,c8f9030689cb2530,5292,9f8d4f,2e-06
10667,train,aa135e0340a720f1,14494,da9a2d,2e-06
14119,train,736cb14fb8ad2620,11866,1ab92c,2e-06
9725,train,0769ce00c6dfaa4b,2393,647d36,2e-06
14922,train,a4a91300cff3aa1e,1898,af3267,2e-06
9524,train,d5e8ba753c4d5140,5243,027021,2e-06
1511,train,c5c5d2796e45e773,11279,ec7e3a,2e-06
7034,train,2f9da7fb63b77b6f,13063,a869bf,2e-06
773,train,07cbd2a6dcb626b1,6380,82c4da,2e-06
4439,train,d1fbbbc1de628fcf,10988,dc9730,2e-06
3295,train,9f4c87958185dabf,7313,00340c,2e-06
7075,train,54aef916cbd7fc6b,437,402092,2e-06
717,train,de357c4d66f0bbb8,8747,c019f8,2e-06
12681,train,fd8d51b77ab20daf,14152,bc300b,2e-06
12169,train,ae33510a7ce8cbbd,4596,5728f2,2e-06
2508,train,da6b580facc5046a,10722,9146eb,2e-06
7190,train,99eb83552a157a98,8073,9f7ef3,2e-06
5088,train,c59a4c1e35ce1a2f,5999,60408c,2e-06
3738,train,c8ab80651bc93b25,3944,be9d9d,2e-06
7098,train,9c189d7d66e038c4,5485,e82e84,2e-06
824,train,9e79f9641cce01b1,9238,d8257b,2e-06
11584,train,358b0cf4323c243a,290,9ac259,2e-06
6532,train,7841eaaae5917706,3645,c63968,2e-06
11469,train,69f72dc974b05286,8755,3086e8,2e-06
11058,train,bc2dc880e3871b12,9655,525e54,2e-06
4032,train,267e3da74249afdf,9112,197ec1,2e-06
5777,train,7baed108db617315,3837,e93c55,2e-06
2424,train,4e20da755f278bbd,9107,9307b2,2e-06
3122,train,008fe98a76e04d45,6765,8720d8,2e-06
8995,train,310f192db59e867e,11049,8c1f98,2e-06
10771,train,57cc093b48a7a860,1330,cb638f,2e-06
10567,train,42d6f632b65075c4,2624,411a36,2e-06
5614,train,a1f9c2db3b40c4ad,4397,be9563,2e-06
9726,train,58c3f476ccbe661c,11941,7b51d5,2e-06
10197,train,6d50c11768520ac2,3706,7f2e0a,2e-06
13003,train,a0456e1866f7b674,10187,e33b22,2e-06
6092,train,ff69d831e1a5e218,9068,619d25,2e-06
3006,train,b9893cf955822927,1303,1c2de7,2e-06
6119,train,b56425d4e4a12b3d,2826,58f1c4,2e-06
5451,train,7705cd42a845d0ef,1908,b187f6,2e-06
12584,train,714f2034595e9883,9958,f9ed26,2e-06
3870,train,d0c1197ebcc0cd81,11351,110290,2e-06
14456,train,9f0ee09c4e50afc5,11539,44c3ef,2e-06
6651,train,da2ead224f68f077,8185,844158,2e-06
8384,train,97357c57b27a1fde,12428,8330ac,2e-06
13771,train,5599ad9f20db32b3,7125,a56211,2e-06
6744,train,c0debb5eec07b154,1654,ac597c,2e-06
307,train,6a0582ce03ebb8a6,806,8d6319,2e-06
6389,train,9d1527befd3abe51,8072,b1f531,2e-06
1450,train,5473f3e4cf393376,1768,d25d8b,2e-06
6622,train,41bd1b19ff141362,3865,99ca40,2e-06
11606,train,0e9e210cd22c75cf,9451,feb96b,2e-06
8231,train,e4731a57822cd709,1828,295e4e,2e-06
7128,train,f0f895cc04cffdb6,13541,0b9aed,2e-06
1726,train,418c63e838ae3216,3434,9e72fe,2e-06
7222,train,10c81e87a67af754,13920,e1302f,2e-06
10226,train,f886dc17e790c839,3187,ad6865,2e-06
11396,train,bde0324918a21982,2451,00af33,2e-06
12028,train,5b0f4e6bf285376d,13603,db252c,2e-06
10043,train,077e53ac899bd93f,12646,1e8539,2e-06
13449,train,d781291989aae97f,0,c6a048,2e-06
8570,train,7efac0f5826ba469,11844,c6fc44,2e-06
794,train,c4ce353b16c6004e,8005,1d7c75,2e-06
5237,train,680808f3a666571d,5667,afab3d,2e-06
9192,train,ece40bb5ef5a42c3,14399,3bc18e,2e-06
7308,train,63fe40bf42a7821e,5444,1e91b4,2e-06
10302,train,e2de54eb1486ba57,4002,2e3d39,2e-06
787,train,5d72e8529347f0df,1942,b22c17,2e-06
2657,train,3372b7dcb1c4aa2d,9506,1500ad,2e-06
6730,train,3637dd931356e3cf,9872,2560d4,2e-06
1517,train,fc9364588c06b131,6663,92a89f,2e-06
14541,train,4cc45b946a305566,13686,f14090,2e-06
7363,train,72c8bb7f17b98377,3466,b0fe28,2e-06
3405,train,645210af4eee02e5,2420,fe32f4,2e-06
8631,train,77744e7d9be0ba94,13016,b6b7eb,2e-06
7059,train,8eac16162ca495b5,7121,b29b91,2e-06
3233,train,f6f6e6e51f3baa8d,1729,144e0a,2e-06
5553,train,83713ccfe4ad6f02,7998,4bb2cd,2e-06
6762,train,e4bf472e2e1d8da5,10515,c40f0b,2e-06
9583,train,4ab98312d1c7c5a9,8911,adb7c7,2e-06
10007,train,cdd94e14fc6abb76,13497,dfc517,2e-06
2400,train,437ed1901b11725d,11355,055f4f,2e-06
2080,train,cb79fb342c9fab97,8371,cd205e,2e-06
10958,train,9adab1f275e897ac,7561,e83d5b,2e-06
4604,train,0088a64687fdbe4b,9714,89d1f0,2e-06
9765,train,7dff69cf20c798e6,8950,22dc01,2e-06
2793,train,e6485c104b985877,11804,e4c5e8,2e-06
14917,train,bfe7559feb00ae52,276,6b7437,2e-06
1169,train,7788e2ccb8771134,3107,0edeca,2e-06
6338,train,09e332c7cac6ed29,12103,2c53f7,2e-06
5967,train,1098ef28429cdf51,11305,512d28,2e-06
8452,train,33b6defdd70e2fe0,5268,ecf8e0,2e-06
7833,train,cde063cc8a17bca9,3358,da26b4,2e-06
4429,train,25bde65b5d882eb2,7413,a3969e,2e-06
5608,train,ad6777dc7e6b8713,9866,4a9fe1,2e-06
2900,train,37ad8443d8dcb664,11222,133d2e,2e-06
14326,train,ee33ffa9e211b4b5,2749,466bc2,2e-06
12496,train,fae7fe054aa53a30,3381,5bb54d,2e-06
14136,train,95675f8c0afaa00d,3053,a27ab3,2e-06
9565,train,cfaa2c1cfa8ce960,11134,eefc8b,2e-06
13153,train,3b1bf92af0df5213,7011,8556fd,2e-06
13419,train,e7f3f4b1b33e8171,10885,9852de,2e-06
11386,train,4cc480c16185e01d,4309,4fe350,2e-06
6965,train,d211faf6773e2503,841,9a5a66,2e-06
1625,train,5500da344304c1ac,4383,0b8512,2e-06
13664,train,9d15f74ad3c261dc,9587,2c5164,2e-06
5611,train,ca5d719b2a0181c4,2955,7bd1f2,2e-06
2706,train,2b86cf7543ebec88,10609,3d0107,2e-06
13570,train,c2e15c5aacf1e6b6,4473,58e6bf,2e-06
856,train,e5081fc9814262a6,3216,a20957,2e-06
12708,train,cf203566f1abc737,10953,544fb6,2e-06
122,train,7e25a78efc257f7a,2237,5605de,2e-06
7212,train,c392e2f1da2ecac5,401,2894df,2e-06
1275,train,b1934fe0b4e0b050,5806,ae6577,2e-06
5579,train,1fc97d55ddcb92a2,11379,08de22,2e-06
7346,train,7e19cb2a743dfbb0,1824,38364d,2e-06
13120,train,9ac9cf6bb4e6934d,11556,e9163f,2e-06
3993,train,478271645bafe3c6,8932,37a3ee,2e-06
14482,train,bcd8e22e1a8dfc77,4698,7f2b01,2e-06
2172,train,e9042c2d517463d7,8720,33e219,2e-06
12807,train,7e3f3c3c396592af,8070,630a8a,2e-06
6055,train,689fd186d8501365,13091,490660,2e-06
9059,train,1341a8adf807adca,9646,3dda01,2e-06
7245,train,5e132a8d39ab0a61,11595,61d5e7,2e-06
10754,train,5ab86c1221a379ef,4445,f8e7ef,2e-06
12897,train,96dc62f3c274b8f5,6359,5bc131,2e-06
11007,train,2f8560ced2ddb4e0,1787,49cdc6,2e-06
14850,train,3004b372eda7a541,3460,e510c0,2e-06
11346,train,a0a648bb6bb45d6f,5214,f80057,2e-06
6473,train,dc71f7d59d72c406,8826,b4ca0c,2e-06
11960,train,8512ccb8d908b7a6,7659,d5787b,2e-06
11091,train,39e7b869491d5bb8,7746,5267e4,2e-06
3643,train,3e559569e63593b5,12765,1b7839,2e-06
10214,train,ccfea4de4716079e,7331,12e1a4,2e-06
10535,train,b33dfba5768a35d2,5303,ce19c3,2e-06
9416,train,12198f5b09e9f1d2,7898,67012c,2e-06
13213,train,59dfacfce1316082,4692,3e66b5,2e-06
5681,train,bda82f7d23e2cc0c,6981,aff5dd,2e-06
2307,train,eb241920a8bbbf21,11216,563e32,2e-06
14477,train,4074bc40495082bb,723,cc6fe6,2e-06
4539,train,3f0ef7e09792bcfd,10349,e05834,2e-06
1849,train,bbf8973c64eb7ed3,11758,2166fd,2e-06
5478,train,6f985e63f32e6683,2976,e2673f,2e-06
12348,train,b37b153b3d71982b,6487,0988de,2e-06
14238,train,365ed7415b13d37e,11952,b7609f,2e-06
10560,train,9f0c3843b90ad6b9,9904,bfdf5c,2e-06
891,train,4513acc1856fbc66,14256,576ef9,2e-06
6963,train,b868e02931c3f7d9,3383,6d0cc5,2e-06
6995,train,29d74b7d0395bf02,13614,97275d,2e-06
611,train,f8106a1c13c23238,4054,4c729a,2e-06
10957,train,1c36eaede5af0eca,3130,39faeb,2e-06
12024,train,00b4db35e5c0be6a,11803,480005,2e-06
423,train,f2b8ef47fcc7b7ab,8595,f01773,2e-06
10676,train,cbf7c93fdb7e2549,7668,819eb3,2e-06
9652,train,0c8cedf4fd47bf8f,3782,6a04c2,2e-06
1498,train,becdf325578bf94e,10735,9778dd,2e-06
5779,train,e83d499c8f70291e,11307,48acf6,2e-06
747,train,35fdac9824b24571,13401,c3cf5c,2e-06
9146,train,f92fd19625c90d5c,10044,000b8b,2e-06
2281,train,94f085058e8066fb,13859,f00ca1,2e-06
13126,train,6d735289ee9c88bd,11760,38cbf7,2e-06
9232,train,456f6649aea64dc7,13785,b9dccb,2e-06
9119,train,95f2b2b8f8874c66,3378,c348a0,2e-06
6424,train,b99b0ae745a78ab9,9756,685e4c,2e-06
6293,train,dc25bd8a64d506f9,4416,76c018,2e-06
1653,train,fb229932a6ca9e5b,2880,fe6606,2e-06
1313,train,755f6bd94cce0a75,419,e711da,2e-06
4357,train,67e8fbbeddedf913,5186,4a4039,2e-06
9323,train,8171039e2dd83dd7,946,304c2e,2e-06
1508,train,04c3072ddc5ccd50,11627,4b1fd7,2e-06
9056,train,0250d6c0597972df,11435,91f748,2e-06
5328,train,6b7668da5fb777cd,1161,9af134,2e-06
7213,train,882136dd0d8bdb0d,1389,5794e2,2e-06
9919,train,d45d73eb68bab7e0,10779,1863ff,2e-06
9827,train,d898011f60442e99,2668,69523b,2e-06
10584,train,4c0dccf8acda6fed,2742,26ad68,2e-06
7124,train,568c43fffe228654,10618,685a92,2e-06
10790,train,8030323e518b3e92,2981,bb0bed,2e-06
609,train,8b894847dbb613d7,11821,cd38b0,2e-06
6047,train,acc797c75edfa670,14502,f7d3fa,2e-06
10303,train,845fa4275695ce12,7056,5f02b8,2e-06
8496,train,096ad012f17be9a4,6931,9c0872,2e-06
7154,train,6738a935fb185e79,7291,a615b3,2e-06
7206,train,ffe27b03253599b5,8790,d60110,2e-06
2879,train,967266adf043602d,3074,abfbc5,2e-06
14790,train,34531f2ea78d068e,3752,7fc20f,2e-06
13668,train,36fdde7b28a49e43,11820,1b387f,2e-06
10252,train,cd74fa85c5308da4,4615,73faa7,2e-06
14786,train,61396101ab8bd6b0,4056,232912,2e-06
2736,train,a4116bc34a8524ca,2379,2b2be2,2e-06
3371,train,ef0a4f76bbe3c5dc,2709,d3ec00,2e-06
12698,train,b7fb170e40ed8e31,4407,06f616,2e-06
8190,train,aeae09179bb0d659,1123,b541fd,2e-06
5194,train,9af77943dd5ef622,6296,dc493d,2e-06
10691,train,60fa36755a0c2e0d,9328,10f89f,2e-06
5250,train,43cfc846e60d2bb8,10433,4a9214,2e-06
13476,train,6785de7ef672e2f7,13189,5525b2,2e-06
5058,train,aa56f2644918b79e,13051,45ee73,2e-06
10589,train,46631435e05a22d4,11691,0d8df2,2e-06
11723,train,91af99e38b314acc,2439,3cd676,2e-06
12830,train,97f34efb36533df5,13178,5f35c1,2e-06
5848,train,2979126d824c7b0b,11383,dd1f0b,2e-06
10178,train,c48ab6828d79c914,10291,9b3f88,2e-06
14313,train,420d6eff6b9124c3,10012,3b7171,2e-06
5960,train,6eb110aeccbd86af,1527,01d81d,2e-06
11523,train,8567c9cce9fe59e7,10688,d63b10,2e-06
12144,train,2df0039d1bdae8c9,7614,00f4d8,2e-06
730,train,62bfc3e611c69481,3374,dd3136,2e-06
6608,train,9d7d804a947ca632,3619,dfa27e,2e-06
5352,train,36a9512ad3b0179b,7700,e83abc,2e-06
2932,train,5e4e3869ee47ae66,2187,3da25d,2e-06
13950,train,f25f97f86a514e6b,4112,6b4d82,2e-06
6737,train,e5efc7b5aeb498a9,2700,d56a0b,2e-06
4012,train,55e0edc098bd52ff,14395,c5c23b,2e-06
14111,train,1559af8944cb6820,7385,48f6c8,2e-06
13039,train,7bc5a73e81339588,6168,35a2b7,2e-06
13394,train,9fbc79616da84d53,13440,8fa9c8,2e-06
5445,train,5295f4db37e35bee,5735,55ffed,2e-06
8318,train,6a315ff2fa48e6b7,11552,70e7a5,2e-06
7623,train,c43ef5c53f634bcc,8981,133489,2e-06
3954,train,a1780b9207e1824a,6072,4781d8,2e-06
2759,train,ed9ea3ddfb98d839,13522,d55cdd,2e-06
8646,train,8992d6c92509d067,12569,a6dc83,2e-06
9541,train,a7c24651cedc42a0,3836,a21567,2e-06
8091,train,58d41c03c1114eab,424,82c46a,2e-06
997,train,183a9969601279de,12011,002384,2e-06
5875,train,77716de1430241fe,6628,e24ea6,2e-06
1796,train,372d0c109c27dda3,8300,c550e0,2e-06
4652,train,efea50cb1edae156,4024,3e7433,2e-06
1449,train,35ca3a1ffd4454da,14086,a565f6,2e-06
11030,train,b8f3ab03647b1edc,7844,e8c0e1,2e-06
758,train,c7ec4adce0730dcf,13426,37577f,2e-06
91,train,6f51f6319aa57ce0,9741,aca899,2e-06
8917,train,832151a2014f9777,11837,40aa54,2e-06
8137,train,ada349f59bb34f62,11726,c90161,2e-06
5240,train,136ff3bf35b55f16,5420,c8dcb2,2e-06
13503,train,a98a4362629e0908,12655,86e82c,2e-06
10588,train,10851ea7836ed729,5178,bd31cf,2e-06
1623,train,4a29ea37a8d86a13,648,b90744,2e-06
3376,train,02a3be7d3ec820e9,5610,18c029,2e-06
11118,train,afce0a228545a353,10438,ebd09f,2e-06
7225,train,da2a162b4f5e68ee,9147,62520a,2e-06
2253,train,2eb514b2c3eeffe3,5782,8f0a92,2e-06
9199,train,46bee59b9a8af24d,13660,4f6a26,2e-06
12974,train,e195c5f89bf80875,5371,fc744a,2e-06
14687,train,70b3c617497b1e7b,8343,5fc150,2e-06
1244,train,cba22dee8a043bb3,11809,1cf2b3,2e-06
1385,train,fbddb94d958b4db6,5804,8f9a6a,2e-06
14125,train,ab46f54d5787703c,10900,ac8598,2e-06
9266,train,449d28a9be1cfc3f,7456,c66867,2e-06
6568,train,80eb99f952e344c8,309,d59cfa,2e-06
11249,train,605bc7ddb2be83c9,11907,3bdd48,2e-06
6983,train,d16b89f0093114ad,12791,9c0343,2e-06
9866,train,8deb786492528d6f,4195,bb52d6,2e-06
2901,train,57f9634775afc426,2265,882338,2e-06
7677,train,d061c9eac5896ec7,2743,da04d6,2e-06
4678,train,7c2858a27aaae6be,3960,b73d39,2e-06
11026,train,0671ec619a7f47cd,4456,9cd16e,2e-06
5501,train,d95c66eff4f121a8,2631,af24c9,2e-06
2145,train,292074615aad2852,4220,73fe79,2e-06
13428,train,9ee8389e7b90c18f,6268,189c25,2e-06
6145,train,a8c12c0293c28a3f,11611,026d0e,2e-06
12590,train,d661921f0bcc09ad,5947,d79d16,2e-06
7555,train,8940bbfb9ded8f0e,8136,c92b37,2e-06
13315,train,3ba9fdaa82dc9d97,7420,6391f3,2e-06
2743,train,15f9392a49d4218d,12389,5a270b,2e-06
12927,train,fa4496d141435f89,12516,de5b71,2e-06
4243,train,9619c46e9f2beb4e,2397,fa19a3,2e-06
3036,train,ad3db5474cba55ab,337,f2127d,2e-06
12046,train,7add2147089f33d9,12325,b79cf5,2e-06
4951,train,4794792f33e00cf0,14323,981b03,2e-06
8388,train,44ca6396ef048c5e,8165,1f29a4,2e-06
7601,train,7465e1e8ea886a83,12907,e4d126,2e-06
10506,train,23683f7960d40f88,12109,2bd3e3,2e-06
3919,train,3f7cd0119464a95f,8458,eb59aa,2e-06
9852,train,383de0549f34371e,13073,22006c,2e-06
5766,train,dc144f9420f0fdf3,9288,7ab331,2e-06
3822,train,b384f26156af6e29,649,c3f439,2e-06
2620,train,8df82b69dedb3202,10426,eac1fb,2e-06
3987,train,b35b009abf1e2feb,11135,19a07c,2e-06
942,train,a41727f1b2da18da,8327,30c3df,2e-06
5680,train,32438c4ae3d1bdcc,4062,09eb2a,2e-06
7376,train,ab3298f3da9626a0,7901,1d520b,2e-06
7364,train,ad98e1a4c7b594b6,12260,086ee4,2e-06
8167,train,93b912dc6a35a451,2634,f07023,2e-06
3802,train,d60cd41b1af49ca2,10974,a14946,2e-06
6487,train,6ea962e23d83583c,2398,5ac25f,2e-06
14208,train,ca52b71f4b218f1c,8897,e5ee46,2e-06
1667,train,677cf2092da54ff5,8609,629087,2e-06
5511,train,31f43922442e1bf4,14110,6c8b98,2e-06
7471,train,a8e043598bda6615,1885,ab46f3,2e-06
10658,train,61e7da31e7010ed9,10972,224235,2e-06
13273,train,3cac713bc60968af,9327,1418a4,2e-06
5028,train,eae1183f6d2f3a56,208,26bd02,2e-06
12333,train,98059299624ab463,6545,56a84d,2e-06
6329,train,137f106440955bd5,6862,cc2467,2e-06
10212,train,bfd9ee4c57512f10,8640,1e780a,2e-06
2572,train,38f9ffa09290f7e5,9853,fbd95a,2e-06
9335,train,e110e5a8b4144154,878,673936,2e-06
4834,train,eb4579d27e98e3a4,6361,c37ebc,2e-06
9286,train,4d9efe7288164c4a,8974,496e9c,2e-06
7296,train,2995608d79907ab2,7285,6a6985,2e-06
12721,train,1b8e7ede39a21aca,11103,723f2a,2e-06
4254,train,05042fac1c77f94a,10721,f04b7f,2e-06
4988,train,cb4c1fa87df2e8be,4988,c4fff1,2e-06
10116,train,7868d5cea4e0a891,14245,78ebdf,2e-06
10962,train,8c00af7d9ce6de20,10615,da8d2c,2e-06
9877,train,d5672b3f3261ea55,11388,d424ac,2e-06
7608,train,2feadcfd61faa063,1858,e14ae5,2e-06
8973,train,f0d183c8223b56e2,3575,f4c30d,2e-06
667,train,74ebf6098e646b6b,8401,0d8f64,2e-06
12019,train,a0f29ea6b3e5b913,9874,0fdd14,2e-06
2771,train,da9a4a496408d934,5977,5057cf,2e-06
6372,train,0774e152b2be0f92,13500,c6077c,2e-06
2018,train,21e9e55422105e06,11261,671093,2e-06
6402,train,c82c6873b35bf37b,825,ebda01,2e-06
7117,train,48306f09210a366b,9477,2f739e,2e-06
1845,train,f972a8207865c6b1,13267,1455e1,2e-06
10681,train,c853621b8632a875,4246,b48397,2e-06
12510,train,9f2c0fa9ef1c575e,10510,e1c1cf,2e-06
339,train,e11ea720baf500fa,447,8224b9,2e-06
3145,train,0b6fba3554715249,2690,7febd0,2e-06
10572,train,29e3d473daa5aca4,5879,c83685,2e-06
12570,train,c04fed286f13a537,13386,446b72,2e-06
7952,train,e01f410197e38f28,9689,5cae95,2e-06
11410,train,95af8825e94fe29a,591,2259e7,2e-06
4352,train,e6e02bbb576f5968,932,3fbedd,2e-06
13725,train,b2da1309f795c045,1939,5f5fe8,2e-06
11228,train,73460c351280a17b,13637,cf9314,2e-06
5279,train,b2585e2253135059,13188,bfd045,2e-06
4298,train,5496067232d0e624,3231,da10eb,2e-06
1283,train,ececad93a466e00b,4968,9b3de8,2e-06
7371,train,4668357ea445f555,9060,f54cd4,2e-06
12259,train,fa08eba320ff97a6,6984,9f0cfb,2e-06
2624,train,f57b8b65fe47c996,550,97badc,2e-06
4899,train,463cf053c94c5b25,11528,928d1a,2e-06
11241,train,e6e632d3d432021c,12356,02999f,2e-06
5376,train,fe506609f0b8a102,9521,e99f83,2e-06
8352,train,7a4546a070e9060d,9168,151fa4,2e-06
9222,train,b3e08d3454a3c869,8945,d2e53a,2e-06
12446,train,b6341f1003153e0d,12299,cba394,2e-06
6505,train,dad3a4d4458a70e2,14299,8b9bde,2e-06
10817,train,cd80f54b9b1b270a,9298,ebb47a,2e-06
4892,train,3ae82421cca16bd2,6301,eabcd3,2e-06
13431,train,da8f7eb904127da5,12309,bb16b8,2e-06
1660,train,6aeec25fe4df6a60,11445,9f92f6,2e-06
6606,train,c532d9fa8765ec35,10429,18c592,2e-06
12497,train,1d030592e1b3390d,5216,6cfe1f,2e-06
2580,train,bf65df140c08a43d,9140,a6fee1,2e-06
13705,train,bbddf18a8dbb355a,9105,6aeef5,2e-06
12800,train,cf7071044594caa5,1893,f4af16,2e-06
12435,train,ca494e1ba61a4245,740,837eec,2e-06
10408,train,d9839deb5b037f40,14443,d58226,2e-06
11235,train,e6f0358624b03723,8076,ff6afd,2e-06
5639,train,3132a34d05415bb9,1948,c5fc2f,2e-06
12615,train,371f6c01ee130461,5609,5f4ea1,2e-06
14724,train,63d9303d4f712a2d,9294,70b06e,2e-06
7397,train,86b46872045cf998,2679,4e8877,2e-06
8672,train,7b6835d0d7574750,7173,b5a251,2e-06
225,train,35983d35eae3d054,6562,3143e9,2e-06
10427,train,2d4cbfc98ed8f46a,9711,601edc,2e-06
13202,train,d4671961465fde2b,5914,db2d62,2e-06
12099,train,67857f6a593c2578,3518,203410,2e-06
14257,train,09abbbb46c0da918,10996,fe3f04,2e-06
6955,train,94880263b88380f7,3178,afcaea,2e-06
12151,train,2fc619746564db1e,8218,2a5474,2e-06
9619,train,6dd998d888335e1c,14373,12538b,2e-06
5952,train,4d9dae301a808aa7,316,810765,2e-06
14658,train,044bd7037ead7a37,6007,c0d2d2,2e-06
8528,train,496fe05ff7367208,353,a7e1c5,2e-06
2516,train,ad40e42abd3f1c1d,11083,e3cd25,2e-06
9531,train,40056cc4b02473a4,1836,2c4820,2e-06
3359,train,e95a9d13a5e93aa8,13765,92276b,2e-06
10711,train,755031bb47ec371c,5995,c38c65,2e-06
9745,train,4cd192a8e162bd55,3750,86dce0,2e-06
7316,train,6a55e97eff2ac391,8885,50e18e,2e-06
6930,train,45a22df0abdbe736,9037,85d66f,2e-06
14332,train,0ab3775f39f63923,6077,270c89,2e-06
11897,train,7463e0abe948c044,12910,3d92c6,2e-06
6922,train,9fc46193872e8a69,13828,4bb362,2e-06
9736,train,b8155e6cdd083f19,853,98e530,2e-06
12940,train,2466f3b10a59be00,4541,5df850,2e-06
14588,train,a65b7ec792463fd8,10535,3cb3cf,2e-06
1708,train,09abb0cace681883,6130,af0c35,2e-06
10479,train,ddab09f2c19e3212,746,3bde0b,2e-06
2608,train,3ff1b9c64eb20ccc,2444,5a5ce7,2e-06
11450,train,0da2c8ca99524063,5067,faec98,2e-06
6228,train,0961c523a42755c6,6887,c55276,2e-06
10296,train,6b1268f6f8520607,13917,aa42ca,2e-06
710,train,568a6421c05b7f9a,3278,17dc70,2e-06
6519,train,883735db1fae3e93,14126,2bb595,2e-06
4149,train,d4f46eaa4da86987,13328,8aa0d0,2e-06
7864,train,07c60f2c72996ac9,13231,f5ed18,2e-06
14321,train,697f1cff5149c4d0,10677,2141ee,2e-06
6130,train,4398f93d21a50a9b,10164,f958d7,2e-06
13380,train,86cd82110a78f66f,10494,f05324,2e-06
9464,train,b4ffd22dd2a1511e,3698,6e1d11,2e-06
5379,train,6652c46bbcc275e6,2331,64c8bd,2e-06
6708,train,0a1b0c4ac6ad8b24,5961,9952f3,2e-06
9459,train,a345863cb749bed3,10605,39a82b,2e-06
11690,train,10d05f155f8906fd,4645,90a6e3,2e-06
5773,train,63483beae0b415cf,6816,3676ff,2e-06
3542,train,9ff09d799717c358,2647,e581ed,2e-06
3930,train,f8b3b786640f705a,4388,cb2ce9,2e-06
13235,train,310a2897d6535f90,199,15fb95,2e-06
14046,train,72f3432dc5ba59e2,3318,6c6d3f,2e-06
10044,train,ede13b455f85e60f,12723,0db283,2e-06
8161,train,08c7f0ce72bab9c8,11974,dfb460,2e-06
1586,train,c9c351c2cca5ded7,1615,eefb0b,2e-06
9668,train,cbdef7f9f30205dc,3904,060659,2e-06
5860,train,cf9e30aa4a86ded3,5111,4eafab,2e-06
13772,train,72f6327be22ab2cb,14260,84e094,2e-06
1494,train,768e7a9d6c91fac4,11211,dca41b,2e-06
7616,train,7a02be0b0aae3f93,8922,6d0441,2e-06
13210,train,4dd74031a679f506,7504,065d8e,2e-06
5145,train,ffd7e4102156823e,1078,9134a0,2e-06
11273,train,ce2d9bbbea614c96,7540,043928,2e-06
1816,train,11197ac6560c80c9,6434,12b70a,2e-06
6819,train,d06626c19023dc4a,5232,45507c,2e-06
9053,train,e57ab199e0999db4,7293,8a78ef,2e-06
4305,train,1b22db6776a88b0c,2750,76011c,2e-06
11018,train,af6e1419217dd6bc,2618,d3480d,2e-06
2784,train,bde73e652318d792,14019,a84e66,2e-06
3603,train,4038c50c2c99a8b6,13840,c4fbd9,2e-06
2093,train,039d6744cceca24a,1912,08c7a9,2e-06
14788,train,9d392fde664b0991,13226,ac5acc,2e-06
8123,train,e3fe1ce778a66e15,873,83075c,2e-06
14464,train,dbb6887174b4226d,6035,a876f0,2e-06
4194,train,4d14a967ec010ba3,7564,2950f8,2e-06
2563,train,f8e8751447ca1235,14340,159ace,2e-06
2267,train,c51ef098c52d871e,13129,5de995,2e-06
13983,train,b4794b34c655c19f,2780,e29027,2e-06
11999,train,eeef55702b175f43,3571,d7c0ca,2e-06
9946,train,06f4dd82d1533c02,4139,ac96cb,2e-06
2970,train,8daf67054e924337,904,a72465,2e-06
6749,train,0e70e89ed5dcb61b,14539,b4c515,2e-06
11755,train,22cee19dff55d728,5183,46904a,2e-06
4925,train,3fc2925c9d48666a,5722,d4cb20,2e-06
11412,train,ca8c11c0b0e01b1b,198,0cfc94,2e-06
12805,train,ed51013fc77dbb77,1238,a62a08,2e-06
6290,train,31803780e772167a,13527,c7d1e4,2e-06
7847,train,6c9584cbb51b0fc9,10610,8395c4,2e-06
7667,train,9b66d98e354af448,9394,473a50,2e-06
5526,train,c9928fe73b0906e3,7255,dfb6b0,2e-06
9576,train,f5e59aa28134623b,6,21a0ae,2e-06
3053,train,d7bb910612663e54,9857,ee0674,2e-06
13321,train,ca3a0fbf75dd5a93,6111,af03a0,2e-06
7838,train,42ea504cd9f235ec,311,f33e34,2e-06
2898,train,dc38551f9f9c8719,10363,29a9e3,2e-06
11645,train,05466e3722ed1d39,13424,795a12,2e-06
9318,train,0b51a8e8517ada6a,8253,466637,2e-06
5617,train,54e5eea330886f92,8847,259779,2e-06
9830,train,f5ef1855b088a0e3,9639,4ab95d,2e-06
6379,train,185bb47e2b9e47bd,7428,24ac77,2e-06
11466,train,8ff6db603905b0e3,13274,a8628e,2e-06
12720,train,1093a29bff650732,1902,4a5c09,2e-06
4849,train,cd681c6986fce867,5441,1a6424,2e-06
6635,train,053b25a6d60bd507,1395,d67949,2e-06
7115,train,0d7a7dcbf331408f,2576,a33fac,2e-06
12286,train,367e39f96a4375d0,8926,6bcbd1,2e-06
5538,train,296754d708fec5c6,11642,8d4c2c,2e-06
6098,train,a7beb5dc65103782,4028,43a132,2e-06
6011,train,9475bac1a7d5e14f,8236,828686,2e-06
2362,train,0144feeb65714db7,1246,2b2772,2e-06
7930,train,33951cef9e503b7f,10037,c6346b,2e-06
2014,train,23cd58fdcaf362b6,9823,d068d4,2e-06
13719,train,5eda6fa238b52e00,5266,e4d196,2e-06
2769,train,e31c20ddcffd397e,1840,1de86a,2e-06
7114,train,a3e06c60e3d070fa,11317,56ac93,2e-06
8175,train,697cb274b3b37735,11695,c0af35,2e-06
12880,train,74c0b3ba092772a5,9704,9eb75e,2e-06
14389,train,c0687049c2761b6e,10362,b79ac7,2e-06
1919,train,cfda666ea9971872,12241,2a8ac9,2e-06
5169,train,eaae5fbb3aeb618c,617,6f85c9,2e-06
14083,train,e40f38b0298e2f58,475,6d3ecd,2e-06
10288,train,e886320597f73349,9663,f0c662,2e-06
1632,train,4eed92173285d33f,13014,76b844,2e-06
1333,train,c67cc98d10f6e284,12032,64195f,2e-06
14594,train,7c3f6510456971ea,10987,d3aa74,2e-06
13732,train,a11f1ce5b1c04247,9783,fbe5e1,2e-06
6945,train,959cdbca659d37d4,10584,287aba,2e-06
13190,train,3df9a84921b293e3,1229,0fa346,2e-06
4497,train,f33b628d48a04a7f,8297,70783b,2e-06
6879,train,c49849b9a438e945,1073,b4987c,2e-06
343,train,8b9d6dd14f8db8f6,4633,7b3755,2e-06
8725,train,c8443e0c128f6197,12828,5029db,2e-06
8094,train,4c3fb40e4865b04c,2285,b0a0c8,2e-06
3457,train,77a79b09d3ce0ef6,8635,7d76b0,2e-06
13659,train,9c21ee686592ad2d,9810,393314,2e-06
12902,train,8cd3e93ca6d1b4eb,7223,f2da6e,2e-06
9991,train,4fa695d50a464b35,6286,52d83b,2e-06
607,train,6e3a06b74f489bee,1108,5eeb9b,2e-06
1515,train,96ce0abe897e9283,14186,63e381,2e-06
11109,train,f8ac9d48d28ca0a8,502,8fb6c4,2e-06
3726,train,310f82ef5ec5dc93,2139,662b6b,2e-06
5770,train,0f2d6a9b1a74a633,4828,427546,2e-06
11796,train,08e7aead9e2c262e,13298,986d23,2e-06
9150,train,363c1aabf94ddbe9,8638,d7ebbf,2e-06
33,train,2a7ec7f469025b41,12869,00c446,2e-06
1800,train,e178099dc5f1c788,6729,3560b3,2e-06
3512,train,ef014958dde5b76e,1296,36ea64,2e-06
6341,train,0cbbe05e2e0e6d1d,9426,1135e9,2e-06
12877,train,6aecc2bbfff38ff8,3937,1295d8,2e-06
9195,train,8b8b3931ce3fab05,3016,c40cbb,2e-06
3893,train,0222610b4d1faaab,116,6331ac,2e-06
3422,train,dcdbaaf819dd32a5,7734,602713,2e-06
9655,train,3fe9c611177a20c1,1932,73d378,2e-06
14206,train,82dedfeecfb4406d,2087,db91fb,2e-06
6716,train,10776c198d135fee,136,f22e73,2e-06
9660,train,48ac47fa500da58f,13962,172a81,2e-06
5643,train,febed1ba3c35c3f7,8533,81400e,2e-06
2158,train,202f6d081136a542,4770,def3ec,2e-06
993,train,9277e08879e7dcc4,10331,7cc60a,2e-06
9719,train,dc351bbbeb49b563,12883,2cd5a4,2e-06
13916,train,c448c4e8c91998a3,8027,b63134,2e-06
5010,train,a470e7edd232cd63,5953,74fefa,2e-06
9698,train,2b5e57ea31cf1402,12811,0194b1,2e-06
13614,train,ad73e794cafa8fb6,12995,b46f64,2e-06
8620,train,0138396e8051afd7,867,3c7be5,2e-06
98,train,1d7dc5e50e8fa1e0,5595,cfc8c3,2e-06
6238,train,9e204de0e5f8fa54,4306,14c9ca,2e-06
136,train,323e9e62cd9f8b92,478,a5404f,2e-06
9854,train,8227b1b52d1a8ab0,3608,6fc9d0,2e-06
12382,train,7c6efbdd4f8ce2c9,9364,e9a50f,2e-06
1862,train,00289ee8d6211408,14331,89fbdc,2e-06
10173,train,195ac39282dc9b6d,1168,60773f,2e-06
595,train,0a8aa528b8420547,13233,d9c25e,2e-06
12005,train,c450fd14a483916d,14277,e78a16,2e-06
28,train,01fc552d69f687e6,538,4554a2,2e-06
1689,train,c57c6f1ef6bcb13f,12664,48fb3d,2e-06
11824,train,0db2169b9123b882,6732,6a8c5d,2e-06
11973,train,75cdd4195b076a42,10715,b3f79b,2e-06
8507,train,ec601a011aa21992,9916,d817b9,2e-06
10390,train,2927c640706adf2a,10815,7b9b16,2e-06
3105,train,4225ed0f772ec997,13654,da604c,2e-06
594,train,bdca9931925f7f23,4107,3691cb,2e-06
12289,train,392379ab4c988fe9,9297,ae7567,2e-06
8351,train,a3264db2071444f9,803,035765,2e-06
9203,train,018919059e36baf7,5796,b73d43,2e-06
12224,train,66181964b29463f0,4737,c90d8b,2e-06
5693,train,4c35b801a6b30964,6949,5e8776,2e-06
4179,train,6fcbbca07a26d1b8,11319,ec69cd,2e-06
11893,train,a60f89487de66bd9,7915,524ca8,2e-06
10075,train,75485a86a3381e6e,1717,ea8896,2e-06
3684,train,8de46c5422645604,10944,b536c2,2e-06
9504,train,891f9afa134efa6a,5783,b1e744,2e-06
11775,train,2c2382e82024bd22,127,cca4f5,2e-06
1725,train,87a6728f277b83bc,10114,ba953e,2e-06
2327,train,cb20f860f193152b,1791,83b118,2e-06
7626,train,621890fe0e0d76c5,6267,65b608,2e-06
7927,train,49c8fb3929c8a7c1,3978,83ee11,2e-06
461,train,48d6e0b9c6693d6c,13244,9e5b5b,2e-06
13970,train,7b6ae6427e37c7db,1781,c7bce5,2e-06
10270,train,0e378b2145cad1f7,5892,ee9279,2e-06
10120,train,e8fad9c2e4a25477,1341,fa9b51,2e-06
1542,train,60fdef02f5a754bf,11011,d561cc,2e-06
14127,train,e260aee501d448fb,10710,543f6b,2e-06
8071,train,168ceeb61e5fd40f,4182,22a6b1,2e-06
11393,train,1492667c19270cc1,8723,b49efe,2e-06
11365,train,8990db9061251a0b,1663,1af262,2e-06
12875,train,b61ea303f97bbe96,12328,0aa7ab,2e-06
12914,train,422efa0691f45e93,6853,152e20,2e-06
13484,train,229257de87ac1d29,4449,f71de7,2e-06
3976,train,f92b17fad8caa841,13103,90e6a5,2e-06
5771,train,52e3a65a66f81857,3168,7e5f2f,2e-06
7684,train,40b503269539d8a5,12766,b2d236,2e-06
1373,train,edbb297102fe81b4,6690,4932ea,2e-06
12691,train,7ebd45fbd34cbd9e,5297,060d68,2e-06
12041,train,1a2e4813ad587f63,14545,ef038a,2e-06
5574,train,9c36a3fcafa63445,4533,293494,2e-06
10716,train,b79c820e0ffc7491,6382,bfe314,2e-06
639,train,6391ef2fb1a1884b,10246,619ed6,2e-06
13735,train,c3156a9d05adf964,3832,30affd,2e-06
8257,train,50d61a4d74cb63a3,2589,0f7539,2e-06
1984,train,16816fda3c6c6df8,10290,2ec45d,2e-06
776,train,6401ee5747804f46,6427,d34968,2e-06
14744,train,db759190fa8c542d,7407,4c6c89,2e-06
9139,train,9c330041a9d7d475,14261,93b1f6,2e-06
12033,train,24fbc867d28580c8,10192,5e1bd1,2e-06
9331,train,5dbc3f336fa24cf8,4325,abb836,2e-06
1372,train,14678962e664db28,2997,5e646a,2e-06
13133,train,253cb8c9d49aef19,10023,feb9de,2e-06
9176,train,66b4f1d4ced27d43,9225,918425,2e-06
7290,train,79bcc416955d90c8,2425,03f703,2e-06
4471,train,da8ebc71529b37dd,10851,9a5f2b,2e-06
379,train,a578225054c61f2e,8193,f3caa5,2e-06
12226,train,b8d8eaac05e2b3d8,10369,46408b,2e-06
5520,train,d87810e066ce642e,12294,94df0e,2e-06
14367,train,57119bd96a582333,7750,897808,2e-06
10291,train,a34e6da89dc69909,9732,e52485,2e-06
9849,train,f0fb8be881bfaf1c,1964,4ce915,2e-06
3689,train,96a15dadad9517d5,5741,52bd32,2e-06
12043,train,14607c4ab03fb125,2660,4348b0,2e-06
12180,train,10d6971fdd655f8d,12401,dbb10f,2e-06
7865,train,bcbc565dd12bce40,1066,24ccc5,2e-06
14200,train,d210966cb692a9d8,5514,8a751f,2e-06
12975,train,723ec1366e4ec5e8,921,9faa96,2e-06
4656,train,a1b37004cf5dd2a1,13843,69fa50,2e-06
11460,train,3cd129352740c200,8612,0d4c3c,2e-06
850,train,455a46c32018c642,2950,01b1b8,2e-06
5280,train,fe436dfb95a35258,13056,c4fd91,2e-06
12277,train,d5271451f4671506,11977,0d84e5,2e-06
10323,train,e3a8ec5bf8386080,11169,89b909,2e-06
2840,train,d6b1c3507d4953f2,14437,9869fd,2e-06
5126,train,968212e29c1d9121,2304,668ae1,2e-06
6618,train,af46b30f6c5d845e,1560,2f739b,2e-06
12649,train,7e5470777c4b64db,12695,e474c2,2e-06
4767,train,ac4ec61b56926d1e,4167,0e851d,2e-06
10935,train,334cce18b6fc5274,7423,6d5aa1,2e-06
11500,train,14b82628f8c0528a,8331,065c91,2e-06
5503,train,5161ea0188946cc7,12887,5af314,2e-06
13495,train,ee19b040b533ed58,3151,0199c8,2e-06
6451,train,772d8bb2dca73ccb,11533,e70812,2e-06
4464,train,1e52365ee884093b,11704,0634dd,2e-06
7888,train,e1eddbd91ef65f87,2141,6984c8,2e-06
7943,train,f258989355a37dfd,13438,a28144,2e-06
6224,train,f9258939c9c5d04c,5461,66ee8d,2e-06
3539,train,1cfdce744af098f1,6479,2ff2a6,2e-06
2500,train,4210c34925a9c1d2,13041,4800b5,2e-06
11081,train,96d73990e50adabc,13770,8cb5af,2e-06
2240,train,5fdb07664caea6c5,296,e40082,2e-06
5209,train,c59b17b597f17ab0,2582,0c40c7,2e-06
2071,train,ebf5c81a518b2eff,10223,c6d6d8,2e-06
3235,train,9d9c06fdf2fba818,1237,c5b758,2e-06
7223,train,b1c475fca942cbfe,8084,ac3355,2e-06
949,train,1989f59e06a75ec2,7608,e82840,2e-06
3523,train,51a1d6f068bf5880,8011,558cfa,2e-06
9744,train,13655fea82e8c0e2,4946,d18f07,2e-06
5672,train,a292ef3df441b0d5,11495,a78177,2e-06
1776,train,54384cc151d52762,8923,55caf4,2e-06
14876,train,bf72e49c43d24173,6370,82286f,2e-06
1157,train,4a808f6d382a68ba,5628,a9a690,2e-06
254,train,033fb3ea22c27136,13141,d3da20,2e-06
4508,train,83953902b88edd35,2607,ae679e,2e-06
8053,train,ac3debd5f984ccdb,3874,3328da,2e-06
8045,train,7eb209b585a89900,4391,aa19d7,2e-06
4151,train,ee737fbb8ee29445,10014,7b715b,2e-06
12781,train,8ae331fd3d19924e,13767,83cd16,2e-06
12872,train,bf0a45eb2f3e5064,3001,5853bd,2e-06
3268,train,b109a06d357f0fe2,14374,6a920d,2e-06
11502,train,6610a9b96a6338f8,1783,c2e2f9,2e-06
1563,train,f0605cca7aeb6623,5133,0887ea,2e-06
2681,train,a41c14058478de7f,8028,535f5a,2e-06
12490,train,bc44cb02c1a33a91,4244,7703a2,2e-06
5106,train,c742e41807e3ab1c,2328,f1e587,2e-06
1999,train,272ed423787bfe3b,12021,7c08d8,2e-06
2108,train,c9dde644f02e3d9b,6830,33082e,2e-06
8671,train,ba195990f4e5d94e,9604,8c9f83,2e-06
1209,train,a1fd27d5a138fc12,3423,54f7b2,2e-06
7048,train,2dc7be087ad76670,6703,9a71a3,2e-06
6702,train,00f852df99a4e326,5753,0cd2a9,2e-06
12849,train,21c69f0c5c2aab7e,1406,1e96e3,2e-06
2897,train,a8e0edfcdf831965,14285,8f1f89,2e-06
4174,train,35ffd0330c816ef0,9054,4e4cf1,2e-06
4971,train,4faf02f8f2e60185,3647,505ee4,2e-06
11126,train,7e890164bbb992f2,13355,f0ab20,2e-06
3842,train,98d7bde7c83b02bc,4971,48eeaa,2e-06
14892,train,4903b59e3f3c5ece,3526,dc3d3b,2e-06
8113,train,834f3f5c04fa7941,9214,0dceb1,2e-06
7050,train,cad1c16292b9b449,2598,27f488,2e-06
3884,train,a55e028f73a8336a,5201,41118b,2e-06
6787,train,04a9c1c0d8d8e459,8712,9af09b,2e-06
4616,train,175b8a144206d089,3127,b3a9b4,2e-06
6520,train,5b9e3de5437be605,8693,a7db4c,2e-06
14593,train,7e107d781707a2b4,5544,980f07,2e-06
3736,train,ecc13b31d4390ab2,12868,53ec9c,2e-06
7028,train,e70f4f73eb80262e,928,f13a5a,2e-06
6193,train,6da33ee5af80e27a,5547,d4f84d,2e-06
3496,train,f818238626a43484,3751,b68529,2e-06
2994,train,1fd29c74f73ca240,5110,aa99cc,2e-06
490,train,e065555ba38f384c,9440,faf244,2e-06
7993,train,11db5a99b92425dc,3588,56dbea,2e-06
1387,train,9cb8ae0e054756cc,6600,27fcbc,2e-06
12633,train,ee94ef8dd24224e5,3044,4f1c06,2e-06
2497,train,6a89f79c61deaf4d,14430,8cc751,2e-06
6773,train,763fe6682b443d4d,4816,6919c0,2e-06
5036,train,cf62395af08c5a2b,14510,b4a617,2e-06
7174,train,7442f975830c2e84,9258,d67709,2e-06
13814,train,f2f422717e240486,4632,74f492,2e-06
2721,train,76b3084e0748771a,701,c90eb2,2e-06
4531,train,8b3e61cf6a0f09ec,9895,b84e8d,2e-06
8529,train,1025a4ea71f33529,11114,a5b260,2e-06
1607,train,d6fafce20e5530fd,11422,4f7afc,2e-06
8924,train,7a72bbe88dfef192,4231,0fecef,2e-06
357,train,d9f64b1445512f42,4072,953c40,2e-06
7099,train,e60a8003351862a8,10811,d782b8,2e-06
13194,train,600b2371497a7b1e,3052,44ea4a,2e-06
8617,train,f9bfb445041a2767,10442,a7fecc,2e-06
1127,train,b50c8f3fe2e6abbc,1069,c8d66a,2e-06
12325,train,93920b3411134b93,11449,7d4048,2e-06
5316,train,f01f20f23af520cf,3312,10360e,2e-06
13649,train,16789e422bb39298,3736,8ef274,2e-06
930,train,e0bfbe6a6d5ab501,5752,9326ec,2e-06
6079,train,6083224014bb3fcb,4860,5aab4a,2e-06
9441,train,5c659dc2317d9ff6,2101,7d5d21,2e-06
286,train,067a141ec1e0af36,8702,3a78bd,2e-06
7922,train,5acc3131f8880970,6970,ecd811,2e-06
6320,train,c4dce0869452d0a8,13508,fbf718,2e-06
11401,train,b9dee58b99a44988,11214,12a966,2e-06
4611,train,b31ba74f682ef052,10993,577daf,2e-06
9965,train,c1d3d11f333bb466,8266,f34814,2e-06
7209,train,51e7e6cf65222992,3667,dc2ad1,2e-06
10758,train,8c24f3ebe9c1864b,12439,427bb6,2e-06
9263,train,b436c0d7fa200338,903,8023ee,2e-06
10744,train,f087518b81b3694e,9187,ba4a6f,2e-06
12777,train,0238d0de48c65d61,10572,59bb31,2e-06
6662,train,a7796c2ffc5defa9,13419,c07976,2e-06
6523,train,946d13aa85af37c6,963,054a54,2e-06
8423,train,d0b4206d85b855a7,7766,45721e,2e-06
10831,train,8c2e385bdd73a343,896,0ede46,2e-06
7404,train,514b544d43b7e486,3403,bf019b,2e-06
14330,train,c53bc419ed743cf1,413,960a71,2e-06
11459,train,39710e6c4d03a35e,6284,a6b940,2e-06
2294,train,8748e7445290750b,12589,22fabd,2e-06
13529,train,736c5e7f7dde25fe,6257,5dd8de,2e-06
12254,train,d092ea05265c8342,8056,9eb491,2e-06
13134,train,fa5a570ba6613dd8,13081,4cc452,2e-06
5690,train,cd8fb91a3526f836,13238,d4da2a,2e-06
8826,train,7534d9e8f9616eaf,5330,c760ce,2e-06
14251,train,a55e8814f0c01e7d,5015,bc2cb7,2e-06
13334,train,30faffb12377f9ce,10625,6bb7df,2e-06
2184,train,60006812b1e912e5,2083,d7d5d4,2e-06
14187,train,f861b6a4f4dc9bb7,4156,f39445,2e-06
4942,train,3d4113e2982a22d8,4610,67f72b,2e-06
5193,train,54129f1890a34719,3799,257b06,2e-06
13354,train,053cdd899ae831c8,12609,cec47b,2e-06
6760,train,2e8c882df148298d,11918,431569,2e-06
14177,train,bff9b499d118d492,13786,b47e28,2e-06
12466,train,8a55bab5d6d3615e,9180,9db2c8,2e-06
3367,train,7cac9848a5a61a01,13320,70cd89,2e-06
3354,train,778487f176afc07e,12618,3f129e,2e-06
612,train,794af7aa31eda503,9787,38a58c,2e-06
2805,train,466b9fe20518a4ab,5591,0905c3,2e-06
4503,train,01f19bcaf901b1f8,1969,a2c9ba,2e-06
13339,train,5cb2ea2408d37caa,2630,b4cb69,2e-06
9403,train,31ab4d7b2f9661af,11420,779651,2e-06
515,train,3f29d11552fe06c0,6051,952ec3,2e-06
5806,train,70d4e75d6b0901ef,376,60e025,2e-06
10056,train,ce850724f6bad1ee,1032,1b9ffb,2e-06
11585,train,4685d2b8cee1f6be,2406,471379,2e-06
10805,train,5a96b534a82a14bb,9381,57a3d8,2e-06
269,train,103782879954090f,8913,84cafb,2e-06
3113,train,2d66da50d422d758,9043,f46057,2e-06
2198,train,e8c1a9dafb49321c,11303,7eb9cb,2e-06
12392,train,375b35bbb9e6aed1,3992,6c84fb,2e-06
9428,train,6c661caa9d0f4459,6283,854cfa,2e-06
5079,train,101123d47edb61a9,13284,adf1b3,2e-06
6281,train,828ead5f4d96dbce,8984,68069e,2e-06
14666,train,4c8df0c3f5fe540b,8366,9c9db8,2e-06
294,train,5c2b323482addcbc,8026,25fee0,2e-06
10575,train,d9417bedce6f0861,7762,45adc6,2e-06
3936,train,37289afc39b75614,5971,f613cc,2e-06
4848,train,8f19d953bc5cb425,7266,ddf496,2e-06
3020,train,4fe997cb1aa18c82,365,b8a62c,2e-06
13117,train,0a3fe06208a604a9,6167,5cecc9,2e-06
8230,train,96272f1ed8261913,9116,de0a88,2e-06
5568,train,bb0acd1ba96776cc,1127,492b22,2e-06
6871,train,e4d7c956eec19c05,11477,1e7ee0,2e-06
3325,train,8b5dd2865ac84dc7,5474,fe13aa,2e-06
13542,train,b1061519dd7043be,12215,58017d,2e-06
9279,train,650dc23b6a75c439,9202,401dfc,2e-06
13707,train,2baa4b25550d8d20,4883,e1a3eb,2e-06
10678,train,0563f1b17a78e066,12737,88e977,2e-06
6837,train,53b83d9f403a6546,6199,497b87,2e-06
4054,train,0ca5783c1bcb23fe,8138,99ef0f,2e-06
530,train,009358166d58b28c,12944,92aba6,2e-06
6095,train,aa224f65c227e819,4690,cf4139,2e-06
8327,train,284069e2bc6c2231,6417,d55c17,2e-06
12638,train,ea9a6aed0a597ac8,14342,6011c5,2e-06
5434,train,01d4ab37c3a02ab4,9283,80914d,2e-06
14657,train,f589e2678ab2e17c,11868,67e39a,2e-06
1131,train,0ff26276085dc753,13278,621da3,2e-06
1258,train,fd658a0b8716a1eb,6675,40c4e0,2e-06
8169,train,cd6a4e6f52a70f09,7826,0eb37b,2e-06
10690,train,e0e91f31674d5a04,13242,36f852,2e-06
6241,train,e14d5e7bc775a9e8,2135,a9db4b,2e-06
4911,train,c2dd1e7c8febfc83,6425,60ab52,2e-06
8200,train,1aba9b6a5fceb0f5,8323,c14e58,2e-06
1417,train,0eb2e1bf051997d1,8242,dbcb36,2e-06
2723,train,304657f184eb5ca3,3595,ac94d1,2e-06
4679,train,ba7754c18ac9d77a,5907,d10eb3,2e-06
6794,train,2d6050d57b229100,6669,206b95,2e-06
12602,train,0f900d75eaf3c71a,278,a695eb,2e-06
8643,train,b76366d0e5fbfd75,9070,5d180a,2e-06
298,train,f8e7278ce0d789d4,5456,b4ee5c,2e-06
9639,train,3e9da7e1e8c1bd04,10970,a08853,2e-06
4933,train,58c53b7650a71765,10319,d108b8,2e-06
2089,train,cc33b2bfa8ad6c60,6429,6ef53c,2e-06
9510,train,d624e1006123bca6,11699,8cb098,2e-06
9443,train,40f95c09201aaa5b,9370,41bdb2,2e-06
11221,train,67c3a83abd4c34d6,525,b97d7d,2e-06
804,train,5e3325573c8a0661,14317,c54d89,2e-06
3524,train,89aaa618db2ecd10,458,94fd6c,2e-06
10875,train,54e6b18725f76e37,7671,77d40d,2e-06
1951,train,fcd763bf647436ed,9129,22efa6,2e-06
7322,train,c48a3748343d3c9c,3940,25c755,2e-06
10205,train,5946a82840b70107,6266,9428a3,2e-06
12890,train,9dddd73df8a869a1,2949,2076ba,2e-06
11149,train,ecd9aef0566060ea,13176,6636b2,2e-06
12214,train,2f0954c1896d376f,11599,803372,2e-06
808,train,f5574757d50a319d,6746,0656bf,2e-06
13538,train,62d7b7343297d919,3043,5a961d,2e-06
5619,train,36966f2dd193e559,4835,52fd0e,2e-06
11116,train,4c467166b1020793,5587,dd1ee7,2e-06
7418,train,7d8c939a2fbcc5b5,11389,109fca,2e-06
6870,train,ddef59e7890d8ef6,9745,58bfc2,2e-06
1460,train,8cae9a4d9a05a5a5,14282,46c937,2e-06
12100,train,b23136ae5c24c9be,8930,adbcca,2e-06
8553,train,bc6c81d0cc7966b0,925,d91bce,2e-06
11951,train,050da7d5b7ef363c,12444,94896a,2e-06
7820,train,75f4e6388b36b323,5702,27aaa7,2e-06
10872,train,aeb2afd0afef5998,12843,f2bc62,2e-06
3196,train,165456b44f07b647,12056,eb1112,2e-06
6289,train,4a8af84e01ec1d94,2140,580062,2e-06
10919,train,398f5256fb475b01,9193,8f5e60,2e-06
2530,train,2475af2bda180e54,9957,d20e68,2e-06
13799,train,4e024e383402e378,1785,6322ff,2e-06
8837,train,b3f43d502b9f0a8a,1035,933042,2e-06
5509,train,1e59095c16807f80,14193,aac92a,2e-06
4609,train,7a6eb14319b539e6,8686,ae03f2,2e-06
11707,train,04c248c215084c08,7676,7953f3,2e-06
14203,train,29b29dcc3aaa29a8,930,cbea68,2e-06
10448,train,f36aeed7e1c64c31,10293,dc57e4,2e-06
13080,train,86ebc487992083cc,12546,83f79a,2e-06
12536,train,e6d5c38db9afc6c3,8199,059b06,2e-06
9659,train,33ee2585ccbd5bbf,10978,1aaab5,2e-06
2864,train,01a3299738c2fae2,10789,d07345,2e-06
4105,train,c1561e9724ca64f7,12859,7aff52,2e-06
509,train,7e26ef9e7e438d36,12911,41687d,2e-06
54,train,ab46c36b599f1b7c,4009,1e550b,2e-06
2369,train,2411638906f2510b,9354,ff53c1,2e-06
6330,train,08c49bed60e1ce11,8029,a30bd0,2e-06
5040,train,5500d078618ca3cc,13349,c378f4,2e-06
7975,train,215c704e08618832,14542,e4be47,2e-06
9715,train,5a6e7236bff7c43b,14478,ab2922,2e-06
13332,train,75d36ccb7c790330,12786,1e0522,2e-06
857,train,fde28e6410f25c44,2258,696f50,2e-06
5827,train,6ad5f8cc4be79122,7566,3df09d,2e-06
8036,train,3463ac91e11bdc1f,12500,583c6c,2e-06
2887,train,97df264f1048e792,13471,b19c24,2e-06
10110,train,f178650b8b707606,5654,b30fd9,2e-06
4136,train,0e35b916cac43294,4102,45478b,2e-06
10300,train,d405c5f0605a1b44,5472,93e8f4,2e-06
4285,train,66f9d958e852afad,12117,8d99e6,2e-06
13936,train,39d994d69255b323,13861,5d115b,2e-06
771,train,de79e25c5931cb1e,10767,0801c6,2e-06
11898,train,d79000b624d19b20,11769,e0e0b9,2e-06
9582,train,3de30aabe2bd9775,2378,7ee379,2e-06
12415,train,ba15c206a71376db,11486,8a99d5,2e-06
2174,train,f9fa2ad2992e54f4,4111,f62820,2e-06
7853,train,6b3437032790e2e5,6551,6d75ba,2e-06
4192,train,2b798bf3c0050e3b,12151,389512,2e-06
1237,train,ee877e64b64122b4,8622,55e48a,2e-06
8809,train,098d428f2031ee7a,10685,58231f,2e-06
7747,train,53bd97e6573c72ee,9549,4db80e,2e-06
7621,train,17849f24ab6e3fbb,9727,405964,2e-06
7774,train,ef1926af180ed794,10227,95affb,2e-06
7891,train,bc710d388ca42ab7,302,b80121,2e-06
11760,train,bbd584e5159e2670,4590,732b79,2e-06
6621,train,1fb756aa0f74e459,10807,fd2ba1,2e-06
8731,train,4f99ec6e780f5464,4538,544854,2e-06
1320,train,03ec4e96b95c7204,6833,100f37,2e-06
9386,train,0fe100987432c50f,12177,344ea3,2e-06
5926,train,b4695c5b7ffc8225,2189,9c1f73,2e-06
6029,train,1e7f38c48b396c0b,1391,482191,2e-06
8762,train,780830603dc66a91,13821,0dca6f,2e-06
12999,train,989e7602eff1e479,9666,dfd4d2,2e-06
5928,train,3bb64728b6d223b6,8774,69a789,2e-06
14830,train,59a4ed17aa26b32b,49,5483ce,2e-06
5160,train,08cc25a7dba247a8,619,9fd614,2e-06
14532,train,5eab28d2780f2945,5009,0f6c3e,2e-06
11567,train,81e0a70abc964b13,13285,e84791,2e-06
11905,train,cae34e2d5fd105c9,13203,f476c5,2e-06
12057,train,26bd6add2cb38675,12906,31a7e4,2e-06
7136,train,3e95b7abf810a2bd,2897,9ac3f6,2e-06
697,train,c4fe577a35fc298c,10729,77e5b0,2e-06
11335,train,1c7776fee2531682,14243,c77739,2e-06
7978,train,6104b3bdeacbdd07,5770,aef9aa,2e-06
651,train,663048def139ca2f,1363,251d4c,2e-06
9351,train,f85f645db2cb33ad,9946,99ae2c,2e-06
5532,train,e729bc49b3c0b10a,11,c436bb,2e-06
12883,train,f1e4a9115981b403,5662,09d1a6,2e-06
1636,train,2e59997e4d2978c0,1713,f28e15,2e-06
1075,train,af74001e664994b9,6842,1b7efd,2e-06
10269,train,8417b41bb77f59ec,2945,b1ddc8,2e-06
12403,train,62ee726b13cb9eee,6709,10432e,2e-06
12589,train,89ec56f8c241ebfa,1674,9106ad,2e-06
11185,train,0b8b9196ec25201a,3247,d13c0b,2e-06
6841,train,70d88a19f78a2bdf,8408,179a42,2e-06
728,train,9f2089b8a889d98b,10121,9a6d93,2e-06
2144,train,f31a835a9b627fc6,6214,e4e6ef,2e-06
14013,train,1b8ede7a39cf565e,13194,f64e99,2e-06
11919,train,dcb9293fc615eea8,13236,387db6,2e-06
2378,train,0a2c80947bd71e8f,10315,51d449,2e-06
1076,train,842aa079e3a7894b,10720,fdd98e,2e-06
2397,train,c28a4d4beb12a9cd,13829,ac5446,2e-06
12888,train,8f3afd9f379798cf,2370,3e6157,2e-06
5253,train,f97c565467cd1c93,7751,599a6a,2e-06
11783,train,cf81360a1aa3a48e,1812,3ad971,2e-06
6221,train,a2d8ff4212003a98,13122,5734c2,2e-06
3770,train,aa753b3824197da4,12039,dbbd9f,2e-06
3744,train,77a53964fc929126,10676,567b39,2e-06
3781,train,d296a8ab8a35bdf5,5833,baaab9,2e-06
352,train,6bf280ecb4bfcb12,11027,8014d1,2e-06
9239,train,19d7f744dd73522a,10854,b2cc5a,2e-06
12362,train,9460c4009fa0fc37,12553,aa9120,2e-06
154,train,f78b411d79c7e0c1,67,e527b9,2e-06
7831,train,44f6fea5f5c22a91,9963,ef8b99,2e-06
5367,train,2427f7b9447f10d3,4970,2c0e2e,2e-06
12444,train,5279bd514d017c0a,1295,a07ffe,2e-06
7753,train,c993e48383dae3af,8489,79498b,2e-06
10115,train,3b8025b911821ae3,12575,cd4a31,2e-06
5152,train,2d160a8a85bb62a0,5606,627826,2e-06
8958,train,4520f9a5b1a1d0ec,38,ce72b6,2e-06
613,train,b6deac8523edcc01,13270,1b763f,2e-06
13623,train,10944f08c577e508,12125,3537df,2e-06
10063,train,68d243603df295b9,9599,2495c7,2e-06
5818,train,15a9972a58f3357b,10658,69c1fa,2e-06
2449,train,a957d03d3ac971f5,5669,d481c4,2e-06
4293,train,654edfd96f277e2c,12293,34de5e,2e-06
1778,train,da266eb95d8eea9a,12050,fead15,2e-06
7178,train,57ca09021c6ae24a,6475,a21402,2e-06
2684,train,80dbad78c3113375,14201,989d6c,2e-06
3214,train,b5c60b9e2000919c,13019,84a0d2,2e-06
7582,train,b78b3960542aadd2,8530,62c94a,2e-06
11359,train,7929c95a8eee1954,8363,b7a495,2e-06
10088,train,5a8a9cfaae82724d,1534,4cef97,2e-06
8001,train,012ee5fb42c1dc36,10096,c2b046,2e-06
8534,train,57841455f8edd4f7,8625,d2a9c2,2e-06
1222,train,aa8b22478d982539,4930,ba19f3,2e-06
13660,train,ef4d40bcfd3db57f,9868,65984a,2e-06
3209,train,a6caa70da0fe2b20,2768,43a20e,2e-06
1059,train,3bea12e9fbaacff7,3498,a64391,2e-06
11827,train,8339bd47addb930d,5688,e0b13f,2e-06
3700,train,d1cda3857dab8b54,920,8fe661,2e-06
13534,train,d7575494d4c3d80d,8066,6df9fb,2e-06
10130,train,7cb397911a22073a,1698,25141d,2e-06
2495,train,798edb8cee570d73,5615,0bb41f,2e-06
12949,train,e687ba63814f5fdc,9080,3fbde4,2e-06
8661,train,38f9601baf5e7036,4996,e80dc0,2e-06
3823,train,29175a19677ac6d0,11583,e79596,2e-06
10794,train,726147a7560e66f4,11650,c5feb9,2e-06
7507,train,68715ebaec96beb8,8919,11f8b2,2e-06
5119,train,99bdbc298686ab87,13160,472357,2e-06
7746,train,83b6c8823e7befbe,4417,3831aa,2e-06
14346,train,e63324040b9de17f,1309,e348c3,2e-06
4498,train,04cf0c811f2f3076,14041,c4b2b4,2e-06
12455,train,3fb5786ea146f7c3,8853,2d7de2,2e-06
3746,train,da6958bb02ab5eab,6924,26e489,2e-06
12532,train,86f63545d4cef969,13071,61bf3d,2e-06
3343,train,5d806df02fe263af,11255,e966e7,2e-06
2091,train,155331059caaf82f,14216,7287a7,2e-06
5782,train,642541e815f69fb9,5882,18d8c7,2e-06
292,train,8f17fa0b18d18a8e,2518,23bbb3,2e-06
3440,train,d743563d75821db0,11394,ded86f,2e-06
4427,train,157794b1738dc261,6307,daee6d,2e-06
11761,train,0ba081a2f0eaed80,3864,f6e349,2e-06
13463,train,7635d8c21d4a4a74,3008,51fc3c,2e-06
5437,train,a669ae2b5d1de21f,4192,f4dd27,2e-06
11357,train,344eeb1f8e21a5a0,12792,804d19,2e-06
13956,train,e9bc1fdc08df5857,8964,ed5b92,2e-06
11039,train,c504d6f365478b4e,4489,47ac13,2e-06
9220,train,df3b2fb9b418bf99,8462,a837d3,2e-06
13594,train,1458f7b57969955b,5571,0da11a,2e-06
5480,train,a0efc76689839c8e,12691,9437af,2e-06
13652,train,efdc73538215df00,12482,0af94b,2e-06
10515,train,00c4447bd6e7f167,10295,373e56,2e-06
10495,train,a038c169b0c64ac6,6122,e6f186,2e-06
9272,train,9180fb77da0534d3,11932,52818c,2e-06
2268,train,a5d93b10b77ab21e,5809,120ee2,2e-06
9772,train,a436505f9530a18b,2257,bf65f7,2e-06
13178,train,5f0fb372ef41b1cb,4012,113af0,2e-06
12342,train,83019fed7746c5f4,4656,74237e,2e-06
13192,train,8306d54e751d0e1b,4350,a83959,2e-06
902,train,2dc47e814ebd7a23,2493,536184,2e-06
6208,train,dba59eb91f7f9357,13155,d0f5a6,2e-06
12182,train,6c4b5780ff085118,809,393b5f,2e-06
1844,train,a2da95a6b371da77,13911,f780ef,2e-06
14497,train,b289972ff35036fa,8846,3fd0a3,2e-06
8283,train,5942379c349b48ce,13723,becd01,2e-06
14090,train,4bdd3e2d982fa727,10786,eee75c,2e-06
5939,train,e8acaf1c4966ff49,8615,d79cbc,2e-06
1643,train,d8cfad92ed54cd5e,4906,385d38,2e-06
4511,train,b9670b6c8fbef317,12239,698eda,2e-06
8943,train,83d199648fbdfd4f,13617,c08c32,2e-06
13245,train,a3eef80671f6dc34,12884,d2f8e6,2e-06
8287,train,b162693e655b6c9c,7537,21cfcf,2e-06
11820,train,c8c9422a9b350769,3918,71c445,2e-06
5342,train,20fa4cf2d8637537,11271,1e7267,2e-06
10068,train,e2e4419bbe1d8663,5717,56a166,2e-06
2113,train,faa592ad8d6dd419,10448,cf88bc,2e-06
5502,train,2b59698ce2007c9d,4751,c809b2,2e-06
3074,train,1ff24f7efa09325b,8921,a016a8,2e-06
12663,train,b8b80322c4e41d4b,11180,5a808f,2e-06
4630,train,f181e1aa3a6bcf3b,6882,6e47a3,2e-06
6898,train,b1b3d1f522e06736,3798,089e1e,2e-06
4366,train,bb2b91a3b5c48a4f,11040,f5919a,2e-06
8359,train,b1ecc0d9f12cec2b,6053,2f44e7,2e-06
2312,train,620a38d551bf1735,1462,7ed696,2e-06
7766,train,a15fc990581f85f1,9276,fdd249,2e-06
11322,train,f31a3049d0c67760,6005,a55e93,2e-06
5150,train,3fd10ece6c2f239a,523,dbe428,2e-06
6475,train,d33730c0ef327ee6,12079,ad01fc,2e-06
13240,train,1f4eb02dbb811957,12307,19e3c9,2e-06
1920,train,788dfae86717b2c7,1842,00ee10,2e-06
10848,train,598fc8728e230ff6,4822,857c64,2e-06
3415,train,214eccb3aff5a09d,2663,97d1a9,2e-06
14834,train,7326ac43e8d62ead,5814,564868,2e-06
9495,train,74f4313ce19ab07a,1438,667997,2e-06
1307,train,7007e7b974ca8f74,3300,06994b,2e-06
9823,train,eb45db5b3f0b6971,14359,b37709,2e-06
8281,train,cba78d0ea8297eb7,10711,e9519e,2e-06
3717,train,faade5d125965c56,8756,b3c3a4,2e-06
2419,train,1c21f7a14087eddd,3631,c00073,2e-06
238,train,074c06483190bdf5,14039,c10241,2e-06
5161,train,b7aeef30b99640ab,12224,aa1c50,2e-06
11593,train,02c55dcb19454237,13214,817c05,2e-06
5795,train,2db59789b218aeb4,4085,d27a9d,2e-06
6854,train,a00ddf85bccf6c20,8654,3142b0,2e-06
10835,train,a428456b0a86b7d8,10680,c12e66,2e-06
10631,train,7871ab2a9e58e69c,9517,54cf24,2e-06
10319,train,eb8bc2cf8ef7599d,6630,db43d6,2e-06
5439,train,1e68101f5955361a,3543,7dee11,2e-06
13797,train,ebf7844909c5065f,8665,19fdcd,2e-06
4171,train,e359e90ee22b255a,8156,5ad39a,2e-06
9656,train,74710859718597a5,2238,e36c65,2e-06
13098,train,33fe3642bf2eb911,4554,0628e8,2e-06
13927,train,1b328474e05e7206,9122,1e89ef,2e-06
10385,train,864a9ab09b7d7708,10794,5286a1,2e-06
892,train,794c5182a37a17ba,1325,182c56,2e-06
2334,train,37fe0d16a46f6df3,10372,44739c,2e-06
2218,train,40c2679c0117de20,12412,79584e,2e-06
10939,train,b6d899970d98a863,7681,ce82fc,2e-06
10299,train,d3c80a5f7d1c7a28,6436,bb829b,2e-06
9794,train,66b80376043864ef,4762,d680a4,2e-06
13387,train,a90f1cc23784c359,7073,b150d5,2e-06
5463,train,229b6e9af199a426,3977,0bdd49,2e-06
9708,train,73d984794663e383,14301,06ba36,2e-06
11320,train,c747228a43b6b146,9700,e4d7a4,2e-06
11724,train,87f0d08ddc0343d2,2711,2a2fdb,2e-06
14181,train,c9aef8f9874a4850,8532,33e768,2e-06
11556,train,94b7a70da76dbf81,7791,245d5d,2e-06
14779,train,87480061f55360e7,5958,7051e1,2e-06
9109,train,9e2480d16287128c,10736,f1f2c5,2e-06
8802,train,bfcb6b5fc6a894a4,14441,70e4a0,2e-06
11731,train,50e2f67164bbf76a,9296,f784b8,2e-06
650,train,96cb4d85ddfef3fe,13387,6b241b,2e-06
14055,train,bf6a50d8f51271d0,2125,37d00f,2e-06
2779,train,e24eaa840294ef6b,7583,3e1431,2e-06
5375,train,d6475dc7b0cc4b19,9005,62f58e,2e-06
10184,train,8e2e082a25e82810,1822,c2a315,2e-06
3783,train,94a73bd2dd992813,2574,71a902,2e-06
12240,train,63f4065921f138ea,6204,d0d984,2e-06
276,train,7d2ec34e7ce4c5ef,5792,411cb4,2e-06
10403,train,197c3ca06eb54fa3,10714,5e83a8,2e-06
9607,train,9c846d800ece7620,9778,909c6f,2e-06
471,train,b756180c55961010,426,1d0e07,2e-06
10257,train,c6df266c382d6e18,10122,a13bc2,2e-06
5149,train,0e42f1cb0df5abdf,3573,9d0f34,2e-06
11377,train,dee36542e2f1f207,6612,bda6d5,2e-06
1650,train,24bdf36303c74d34,10653,bb9829,2e-06
3402,train,c0ed4df0aec813d7,647,82a79b,2e-06
13738,train,60f6afa2b820472b,4080,9de503,2e-06
12869,train,e0a65f7a0f8c798f,14173,8b4896,2e-06
5374,train,a2eec16ddef2f3ef,12509,b25dc2,2e-06
14011,train,75d514b6a4c4fec9,1131,dedc7b,2e-06
1420,train,d76075701427638e,4675,d6a694,2e-06
10733,train,ea2c846fb5b772c5,10133,918151,2e-06
3768,train,e2e862c5224606bb,9038,fa3c23,2e-06
7024,train,287986417e4d4200,13428,75e58c,2e-06
13698,train,52796f206055f480,9092,000a21,2e-06
5876,train,4386d4d5568cc30d,1054,a1d612,2e-06
8334,train,fc740a16a5cbc64f,11386,06a7bb,2e-06
6641,train,cc9a94c7de821937,1580,8bf850,2e-06
9418,train,780f466867aff7fa,6843,5013f5,2e-06
14685,train,9fa3260d0b649def,14242,c08595,2e-06
9658,train,9c21c688814474bc,4711,421bb4,2e-06
13140,train,abeeba39a3b3c9fd,4146,9b3bda,2e-06
13817,train,f15aa4c0f04063dd,10078,5f9ba1,2e-06
13975,train,b5fb162e2d5b1114,2091,5ae227,2e-06
8034,train,5b07c50a6eab9c21,10496,82270c,2e-06
6236,train,29ebd40cbf0c52ac,10985,697be4,2e-06
4053,train,bf1342d956a91feb,12416,2701f5,2e-06
1971,train,77c97e61d0d5d6f9,7451,e9e99a,2e-06
7782,train,ecf692e031b3e568,6193,f1f099,2e-06
2670,train,02c5089df5faecb6,6504,5356fd,2e-06
14199,train,ae00ca52c122efb9,6507,74df2d,2e-06
11040,train,8bf8a92912a91436,4747,4af19a,2e-06
13486,train,787e7b4c18a9010e,13717,0a2b66,2e-06
3894,train,8539c1f6ec979c6b,7282,9255ac,2e-06
12210,train,93c260433d16ef7e,673,92f5ca,2e-06
12671,train,cdaac3fa30a056ff,3377,e933c0,2e-06
4380,train,159783300c7a5ed7,14209,b61ea3,2e-06
6173,train,4526ce33a1a318a6,12793,70965e,2e-06
3535,train,a3375a481eb081c8,3390,a98b67,2e-06
2160,train,ea6827e8735ae577,13460,e6463c,2e-06
586,train,b4861708c1f29f23,6330,978ace,2e-06
13429,train,3fdbb0a08c1fef56,12673,e46602,2e-06
6720,train,4c9c0ac109083fa4,4980,62b75e,2e-06
1248,train,fd128fce404ca7e6,6465,b465bc,2e-06
10454,train,eef11a6e2d7d47b4,2492,6a244c,2e-06
14029,train,12edcafe5ad1ec0f,7647,396df1,2e-06
3403,train,ab22411faae4a426,14544,1f46bf,2e-06
6602,train,eb624bab7c318ada,2243,87edfc,2e-06
6021,train,fb96a73f69242568,12379,e26d11,2e-06
9901,train,ed2c75ac9d87d766,4159,a84dd3,2e-06
11328,train,48b385c34c3d6ae1,6318,d21258,2e-06
4836,train,921729a7358dd472,3583,8a59b1,2e-06
4195,train,62780a9550fb0cd4,12062,f4265c,2e-06
14559,train,5c28afa53d288fd3,7035,d34e06,2e-06
7501,train,a3009a2c6015c1d9,386,ec047c,2e-06
8590,train,65adaae90d0d9023,922,95569f,2e-06
5182,train,43355125058f6c44,14035,f3c84c,2e-06
14463,train,a803b5cac786f9a2,7157,447e69,2e-06
11794,train,dbec81185a3db01d,10316,325eeb,2e-06
7405,train,cd6fbb10c33bf82f,10455,d6d122,2e-06
4276,train,9c3cb63e10aedec1,9862,6ba248,2e-06
12984,train,ca0ac25a20c32080,10991,3a6c61,2e-06
7986,train,31ed4da3ab916d4b,11273,afa58b,2e-06
1160,train,de6964228db7684c,12479,ecb7c5,2e-06
1139,train,0fe9b113f700eafd,13185,5a089c,2e-06
7251,train,a1fc3dd94385ba15,9111,2d4265,2e-06
11076,train,c9675ff7d996a373,12866,0e7afe,2e-06
11242,train,b43f5c672ed58e0c,11405,1b62cd,2e-06
11983,train,232d225017fd0d85,1319,74db7a,2e-06
8436,train,6598963d65d8e9bb,10702,9032c0,2e-06
12784,train,b6dd1f106819da10,14552,9585d7,2e-06
10609,train,b2cc041d67bce963,8539,9e15d1,2e-06
11619,train,4b92439d0e531f9c,1738,accfcc,2e-06
10752,train,95149d599ed8858f,14415,be8191,2e-06
11244,train,4fe9a33149b6d8fd,7001,d48a03,2e-06
4466,train,5ed6c1e3397dfc02,508,d016ba,2e-06
5808,train,b6e06a72964f1a58,9365,208846,2e-06
3615,train,30f37881db4c8ee0,2684,bd49d5,2e-06
5745,train,c2806cbabc9135d3,4900,64eb83,2e-06
12367,train,2c8e7b410a3069cc,13882,b29894,2e-06
5052,train,fd7418d9565e2ad3,12219,ad7e8d,2e-06
14644,train,950a2c45b79c6df0,13728,eee920,2e-06
6336,train,376811d5523c39fa,11559,969ff8,2e-06
4172,train,fcc430f9fcbc06e1,4549,4cd2fc,2e-06
13917,train,b54a528fd1d5a44c,14474,6313ce,2e-06
2916,train,3efaec6984c191ee,9698,cd7fa1,2e-06
10006,train,b76e5228818e426f,9967,ee2941,2e-06
14422,train,778fc7fb1b19999c,11551,da1709,2e-06
3508,train,b7bac8027a24314d,8383,0a7ae5,2e-06
12819,train,c62410fa291ce411,4749,2ab3f0,2e-06
5633,train,0b28b80d751f526a,7439,c69828,2e-06
9094,train,60b7a6b725e40ca1,3493,b7940b,2e-06
10644,train,9dd447c0adac1286,1941,df6f66,2e-06
1094,train,8888e8b17c83369b,10243,93154e,2e-06
1673,train,cb6aafaeb2e8c3ec,6381,b9adb9,2e-06
7436,train,81f1016f011d5f98,2435,c55355,2e-06
14667,train,b1579695cd9013e0,14339,7a69e7,2e-06
7172,train,6f79fe92e308433f,12386,e97924,2e-06
2193,train,528756cb105aaff9,1564,c8c6ca,2e-06
4962,train,e96ea0aba3b9dcd9,11631,112e41,2e-06
2830,train,ae076eb26ec59c82,10797,a32821,2e-06
4200,train,6503d198cdcecb8b,9937,4c440f,2e-06
10188,train,91434e076ed0606d,7258,14af30,2e-06
13915,train,6f096576e6989ad4,1152,41a3e2,2e-06
1924,train,e054150de63e6ffe,8936,526f1f,2e-06
3228,train,6502d1a839d739d6,12229,50092f,2e-06
6936,train,d6206604d4719db2,2293,24ed9e,2e-06
10866,train,c7cd23e6df5f5f4c,13044,4fdae0,2e-06
7160,train,d3a743b653b2020c,10116,0385c4,2e-06
2332,train,e633c0802257531d,12139,a58d57,2e-06
12990,train,eeec51902cdd3e8f,8962,ccfc92,2e-06
12280,train,eb0990a55e8d3226,14263,c18219,2e-06
12268,train,d75b174011dba744,5131,9143e5,2e-06
8014,train,ef481df8117ad4d1,5789,964554,2e-06
12860,train,10c0e2d03d7e0cd9,3726,07fca5,2e-06
14058,train,e800dfeb0979821d,5708,66f860,2e-06
9289,train,07028300d9267196,4559,7d5ba3,2e-06
2341,train,f209a171cfa4546e,8772,c4f397,2e-06
12117,train,02139620b149b81b,13335,f68846,2e-06
3517,train,6be651e15b8f15e9,13154,741b22,2e-06
2230,train,47d14011e8df1fc3,1629,55c597,2e-06
6986,train,d32bb29539b873d4,6621,8a96cc,2e-06
2058,train,a32e445808c31585,698,865a8f,2e-06
14339,train,af9c5de36195317c,6261,01aa99,2e-06
5457,train,c38d858d122a3e94,7287,d491ae,2e-06
13683,train,cca4de39958949cd,8446,5f09ca,2e-06
3207,train,f25ad667ab464467,5181,3b724d,2e-06
2477,train,b88ea8a374841ee8,5685,48a40d,2e-06
1694,train,fe5f74a1965136fc,12178,d4f25f,2e-06
8383,train,df5ccad4ab13e7f4,10769,888324,2e-06
2626,train,ee605967b998b40d,103,4754a2,2e-06
13183,train,fcd4d9fc10f3a1b9,6153,047d00,2e-06
2481,train,5c86218f532119ff,4199,ed9d0e,2e-06
2496,train,52d53d6c19561eed,9334,b4b0bc,2e-06
9170,train,5f15644d062137a1,11349,f19663,2e-06
13373,train,188024d115c20bd6,1530,4e40ed,2e-06
8145,train,803a20b5df6ca60c,6527,9ce66d,2e-06
9863,train,438c5b8e860c8dee,13715,e0d17b,2e-06
10176,train,c3965638e2151d1c,7086,48d16b,2e-06
8702,train,21e83d7857ad5c99,11360,8ccbbb,2e-06
11946,train,ee572eb48ed09171,14538,d39e72,2e-06
2254,train,55d93c4f47caed06,5385,c45530,2e-06
11814,train,f2f8bc5229c24772,4767,4fd429,2e-06
14881,train,5aa19a364a82a2cb,7175,256ba6,2e-06
9469,train,9086733b2827a12f,529,fffb5c,2e-06
13034,train,92ac94618768e2c0,1457,f433ce,2e-06
6106,train,801d0540f7ad3112,4843,972e0c,2e-06
5296,train,8c2020f680ccd1dc,10744,9e995a,2e-06
9796,train,d1a606abb268688a,4661,843861,2e-06
8853,train,5a80680d8176bb16,174,75499b,2e-06
4258,train,55e42899df716e55,4075,997091,2e-06
9228,train,2ae83a96a5dfa36b,6298,ee25d1,2e-06
7520,train,f5ce24eeb14ce067,8979,ecd9be,2e-06
5317,train,21a4d240776ff5a3,11338,a3b188,2e-06
5093,train,086b715dd82cab60,3152,2d8204,2e-06
4681,train,2365c63c8a7b3a9c,5673,aa0737,2e-06
10527,train,e74498bf16c3951c,4398,0ebc62,2e-06
2479,train,7d75d26a18945729,6967,0a3756,2e-06
3718,train,ab4348b481716634,7600,1bb4b2,2e-06
8807,train,0b43f3c70c00ee9b,11612,4853a0,2e-06
11462,train,9111fc9e42ff87d9,14410,7c7a65,2e-06
9409,train,8a7ee3479af47902,12496,7cfda5,2e-06
640,train,d0244b3cad127b5c,7654,aca69f,2e-06
9812,train,aabd54641c85a0e3,9637,223a69,2e-06
14298,train,fdd1713a2d975732,3129,866dca,2e-06
1329,train,cc852e1828ef8662,13955,3bb1a5,2e-06
13766,train,ea19787dea5ca5eb,5166,0e2e0c,2e-06
4807,train,d352ca1453baab40,13813,704669,2e-06
5034,train,b023766fb3757c3b,4730,2662da,2e-06
8426,train,eb6b13135abe0107,13045,4934a2,2e-06
3609,train,4e2c9bcb0eace178,11550,993d22,2e-06
9319,train,4957f6e326b88676,7016,23e0e8,2e-06
3578,train,52d3f43db6cdebc1,4985,b8d997,2e-06
7691,train,b66f15029332e4ac,2767,7fb5bc,2e-06
6294,train,cf61cf17120be45d,450,2b8f95,2e-06
1892,train,a51422acd96da3ed,5874,856cf8,2e-06
7944,train,26b9a24a007881be,7804,18aa89,2e-06
10383,train,c7a17392af29eec1,9850,39b0bf,2e-06
13642,train,99535571f0afea64,13638,92147c,2e-06
13708,train,3249de6c686af9de,12623,f8b2c8,2e-06
3695,train,a5fbd7717e98d8b8,7775,b65d16,2e-06
12165,train,a4102c65a611e138,7169,598d2d,2e-06
2537,train,453a5bc869b763f6,6824,c5c1c8,2e-06
12307,train,2ccf1ca3a56b588a,11017,9043c8,2e-06
4394,train,f3317bf79d08abea,6435,ebe15d,2e-06
1727,train,18fb42ce6a576e8d,9742,c7710b,2e-06
9252,train,19ca96d645ee403b,2923,b9b8a7,2e-06
5492,train,28f60145a84e819f,6905,45fa0d,2e-06
14079,train,6e4ce6ca76ceb175,496,3dfcbd,2e-06
12646,train,f66ceb0f772c06ad,2325,4dd96c,2e-06
5131,train,f75d4bb808fb3c94,7508,532a7f,2e-06
3146,train,55c9ffc28802cee7,4355,4fbe8c,2e-06
8589,train,6e8407f994f3c9b9,51,ef4c23,2e-06
6010,train,4df29f0d38a7fd4d,5747,a1251e,2e-06
868,train,31c1eec3bd652067,10196,93a6b4,2e-06
4526,train,7faa5cc72bd47f15,3042,2ed2f3,2e-06
2055,train,05eca1010a242e34,5401,1e9009,2e-06
10539,train,1d493cd4bcf0b1b3,4074,fbb6f1,2e-06
3617,train,20fc7468fe75b6b5,7872,45465e,2e-06
5731,train,3e468a5f9371da4c,11437,bca343,2e-06
14693,train,bf6845286d39ba25,4329,f3c956,2e-06
5135,train,ad5aa01f410917c3,5732,2324e7,2e-06
5805,train,0209f47541cc1858,2334,cd652f,2e-06
12168,train,b768a9006bb20e6f,7437,93b59d,2e-06
14041,train,ad2508ea12f14789,12807,358774,2e-06
12790,train,85df8ec9863da694,6586,8b4ede,2e-06
3843,train,d9c693ae938d14fe,610,61ac14,2e-06
3477,train,5ebb90eb8219d9b5,12644,f1ad45,2e-06
3124,train,35530b863e3335b1,4882,abca44,2e-06
13526,train,37853aafacb29bac,4138,f1cecb,2e-06
14293,train,eb27c4093edf434f,1566,9f60d9,2e-06
14802,train,b5b92f980cf7929f,13485,1bcd41,2e-06
7359,train,a72cde3faaea6d84,8647,a8f180,2e-06
11722,train,dce04aa4a012b3e0,13916,4b73cc,2e-06
6672,train,0dba540e194511c4,36,b94518,2e-06
9387,train,954911baa8f0ee9b,898,90a238,2e-06
1786,train,7115b6ec3c43fdf9,14262,a8fc75,2e-06
8328,train,868364199d2a1728,10539,b72c36,2e-06
961,train,8567951650f5d4f9,4601,96e160,2e-06
4007,train,34d77533bcfc2961,11224,476a40,2e-06
14175,train,837102cf3d0fc267,10822,56dde1,2e-06
9013,train,725a114ed1c0e9f6,229,0e91c1,2e-06
3866,train,97c8fe2fab40d767,7981,de9516,2e-06
11275,train,0a497f3aacdd3344,11120,4c3491,2e-06
11309,train,ded346673ad21428,10926,f7f67a,2e-06
1322,train,0e1dbc15d751de00,1744,5e98b5,2e-06
13400,train,dc4f26d4debf8353,1608,3fd744,2e-06
4230,train,5f7fdec4869d7cc0,3398,855d8f,2e-06
2812,train,da34fcb6167ed73f,12197,f32eee,2e-06
796,train,3ec6b22f988e9a05,12360,d505da,2e-06
5025,train,f8fd796ef1286e27,6309,242dc3,2e-06
13890,train,e38ab921cc4ce476,3478,ff9d50,2e-06
14560,train,d26ce59fa182dd63,12214,1394ef,2e-06
12436,train,735d135b73ef38d3,989,00d92f,2e-06
5444,train,9c63f53116688cca,12020,a98310,2e-06
7019,train,55ba3db2cfb439ee,1398,09480a,2e-06
9857,train,cc4b4359ab0c85b2,14480,5f3ad8,2e-06
1889,train,b91711e84d8f6e4e,16,ee1713,2e-06
2000,train,0c12a8008b6d71d6,683,3b5f0f,2e-06
8640,train,662143257b408c76,5323,bac781,2e-06
12744,train,cc72850e0a8e77f0,240,c2bef0,2e-06
11550,train,1f08fc69058a000a,9882,88d072,2e-06
7340,train,5fbc7ba8d42ae57c,9921,0c1f7e,2e-06
3574,train,056cd0790b6c9fea,10655,5845e5,2e-06
14631,train,3545890dc6657bf7,12580,e44387,2e-06
6203,train,3a3177b1fea82e33,11220,201b0b,2e-06
3774,train,3bc71e79a30c66f1,10682,caafe3,2e-06
525,train,d1db640e92e14bbd,5917,f76682,2e-06
6809,train,214e3629383ff8e2,7401,31c388,2e-06
3094,train,26fb4183809ef8e8,11014,120590,2e-06
14691,train,4276ce0b89e44fde,1160,bb2357,2e-06
5612,train,61a3952f99c3bd14,2436,6e0c58,2e-06
6187,train,5a8c23eb4caba01b,6638,4f369a,2e-06
3830,train,085438d455ce83cc,13306,167147,2e-06
9276,train,3ce79e45683af1a0,7170,188627,2e-06
12661,train,db3efbb68351061d,11311,ba1acf,2e-06
6234,train,458f5153ff49cad8,11756,0f7d34,2e-06
600,train,49d57f81fdfce7de,6446,9a9310,2e-06
3913,train,a6a0a5c58d4c70ef,4944,1608b4,2e-06
13942,train,5c62ae9488d2a06f,5625,1fa28e,2e-06
2045,train,c09ea71cd3f2cd46,7004,a4183c,2e-06
3722,train,fee8a36ef3dd6d53,5559,e307e6,2e-06
121,train,ca7c78fc7770d0ca,364,05a932,2e-06
12637,train,2a736a85d9ef0ae7,11391,275421,2e-06
7509,train,8764e603eb2af134,12332,a070a4,2e-06
8793,train,8095a22d5abcb79a,7213,3fef94,2e-06
1516,train,10e8842afab456be,1585,9d6f70,2e-06
271,train,829644ec6a3a1cb5,11826,1f8096,2e-06
1713,train,44ef493c0da408b0,11674,05280a,2e-06
8786,train,cb7913aa9cca13a5,11990,c71892,2e-06
4422,train,8b177bb8cfc85e83,10857,2c1e02,2e-06
1711,train,76e2893cd8b9086b,3362,ad6af3,2e-06
11015,train,51130399d5b51d9d,14130,f65340,2e-06
7044,train,ac676f28bea407ea,9143,4cffbb,2e-06
14099,train,e2e97b06eab34593,4869,6c12b8,2e-06
10391,train,a7d5aa5470395649,13624,70afee,2e-06
14754,train,f85b70e8cbb1402d,3995,0821c1,2e-06
13785,train,9d7a2eb7f1c1c8a6,11030,ccb9e3,2e-06
6103,train,786bc0ea3735d345,4103,50f8ca,2e-06
302,train,192fa5910d83156e,7070,c592dd,2e-06
13015,train,ec44db6b6168b028,3401,1aa4f5,2e-06
14275,train,b1b6338061bc53df,12922,d7558c,2e-06
1585,train,03c125f96908e6cb,207,dcda83,2e-06
13366,train,84f339253eb911e0,9432,05555d,2e-06
8515,train,14fab457535d68db,12783,254a4d,2e-06
10412,train,c75bd1f6dbdfaf47,7613,302255,2e-06
4567,train,ee903ffef7c42057,1,87bdd0,2e-06
5889,train,4324aa86a23e8520,7650,17571c,2e-06
8622,train,6604b33d653f7460,9598,ec4baf,2e-06
9025,train,ee2b09536d2c381b,13171,e17827,2e-06
11923,train,aecd6fad68edbf50,4959,0f9ea4,2e-06
1865,train,d22a4911c1682b14,7286,e564c3,2e-06
14137,train,397c3f1423c5cb52,13000,1b51e6,2e-06
540,train,206daed09a2725f2,5326,379049,2e-06
2606,train,42e87396299e2270,14450,dd637f,2e-06
4964,train,47dd23922845222b,282,5cf9d7,2e-06
13403,train,77902a2c4720e939,4721,ecd937,2e-06
8532,train,3731a434312fb978,13009,e0c1e2,2e-06
11616,train,3112b4533fa381a0,7484,4ef745,2e-06
12953,train,5f2b3a0938825605,2185,f3aa17,2e-06
4103,train,3ab7057bc79546cc,9640,7ba2a3,2e-06
12763,train,f1610454908dc6cf,12253,94557d,2e-06
4751,train,3bc02bb68f49ca82,7237,007435,2e-06
9925,train,f0b7fb6171529cb0,14367,42a03c,2e-06
6429,train,413e099db5d6c6b0,3553,4d7b99,2e-06
14038,train,024f6e9bd7330b8c,7461,9f265b,2e-06
13336,train,078b5c5c0c3c06cf,7251,f581f5,2e-06
10545,train,1b77a6499563df28,10612,feaff9,2e-06
7669,train,f8dc181ca3f36b96,11635,651972,2e-06
14539,train,3c56bc98e1d766fc,11802,cb2ef6,2e-06
7795,train,0f416ad53c5b68a4,7903,b777dd,2e-06
7530,train,8410d23a7b4b2155,14134,ec8c99,2e-06
1018,train,f5e37ad4ee64d1c2,13800,7c62f1,2e-06
1145,train,b1e4cdd631cf8dd0,5191,5c751a,2e-06
1095,train,123dbee5eba22479,10891,57a860,2e-06
6575,train,bf666eea48bc84dc,8369,ab9fa9,2e-06
9214,train,8214cfe7d4b273f8,12408,a00d39,2e-06
1762,train,98c70dda824df299,2733,b140c0,2e-06
6332,train,02172b0980ca9169,7579,7a8b51,2e-06
8505,train,841300eb34923a4f,6538,245aba,2e-06
5999,train,bef820bbdd40e6ed,9814,0fce01,2e-06
4292,train,3fcb802c2a7ca240,10183,76d331,2e-06
7045,train,772a29a8365624f1,11731,68902b,2e-06
8563,train,39ae959771a66c7f,13199,e62721,2e-06
12611,train,a0a1aaa5a27ba62a,8890,90eaff,2e-06
11411,train,ee867eae62bcd873,11143,00019c,2e-06
499,train,b50a57732d3a1b2a,578,f20843,2e-06
12142,train,ef9561eac7a35b06,835,62f87b,2e-06
11957,train,2406ea4194a797e4,5226,890b93,2e-06
1054,train,1b4dfc8a0174be9b,6092,1385e5,2e-06
11218,train,f6b2114d931a819f,13727,596d60,2e-06
10804,train,bea35437772853f6,1486,c11a26,2e-06
3743,train,c2cc958c002e6e08,13595,51399c,2e-06
1914,train,36e0b6f5b1e3f121,6074,d6a8d1,2e-06
2115,train,4a861c37158e1239,5377,5f883d,2e-06
10023,train,a2e42099b55b3289,3845,3d689e,2e-06
2012,train,0a73c84b6b74e3b5,13594,ae50a4,2e-06
2594,train,61c6c87ca9c46313,2778,7cb0dc,2e-06
7455,train,7f98335455227caa,13664,680668,2e-06
3470,train,ee15d1f9861a092d,11943,30317c,2e-06
1407,train,4e26aa875ad3e76a,12540,803540,2e-06
3699,train,b7d9da1b661786e3,823,b7f202,2e-06
10649,train,921e91e211f6f604,11419,0001e6,2e-06
11472,train,d3d708b9dfe2dae2,5521,9f3952,2e-06
5605,train,4acb9040f50812a5,3650,260ca1,2e-06
5069,train,e0ce336419ae974d,14525,8dd49f,2e-06
11219,train,244515987e8ef476,2363,e1520b,2e-06
9498,train,f151e636105b22c3,8043,9ad4b4,2e-06
5452,train,5be284b20261deba,9458,980d91,2e-06
9455,train,b9da2b586625ddcc,1010,e134f1,2e-06
975,train,262d2b4aa3848646,13802,79c198,2e-06
6044,train,15e82d36d4cd7fa8,12606,238363,2e-06
1279,train,c5c16f9e93a19943,4732,6af661,2e-06
9026,train,663a1d2fc7018965,11442,7500e4,2e-06
8487,train,6c81384fad53002d,2934,7fa14e,2e-06
9738,train,95469ebce4a9710d,4335,bad927,2e-06
11124,train,8b328d76cda75443,9369,adff7a,2e-06
3950,train,cf90a2441b1cb992,3920,5a3422,2e-06
14273,train,142d42942bdae151,5098,c9672b,2e-06
12273,train,a279d301a5728923,4006,959882,2e-06
6383,train,92af9197290c4d88,510,04d6de,2e-06
11953,train,f010106ced20de09,13835,6bb03d,2e-06
3642,train,b6d39a64284baae6,3976,9a22b6,2e-06
6711,train,e9060a7e716b5dbc,12044,26c97e,2e-06
14492,train,279e211b979d76d0,12925,823cdb,2e-06
3116,train,2ed3451ed4750c36,7609,e985fb,2e-06
7814,train,13fc309a2d50475a,9673,483c0b,2e-06
14279,train,19d793f83d76a00e,6554,27aecc,2e-06
3741,train,61c5008848eaaf44,4805,9c0e7c,2e-06
8633,train,e4c22fa247755810,2791,803efd,2e-06
11817,train,659311f24cef5614,10083,f0b0f7,2e-06
14854,train,7510cc1b3fc5449d,5581,7aa62a,2e-06
3087,train,c4b7a684d5502129,11423,d4f163,2e-06
9896,train,aa498911fe41e33c,13416,4457cc,2e-06
10503,train,09824ec7ca7bb538,1792,f97fc1,2e-06
11448,train,d72c31280692f51f,6191,53d816,2e-06
11342,train,fa780e8e940a0008,4339,5d180f,2e-06
9157,train,c53c395d40c3a3f5,12180,1ec2a1,2e-06
10850,train,6a4ed4c792abf224,9352,aa8047,2e-06
12328,train,71c2ffc0c9406e61,432,d4d4e3,2e-06
3302,train,d8e049194cb5331e,304,5e502f,2e-06
13305,train,ad3aa0156f1594dd,5394,6aa574,2e-06
664,train,0b00244e186818ee,9751,ecd095,2e-06
1090,train,6de2bf82b07c16ff,10931,66d10a,2e-06
14598,train,a33665bdc46842ab,10026,280d27,2e-06
13818,train,90a37f24ceda38c7,13573,aa6ed4,2e-06
3399,train,c0367bac8591a71e,10136,6d4a7b,2e-06
13174,train,6ecec32af18d29ea,3492,c8a494,2e-06
3504,train,812e76b518637b9a,13187,b21f12,2e-06
3016,train,baef92727e31f300,8061,cb5593,2e-06
6540,train,9d6ba64365baaba0,13291,37818c,2e-06
11031,train,38b9cf1478a95e1e,473,fc35a6,2e-06
5368,train,d9c72bb62103a202,2875,aa353a,2e-06
2190,train,75e96df8b65a1b31,466,290ac3,2e-06
368,train,9af104b3d8871a6a,2239,7d034d,2e-06
14059,train,7b163a6a69250374,10215,7a48b9,2e-06
7292,train,5f2c67ee23411b44,7340,0927a4,2e-06
6882,train,491bce6006e28682,13909,f17c54,2e-06
11250,train,8e14436252f240bc,2475,b9c645,2e-06
9790,train,fac9742a16734497,7770,d2a4a9,2e-06
2178,train,7e5d3cd48c2c658d,1878,edcfcb,2e-06
13568,train,2b940798d4c39b1d,7106,4ee870,2e-06
14210,train,cefed420ec042126,1734,474cfc,2e-06
12118,train,bae67e58f3a210dc,10865,a855b4,2e-06
1120,train,efee08f9c8f5c6d0,8172,3e76a5,2e-06
11652,train,70b4d1e6335c1df2,5852,73a099,2e-06
585,train,2a9c445b26a6d019,12170,70244d,2e-06
13713,train,74ac0b98e962f41c,4170,533fae,2e-06
12026,train,e3b366478caf68fd,518,8791b4,2e-06
1648,train,e52780dac6d442ce,9656,48c242,2e-06
7244,train,e52b25f5ec02376c,9459,208463,2e-06
8275,train,3de19a96e3bcb3a8,7137,1774d1,2e-06
1720,train,a6fc03cbd546981d,4545,4cc296,2e-06
11977,train,1acb307d9164deb5,2173,5f0a43,2e-06
14363,train,eaf5dbb008d33108,4336,8a98ca,2e-06
11216,train,b86a7d8e7969236e,3115,ab34b8,2e-06
11926,train,d0330942837415ef,8565,41a02d,2e-06
11054,train,6ccd2836e94a00db,1485,ff6d1f,2e-06
8799,train,2a2e08e1dea84307,6837,66e218,2e-06
12802,train,2b2bef638883e13e,13444,2db9ed,2e-06
6138,train,cae5c07bdce238a8,14153,e188dd,2e-06
10307,train,a515613c49f9d3c8,329,03dde5,2e-06
10598,train,c1f06bb32b682c8a,13373,0bcb6e,2e-06
9840,train,39be5205dbf043bf,5946,bfc02f,2e-06
3833,train,c2da117d7740704f,6806,466e79,2e-06
174,train,abfcb31acbc808e8,10402,a19c46,2e-06
142,train,476664c7ac0c6445,9964,6be93f,2e-06
7733,train,0ba46f4b94e82108,336,73e2c5,2e-06
12197,train,2d7cb4df8d6fd8a6,3790,973b68,2e-06
1064,train,d23c19b416299236,5546,103757,2e-06
11538,train,2f56ba9067eff61b,3738,388250,2e-06
3161,train,30a96c4b0499a6dd,9036,a852da,2e-06
3241,train,a2aff0db92011694,2611,fc0eff,2e-06
7133,train,7473d3eeea445729,6387,e4e73a,2e-06
12269,train,94ba7593cd5823f2,5278,6402f2,2e-06
6246,train,565eb0ad7c6ebe6a,7215,9dfba5,2e-06
4382,train,0a3451a1923d9980,530,d65139,2e-06
1520,train,f6c90c33b23bae99,3186,0f759b,2e-06
10352,train,cb305053dcb732a7,3292,a75fca,2e-06
1122,train,9fc92e4edb31556d,11390,3bee25,2e-06
5630,train,633e6029fddd524a,5895,4d3fb1,2e-06
6648,train,af9ce77e4a8752f6,8269,33689c,2e-06
3118,train,3f17f3043e7dafd8,6945,45aa24,2e-06
9488,train,89f355607a8b5ead,12375,56d7f6,2e-06
1007,train,80bbfcc8c3bb4719,11904,8cfa8a,2e-06
2505,train,0d1c6859b6ab721b,7386,d521f0,2e-06
13401,train,1a4b91dee8bd4419,4016,598af6,2e-06
4827,train,e157ed9158cd5955,10387,f472ae,2e-06
2541,train,0cfe645f63b2d3e7,6651,3d304c,2e-06
10325,train,f35576f43743ccc3,10375,6493da,2e-06
4085,train,4315de2622865cbe,11018,08f0d0,2e-06
7955,train,9084c5fa7af508b5,10153,6f9650,2e-06
7422,train,9b89f30bccf83522,8975,fdec1b,2e-06
3632,train,f6b237fdf5d294fb,10651,823b39,2e-06
13477,train,33298d2d9d3826cb,5605,5ef370,2e-06
10517,train,1046b52c911f162f,11515,288ea7,2e-06
13006,train,60151592a7a3e54a,5799,b73220,2e-06
12092,train,0ef7561cc6b545af,445,813de9,2e-06
2647,train,8ffbf3cb75eff931,4264,e72780,2e-06
1686,train,fae5fb86b236c219,6467,db7689,2e-06
4519,train,cd2ea5cab0fe0037,1625,842166,2e-06
5592,train,b08347cb472073f7,7575,5b022f,2e-06
1584,train,5f650fc0242d115b,3106,6f20db,2e-06
9315,train,bfad0bd49782fe0f,8288,4b12ae,2e-06
3098,train,d70d1dd5c00e9983,10620,239a64,2e-06
8465,train,95b20ad8691df467,14423,2a0db9,2e-06
1963,train,a6d6c46f2ea0047b,8526,c0c181,2e-06
10093,train,f5c8e9f83a7ff709,812,079374,2e-06
3451,train,7961b9ea58ac0e1f,8653,8d6157,2e-06
9862,train,6550ad20f27b509e,9286,26ce99,2e-06
8364,train,b8a93f5b42230746,3034,5681ed,2e-06
14759,train,e8050d1e03b4dba2,4010,810e4e,2e-06
3183,train,cb235a931dbbc1e3,3036,47d13e,2e-06
9354,train,ae7ada983518c9dd,1012,2f42e9,2e-06
1981,train,eb71b6ffd437707f,14457,77ee0d,2e-06
1015,train,9485056eaabe93d1,1976,8b30ca,2e-06
10058,train,8fe8be8c0310c8aa,1793,3a1c61,2e-06
6285,train,9a6201af5ecf220a,12841,d97fa2,2e-06
3995,train,e6710f3d06559169,1204,ccdf37,2e-06
3798,train,aa0db7c7fccd62cd,991,93dbdf,2e-06
4771,train,18b35284f260b1a2,13447,9ecb2a,2e-06
11877,train,e1af0fd017bb1ccc,1972,aa85fc,2e-06
7815,train,7289c943b4f8fc1d,10382,280f9f,2e-06
11192,train,144685393e68eea2,9400,41affe,2e-06
10659,train,d20f7de39ec6cc5b,13558,e0b86e,2e-06
3297,train,101892b5214b6ed8,1597,7d97e2,2e-06
5838,train,92c7218f66e1eb07,6995,bca11f,2e-06
1751,train,07ee7ed4557ee066,14411,83b194,2e-06
11588,train,a61ec6717d423bd3,4621,d929c3,2e-06
12109,train,39a98b4e5163673e,10946,434993,2e-06
6801,train,c6545b62c61b6cd8,12547,21bf17,2e-06
10113,train,aa2e750df8c2e916,839,d37c87,2e-06
14153,train,af4098e1d04832fb,6211,f48a96,2e-06
6942,train,9d9254e66e0015e5,3835,3af935,2e-06
8769,train,22469d7562f74648,9687,88cfb1,2e-06
909,train,5ea0e9f7ebe8d31a,8972,29d6ab,2e-06
11146,train,c20afea4df6b827c,2910,5535a2,2e-06
4833,train,13cc6af4e365c2d9,12188,76df2d,2e-06
12064,train,2ff4863c6d93abb6,13695,d54ed7,2e-06
10953,train,49bc4c13aef5975d,10831,ea0a92,2e-06
14586,train,8a5cd5789bb2f05a,4783,fdd1fc,2e-06
14430,train,8a7408875346cb06,14553,648e45,2e-06
4284,train,83f933badec43d75,2687,2959ac,2e-06
2016,train,6b5bd65774e55fd8,13394,e35f34,2e-06
14092,train,c7f51de12e382b50,393,d985ff,2e-06
5081,train,17a1eaa8248f7b5e,6702,d56e59,2e-06
11455,train,d6033721200c4f6b,10945,3c189d,2e-06
7706,train,b46f166d876d2e2c,1089,83434d,2e-06
2581,train,96fb78e2b1b1ded0,688,d413d5,2e-06
11199,train,5e22485da4e4fba8,6689,4e431e,2e-06
4411,train,94c4aba4ab25d8e8,9612,fcae56,2e-06
12095,train,d6acc59e11f2eedd,3735,7c89d9,2e-06
12674,train,c947dc93cf0e0c74,11186,1a9e79,2e-06
9567,train,83d6319f222474ac,13132,07b380,2e-06
2532,train,be05c7895cfe03da,7882,feb957,2e-06
5637,train,050f555ac04c6685,10565,25aa12,2e-06
13811,train,72c75f6f493f7450,3166,0e2299,2e-06
11153,train,d944010763c43281,2216,97e352,2e-06
10019,train,557ea4a7def94136,14250,1a0f2b,2e-06
4660,train,d7c0ec207f966cd7,5392,29e6bc,2e-06
931,train,a97ee18babb31a56,6339,35460a,2e-06
6240,train,ef38dd0f3a5d311d,6802,eee071,2e-06
9312,train,f8810af141b6a90c,1005,f416c2,2e-06
9958,train,909f09a6dc6329a0,10058,39f71e,2e-06
10853,train,9b55dc629ccc40bb,4142,46b496,2e-06
491,train,cf6c092c23293261,2278,0e36e7,2e-06
8968,train,9af324ad18e38a23,10289,b6765f,2e-06
3654,train,1be852a2986ae93f,13704,75dafd,2e-06
7609,train,e0d6419f9fb61650,14353,2c4d54,2e-06
13470,train,7b07c26977ce67a5,4486,8c9b5d,2e-06
2404,train,c1474948a1282606,11147,a4ad3e,2e-06
6142,train,e78ef1b00fb7d6c4,2210,aa6141,2e-06
4642,train,7bc48f73d8077687,11911,c7502f,2e-06
10993,train,a1e431de5f3027ad,10801,f59c6f,2e-06
7366,train,3351b2c3737e93fb,12601,50f9ec,2e-06
2348,train,432e46e2be204ad8,7497,e496fd,2e-06
12292,train,5c100785bf75283d,14120,d89681,2e-06
5733,train,420abbdd7824726a,3601,a202ea,2e-06
9663,train,699bcfbe3c357aae,8536,6be743,2e-06
12505,train,8a862f749f56fb1c,8393,93481b,2e-06
6908,train,dab3875c05694b09,7075,2f64d9,2e-06
5026,train,444ac7a234105e06,9118,b1be7f,2e-06
14540,train,ecab3af81ffd01fb,5788,a3d203,2e-06
13638,train,3f212d05f64ef376,9974,27694f,2e-06
12792,train,4de1a7fddc7c6b02,6904,3d6a08,2e-06
10125,train,84aa4e6672bc71d5,7464,9e91ff,2e-06
2422,train,7ce51f7ada14cef6,13501,965964,2e-06
3644,train,d854e312bec9050c,5540,d2fd22,2e-06
4502,train,ad8c4ea1b799e8b3,6789,7aa4c6,2e-06
3205,train,323bcfef24e58c9e,1340,36a63e,2e-06
9891,train,19cd64f3aa993a65,10365,ebbd51,2e-06
13839,train,9a09e15373f7638c,2026,685085,2e-06
10467,train,d5a1469d676d1059,1651,3d23af,2e-06
10916,train,cc5cabde8fb83a5a,2,29a4e0,2e-06
9154,train,103a8ddb5630dcd4,3980,93655c,2e-06
4671,train,097b4af178b34075,186,a23439,2e-06
3640,train,f0238c178518ddf5,1907,257ec7,2e-06
9152,train,d02fd46d18991669,2390,f873cc,2e-06
8146,train,af146563cbe7076f,8168,cd0f03,2e-06
9883,train,2bd3e12c5ac561eb,3031,866aa1,2e-06
3220,train,a45f06adcdc082cf,6798,a6bd9e,2e-06
9256,train,86a2f1da91903c17,8262,79cd08,2e-06
1583,train,d02a01b59c378ec2,13333,1361ae,2e-06
5586,train,d681c4ceeabbf8f6,2558,7616ee,2e-06
3409,train,07b8873626af1b9f,9830,f5f3c4,2e-06
6902,train,1e7bfd8b989e4275,7929,689ff8,2e-06
1089,train,8485274fb02f3573,10256,7f7937,2e-06
4944,train,1f53a679527391ae,12264,69e171,2e-06
7583,train,7c290fce1b1f113b,10214,50c7be,2e-06
4830,train,c3cc24e2621c4041,1070,d08f6c,2e-06
12991,train,4f429dfe145d3a25,4186,b091f9,2e-06
11900,train,126638cf6344af88,10910,f44235,2e-06
3216,train,da4e1f04a960f8b0,12476,cbf495,2e-06
260,train,72d633cb9f332f18,7445,753fa9,2e-06
10697,train,da89c5a69d46070b,3542,ac3662,2e-06
13300,train,60738d71232ad869,2612,ca4742,2e-06
2582,train,241bd36eabb7da93,4696,27f9b2,2e-06
7971,train,a9c871144ece35f7,8092,1303f0,2e-06
11927,train,5a1c2e5884db4a61,2027,322f10,2e-06
4549,train,d93bb2f245e7d6c7,7394,9e7566,2e-06
7866,train,7723b734853ce5f4,12738,eaf6c1,2e-06
7029,train,85a592555f7abaf2,14214,0930e6,2e-06
2523,train,5d3a3f5f18cfdbed,773,ec7bc7,2e-06
2602,train,c7e312e2d444ae65,4079,69713c,2e-06
5660,train,9d9c7f288dc74b85,4259,7c0984,2e-06
10415,train,d8a83e49013fa272,12827,5dbe5e,2e-06
1602,train,7be0c96c77ebedd7,5886,a6ca6b,2e-06
2623,train,e3848a3d2426e170,13578,083570,2e-06
7573,train,49b66167d5857901,12006,8979dd,2e-06
3062,train,7401f74e4df15dca,7827,0231c8,2e-06
1998,train,943561b362ec1ca1,8103,b88095,2e-06
9078,train,9d8d8a7ade70ee0e,6402,4c5d84,2e-06
7192,train,ee49e8a8444b308d,14495,3dd32a,2e-06
8969,train,6ee675ca97ac9d2a,9927,d56b6e,2e-06
1936,train,2f16d188f0018677,12048,d9c96f,2e-06
6068,train,19c382b61a604fb3,6808,53c6f6,2e-06
9444,train,c0cb07663d7498aa,13271,58d897,2e-06
2438,train,094040a998d26d6f,7502,e7dfc7,2e-06
12007,train,672ec4ce4c91a235,9157,f5408e,2e-06
12540,train,355325cfc96bd934,4372,fc3b6a,2e-06
258,train,3812ac872dd664a7,324,209e61,2e-06
9899,train,e504f8ae2b778c75,10466,7fba29,2e-06
8272,train,8327de46045e596c,9738,d88e6a,2e-06
9974,train,b1c3132f35fe8112,2745,bd3787,2e-06
13242,train,2755c3b501b2c76a,1649,e70289,2e-06
7705,train,98fefab1bfb38659,5406,fb31fb,2e-06
3621,train,473f7c7b708fbee4,9877,06c844,2e-06
9131,train,a91326b0d7ba014a,5253,8172cc,2e-06
3577,train,ba0d9fa2b47ce941,8644,c03980,2e-06
6464,train,ae75ec0916de8e25,5163,bdefb8,2e-06
1500,train,77187a3b2a52f76a,1696,f8e1dd,2e-06
10094,train,53dac31ddebc85c1,10415,4addc7,2e-06
10329,train,b4154bfe775c6625,10602,d3064d,2e-06
7472,train,6e9f86995894b44d,11783,f08d99,2e-06
1574,train,c64b4c19df29d809,9683,6642f2,2e-06
3745,train,5764c2b95b9a16b3,7843,0ab8a7,2e-06
7441,train,fece31c75cbe6803,7374,e7286a,2e-06
13482,train,848cc250b51c2d3a,9739,003780,2e-06
802,train,94f128c2ba776dde,12984,7ccd3b,2e-06
8349,train,4686db607439e05c,10541,18257d,2e-06
13109,train,42cb8f6c25fc3e5a,7443,1c1db3,2e-06
11979,train,62c32154ca0a3939,1221,5efe85,2e-06
9935,train,4f0abf2d1005690e,7542,d1ff99,2e-06
10898,train,7c7119e4bda8885c,6189,6703ba,2e-06
7919,train,43b15e9a59fb9b0c,8721,0852ef,2e-06
8239,train,a4c39d8f83dbdc9b,10619,74d381,2e-06
12577,train,58588c4ebc818c31,5339,b67b26,2e-06
7265,train,4a54065285f13d08,1413,eac590,2e-06
512,train,726f560a410a383a,12402,e8159b,2e-06
13757,train,c42e8a53fe8fc23a,1088,510558,2e-06
2413,train,739f47c80155eef8,14015,edf7ab,2e-06
14060,train,cf14bc1ab2aeca9e,7048,f715a9,2e-06
4559,train,2bc2c38a1874a3dd,8618,d75919,2e-06
13170,train,17496be4d2d3f5e1,6144,e6ce2f,2e-06
4212,train,0f8194f9412671ba,2000,7bcb3a,2e-06
75,train,0db4b3caeb866503,13924,529d30,2e-06
11710,train,a12422a0761873c6,4332,1b9979,2e-06
10127,train,a90db1bc6007d427,9635,5d749d,2e-06
4663,train,28801b8d64b3c499,13149,c8c12d,2e-06
592,train,976da5e2601d5292,2483,4ec46e,2e-06
8551,train,c1997b84077d139a,5723,23dfdf,2e-06
1645,train,113a506eca079602,5165,5b90c8,2e-06
8763,train,81ba5e168b7b2ce4,9361,5f7cac,2e-06
13032,train,4c799296f2160190,8389,58ba45,2e-06
5043,train,d3b92cb811a441b8,4872,fc41a0,2e-06
9308,train,aef7394914a06e4d,5693,d950b9,2e-06
11938,train,d70028038c46c6fc,9064,e15e54,2e-06
7137,train,225e34d7edb25c4e,8960,d6baa4,2e-06
2926,train,081e786f1134f054,6086,816a22,2e-06
6443,train,b06270a2b75010e7,6052,e8f223,2e-06
5667,train,dc9c2aabb340586e,14401,95517d,2e-06
896,train,e696cf05f8a23a4e,10332,3738ae,2e-06
8039,train,4f83c10045d1eb04,5267,1724fd,2e-06
5065,train,a604ee73f13160d4,13880,4f5344,2e-06
6560,train,56a819479adcfdbe,1403,b99e1b,2e-06
2077,train,6f6d91ddc15f06d3,3437,153f9a,2e-06
10465,train,957935e60ca0f676,3239,043534,2e-06
311,train,079b5bf6b5828c9d,1881,8e9f33,2e-06
11436,train,56e41db0ad1975ad,3062,cb6952,2e-06
1047,train,4167ee98bda73ea0,12561,d87afe,2e-06
10031,train,15334e404950d1ca,12705,4ec99b,2e-06
6848,train,364bfcfe3bce0cd5,4832,6a558b,2e-06
12806,train,0999dc6875b79575,847,4d48b7,2e-06
14188,train,24bd94a0de62c57a,8380,5f9731,2e-06
5866,train,96699af29f699963,4295,97df59,2e-06
11583,train,93381582f09d41b7,6496,c2ee6c,2e-06
12397,train,30050d1b51735701,2580,16022a,2e-06
2112,train,6c7fd5fc52683d8a,6088,6e0df2,2e-06
715,train,dd93b381d6c4d278,4840,39f758,2e-06
9909,train,a283d28ef2662bec,12619,1b864c,2e-06
3810,train,c8cfc1cd3c8bcad0,8071,24c691,2e-06
9559,train,431352ef96b4683f,10662,e2ed4c,2e-06
7071,train,28470a50906b4e6b,9472,7bab8d,2e-06
11519,train,0cd87d34e60c2e08,10500,348b03,2e-06
13489,train,69d47e57de3c62c0,5415,80d626,2e-06
8474,train,1abd597fc1b12343,7064,4151cd,2e-06
6580,train,219ace6b44a78363,6154,c57bac,2e-06
8554,train,620fc40025a5a75c,6105,5ff27e,2e-06
4358,train,b0547b5205230cca,4794,cf23eb,2e-06
2590,train,69cb8b21449dfbe5,1347,bb8ce7,2e-06
1203,train,fa59dcdb6be33ae2,6845,5a6105,2e-06
14415,train,32ec0688c9bfe72e,4552,a6617f,2e-06
13310,train,7a2204404c5aa608,967,f8fd1b,2e-06
10864,train,44d19820bd5e3fe4,14446,b99435,2e-06
1441,train,16adfd1bece0e231,2235,14570d,2e-06
11812,train,ec923ab83034bfe2,12878,e3684d,2e-06
2039,train,896dc50cccf06123,4848,eeee77,2e-06
5085,train,48e8f1bf4671e37a,2089,ee77a1,2e-06
12683,train,3c0ecfd985277f32,3552,f7724c,2e-06
10611,train,86e95e0aff8d2828,13410,16eb62,2e-06
12082,train,6959c24197b9b71f,7486,a1238e,2e-06
8698,train,586577547bba0c3d,6297,d1e777,2e-06
981,train,bed45f50028f02d2,3271,e3f53f,2e-06
12871,train,86e943459432edb4,7353,ef67e6,2e-06
4762,train,ba94e74d4d383031,9270,c4c2a6,2e-06
6388,train,d2b3272efd55b310,12668,56c50a,2e-06
8536,train,4f86a2cf7c7d2929,7208,ee5c64,2e-06
3567,train,38b326cb77825b94,8887,b14d35,2e-06
13254,train,9c145d86d824d5b2,7146,2595ef,2e-06
5124,train,74281a72d5b92240,3210,248a47,2e-06
8050,train,e7b592dace03a6db,4678,9b8626,2e-06
6592,train,5ceb04db1528a692,4618,664eee,2e-06
14176,train,6216fad358c615b1,2787,476da7,2e-06
4408,train,40681d8e14f13c96,10059,aefb3c,2e-06
1224,train,05eabd50f6a69a1b,8605,52fc6b,2e-06
12242,train,1a26cb300eaacf19,4947,72e715,2e-06
8711,train,b36d806407102e19,526,0a2665,2e-06
11692,train,927730138d1c6a24,9822,752df7,2e-06
13424,train,8c9cf3da18c53933,9558,e65935,2e-06
11475,train,7e428bab5dd9bf0c,11683,259e52,2e-06
11477,train,fc84f149491a9a5a,12036,c2df1b,2e-06
6394,train,6348c448f501c929,7468,6a3765,2e-06
9407,train,fb8073dd82955523,14218,aa290a,2e-06
13412,train,00f8abc3c5e6538b,11115,7536f8,2e-06
7499,train,8be97f5ed46a1e5d,3803,ff1e72,2e-06
12547,train,fffb9f8b6107d4f8,1176,707f6c,2e-06
4027,train,b758f10408e559a8,1548,f6081b,2e-06
13386,train,04b6df0e0425f39c,2534,21dd33,2e-06
3965,train,d813e7c150b3bd13,2094,76cded,2e-06
13228,train,ad5d3d47d096ecf0,6049,04a6cc,2e-06
13854,train,43d7332b4df19072,2971,dfccb0,2e-06
8605,train,f7dc3ea7e046d33f,3914,90f803,2e-06
6421,train,bb85d7a62384afa4,7618,86460f,2e-06
7678,train,15c7d2222eb8931c,8372,6e7488,2e-06
12901,train,8ce608b673d78a31,5455,bad9ab,2e-06
8935,train,b41d083a6fa02d1e,3584,840aa3,2e-06
7298,train,a218dbabf0ece9b4,7699,1f9f2f,2e-06
13483,train,9fc9d00ae1755a2a,13177,7b5159,2e-06
5416,train,272de9b94aadfd60,6811,7be34a,2e-06
3045,train,82fb57246385c690,10608,09c140,2e-06
13277,train,96df0f3c5b5ccfec,12019,e05e7c,2e-06
9992,train,44cf2fbc45ad3d1c,9085,360a8b,2e-06
14404,train,2132d43c14016b1b,706,1e2519,2e-06
14402,train,955c9de26d74a780,12583,4c583f,2e-06
9148,train,af58a275bc203298,6395,ce528d,2e-06
11034,train,40faa518b3a72cf2,8557,1661e7,2e-06
57,train,bc1177e5c152bb74,5244,998979,2e-06
7704,train,d1067f3473fc60bc,2616,817612,2e-06
487,train,2f86b90527a0337c,12839,48b721,2e-06
2983,train,1a1ebfda007dc09a,10844,22c7d6,2e-06
1980,train,852298dd659ce29c,8732,d2c542,2e-06
6065,train,14dc64d3926664f0,6790,179c70,2e-06
968,train,ff2a5d2c1fe32654,1749,b13ba5,2e-06
4763,train,5c9347007cc2010d,6356,8bf980,2e-06
7842,train,64b39b5ab99e2fa1,11297,90cccf,2e-06
1005,train,2b4f884d1869b420,2627,88ca49,2e-06
2325,train,5affbea0975556b8,9053,2c88f4,2e-06
5471,train,c6f7cbe2459b9b3e,322,d7e676,2e-06
3787,train,2bd350fb9daacd0c,76,2daabe,2e-06
338,train,e0301ed9f47e2491,3150,8dada6,2e-06
7102,train,e4d422188c49b210,7584,e5d4ca,2e-06
2330,train,8de2e0f23da1929d,3097,1bc5c5,2e-06
8464,train,601edb7b65d2ae58,9553,70a80c,2e-06
5310,train,72b12fe0b1cd62e4,12631,b8072a,2e-06
11439,train,a6482da70269086f,11079,970603,2e-06
9367,train,19436a6468c804ec,10068,efb991,2e-06
1679,train,7fbcb8c7a58ec783,12581,e8b300,2e-06
8673,train,9b165dc52ae079a8,3754,a41b7f,2e-06
11277,train,98cbbbad23115b75,3653,72b3e7,2e-06
183,train,e6928ef6178d3da0,4878,49b3a8,2e-06
7086,train,423caec74e27756b,9800,61ecde,2e-06
6640,train,9e3249934921bcb0,3715,875c20,2e-06
1483,train,5e55e6165bbabdb6,6428,0397b4,2e-06
250,train,bcd8dbc98fc63dc3,3452,fd57af,2e-06
5759,train,f860e608681fd54b,6497,e8a48d,2e-06
11077,train,4382814c8c2332d7,66,e85ed0,2e-06
5049,train,4a04d84242104985,14182,914dda,2e-06
14723,train,7dc5be8c0efc2117,951,428b83,2e-06
6713,train,d8355942c370c26a,2414,071e13,2e-06
454,train,92d390bf299e08fb,14003,225577,2e-06
7095,train,bff22891b681e2d5,4044,a6c9e2,2e-06
5308,train,7a5d561efa3d7732,5718,4de3e0,2e-06
4281,train,43c4b356c8f44382,4640,caab3d,2e-06
2371,train,0aca8ed27d5331d8,65,3dea9a,2e-06
14587,train,d526d53a6f431ccd,3293,052573,2e-06
5082,train,c1a48cc71c996a94,12147,553390,2e-06
13215,train,1cd0bbe573ca06f5,755,86b645,2e-06
2037,train,2ed201ec7be9cc79,29,7e387f,2e-06
14554,train,cc1666f635d00848,10281,edda26,2e-06
945,train,4623d022e40b4b1b,4600,e01b81,2e-06
3935,train,05ae9cb81d79868a,11109,7a34b7,2e-06
10369,train,6fa43c8170e7633c,13711,fe0f13,2e-06
3840,train,d7a4813b51a837ef,2274,fbc392,2e-06
12176,train,3d8682475e2a819a,10424,3cce98,2e-06
2204,train,36237ce46917e2c5,1141,8bf247,2e-06
14877,train,cee278ed219bbbd6,2283,a8edcf,2e-06
11336,train,232e5772f79bc57f,11672,3c5390,2e-06
9406,train,e933fd869155b927,12924,4c6140,2e-06
1247,train,19840ea3f7c94155,1456,3a1a53,2e-06
1080,train,28d15c94d6e6a306,2300,458251,2e-06
9271,train,082d20876e878f93,8319,371e12,2e-06
5014,train,5a01b4bd3d539c96,6986,4241b3,2e-06
8576,train,af065bc7d23531dc,13903,0457e6,2e-06
12069,train,6ad3cacedce5ef6b,10238,c3a835,2e-06
11758,train,f9e5c49fa90dc79d,3506,0536d6,2e-06
2326,train,b0602e3f6a015203,10708,22aa91,2e-06
2485,train,3508b057addfa00e,2162,9e1c73,2e-06
8533,train,714770c3c12152f6,8995,1a0493,2e-06
12097,train,b583190834f66018,13804,988877,2e-06
3914,train,b6a84d85916b3a5c,7475,71d267,2e-06
11937,train,a7ec6758f14b903e,4367,10002e,2e-06
6725,train,573bb4468418d160,12341,34bc00,2e-06
13278,train,9653a441497ff88d,1467,787a04,2e-06
10518,train,1151ee92860421c3,7069,ae1c72,2e-06
8110,train,8021d37b4f4998ca,13135,751d47,2e-06
13472,train,2681231350076b88,11878,928063,2e-06
8795,train,f16273e0eafde8e5,13799,670b3b,2e-06
4746,train,3f472bbcc145367e,6692,f2053f,2e-06
9300,train,96633daebf011a2c,11968,f86d10,2e-06
6804,train,ea6042ef146c6f4e,6701,f66e17,2e-06
3557,train,a7ddf91ca63cc0ec,6225,27a0b0,2e-06
3340,train,8b7b781ec7454f0b,9321,13173e,2e-06
13553,train,ef21a7630a48d724,12599,ffa194,2e-06
5666,train,d8bb60b2a6fabf7d,11640,3446ed,2e-06
1521,train,daf73bd32ed3531b,13169,9a3169,2e-06
10795,train,eec594c1e2204096,9218,01d821,2e-06
12678,train,20982cec4d87c084,442,cfed8c,2e-06
11125,train,83fe878e64850456,13465,e7ea28,2e-06
4283,train,c92116cb445cc2ab,2076,bba3c0,2e-06
7394,train,23672a66e713357b,14425,62355f,2e-06
7248,train,4bbdcfba6ed43b71,9594,ea1319,2e-06
3479,train,4a28ef2a2b8bd1dc,2476,e817fb,2e-06
11659,train,4ec3d0b7d79ece1d,8850,149fae,2e-06
7333,train,9389242ffa4e3500,6580,3e0c29,2e-06
12044,train,2da66fb0e81d1f4a,12770,220f70,2e-06
1990,train,a6ac7d7f85a669e0,2096,173299,2e-06
8542,train,481ccfd430b83e6c,11139,a01d99,2e-06
11800,train,727a440981edb0ba,7961,7976bc,2e-06
4315,train,1bc66fe995d3d9f3,7719,d7431e,2e-06
1943,train,960d659093ec3107,6210,6ac6fa,2e-06
9595,train,cbad695ef142359c,13981,f0ee12,2e-06
4086,train,d85fa327f4c32fed,3248,1a166a,2e-06
12299,train,10b08a19b391a516,11618,388ec5,2e-06
13640,train,a723d7b2d108105d,5288,882e7d,2e-06
1793,train,a6a0c76ef3e9f076,1003,686935,2e-06
8294,train,1341db19ec65160e,92,e6a1b8,2e-06
683,train,956e0ae6b579908f,12912,fa99bd,2e-06
10970,train,3b428e4e0fb2d760,9083,41fd8e,2e-06
5396,train,6a90abcc439bf3d1,13247,83cc4f,2e-06
3501,train,f1c8d65386c193e8,9621,0ee2f8,2e-06
2564,train,a244714d53aee0a6,7052,c067af,2e-06
12485,train,9c38fc5a7e0909d4,11659,54cdc8,2e-06
194,train,a2621a04f705039b,6637,20206e,2e-06
284,train,bc0d24c85e740a38,14162,9e68fc,2e-06
1637,train,e6dbff8bfede2e0b,4052,aa41cf,2e-06
10787,train,51b2efd384ddb5e8,5174,e7469d,2e-06
7246,train,efa3736bfc4427a8,7265,6972b5,2e-06
6658,train,782196566073a793,1239,34c074,2e-06
9349,train,08a1b438eabb647f,11934,7413e0,2e-06
1678,train,c00b7a024a5ba4e6,5570,00baa4,2e-06
1361,train,e26347004b0599bf,13484,01a80f,2e-06
6678,train,59dab32a87df6b84,9179,a1bafa,2e-06
6247,train,61727787ddd89821,11295,6e1893,2e-06
12666,train,19b23c90f9549102,3203,39aac7,2e-06
8010,train,e97b4e1083104cc3,9159,307140,2e-06
3766,train,9fcd9970c88be83c,440,b8f6f6,2e-06
5670,train,995fa1b187cbc72d,1755,bd7afe,2e-06
2003,train,d4f8826827981689,95,884adb,2e-06
7878,train,b6d705f2f6408440,13830,1bbd99,2e-06
2361,train,7a9d29e016914c97,2193,96c750,2e-06
5130,train,95d044338e60fb4a,4086,1fb87a,2e-06
6318,train,5659b06e7eaa5d38,8763,776ab7,2e-06
201,train,83fd373a8ef5e099,70,02e694,2e-06
9076,train,9664dca03990abe4,6251,c5fc13,2e-06
6132,train,c814db36a1ef94d2,10909,fb1e69,2e-06
8858,train,14a67bd0e1c8ddb2,6567,8e7075,2e-06
10712,train,95619f8119f5f528,8093,c42f30,2e-06
9483,train,91550d5ea1a2376f,14025,2a58e4,2e-06
12546,train,b2055ed4748b7c3f,12918,9c502c,2e-06
4251,train,97a3da1103c9e3e7,9790,2df3c3,2e-06
3424,train,e837a3ca7ef531eb,7994,efdc52,2e-06
8899,train,b96c6242ae28cd05,8980,3ef42d,2e-06
5258,train,6cac728ac5441369,10093,c2222d,2e-06
590,train,b6458ab662dcbb30,10861,e9b85a,2e-06
976,train,bfcaefab6704af75,4586,8f74fc,2e-06
9508,train,bfeeca7ae3b2eb1d,9244,1133de,2e-06
14721,train,cc0af9db8fbf3d1b,4566,e5256c,2e-06
7639,train,179b14675ccc810b,6173,fa75c2,2e-06
3471,train,f91083ce08abf454,5612,02f38f,2e-06
244,train,802abfe184b53690,483,66dc73,2e-06
880,train,de0388aa3b83d392,9899,447275,2e-06
3789,train,f3cc02d53c73b949,5650,3ce5d1,2e-06
10256,train,c30286ae9e238e5d,13397,bb599d,2e-06
148,train,66e8b9e2bec5e2c4,7355,b6ec7a,2e-06
14378,train,2c21c609c97e851d,4578,f164ba,2e-06
5920,train,c6fa0836f20c8f41,2023,e651f7,2e-06
11331,train,6a62e28914de6bad,1071,2cec98,2e-06
11202,train,a6ddd700edb60daf,10937,0486f7,2e-06
312,train,8df50bddea27d4ff,4680,904e42,2e-06
3889,train,2ec65898a9ba0d68,9476,a2499d,2e-06
4819,train,e6fe635bc8d1c475,6738,b9e336,2e-06
3272,train,c6f96c389760a73b,5088,499096,2e-06
7989,train,e5ebc9474c5558aa,211,bf2bcd,2e-06
708,train,4af2788d80dfb025,8838,ec36f8,2e-06
10726,train,3041f254ff59fb10,11165,7f62a6,2e-06
7513,train,af0f1e9f3dcb9011,635,8700da,2e-06
2542,train,b7084c244afb06d2,8276,3e1d60,2e-06
6391,train,efa1df3f6466b903,12823,1597b7,2e-06
3468,train,624854c72b61c498,5258,97e4b0,2e-06
6361,train,c02fc21f8675656b,1531,54c0b4,2e-06
13510,train,3520a56bc5fb200b,13003,6541a0,2e-06
1606,train,beb0ebaa92d6291d,11808,f7e31b,2e-06
4729,train,42b8c0afb5212c59,14481,abb6bc,2e-06
5301,train,316f91fb1a333e7a,1313,75346e,2e-06
14333,train,3d43b461cd10677a,5066,3437a3,2e-06
14131,train,4c0eb8d798d1e13b,10683,a908b3,2e-06
1827,train,9284c0ac2ff7c1b9,4786,09a05d,2e-06
12668,train,276d93b0851e2dd6,7637,8116a0,2e-06
11416,train,086fb85a64f08a7c,13648,f192bd,2e-06
377,train,4ff11db02b76b38a,8434,e847eb,2e-06
7106,train,1799e8eb240160e2,14124,ffe8c5,2e-06
1869,train,616aee2991570f6a,7548,9151ea,2e-06
10694,train,8dbbf5c3f4b9582e,8546,c6eb3f,2e-06
12836,train,4dd08fd4cef20ae0,10050,98b2fb,2e-06
893,train,7306beda705a8c47,4529,ce6a5d,2e-06
4898,train,1170ec050153e8bc,2423,20e2e3,2e-06
9332,train,b5376ee6ebc240fc,2465,d55dfb,2e-06
10827,train,1874a07414989cd2,6940,e40e4e,2e-06
735,train,2e83c4f88d3de4dc,13108,1a2fda,2e-06
12237,train,258bb4a79fb00278,2353,4affa5,2e-06
1375,train,5d66ffcf4788179b,7037,579d8f,2e-06
12194,train,aba0d32560aa4221,9954,3ef9dd,2e-06
1366,train,c44874b24de5fa12,3237,7e486d,2e-06
5950,train,d0f268235bd211e0,7470,c1be17,2e-06
9294,train,b09ab1d76f149c58,6778,285981,2e-06
9872,train,d2660938a81ee6a4,5422,295b3a,2e-06
2357,train,b48938be354c234b,3929,dc7f91,2e-06
1017,train,4e8de5fff24caa1f,3029,952bf4,2e-06
814,train,0e59110fb76c3427,5556,896fff,2e-06
6198,train,d663037b568a5d73,14291,0c4112,2e-06
3709,train,cc393431adbadc64,4093,3b2158,2e-06
13330,train,04e415c9eec6ca59,14101,ae1fc2,2e-06
1287,train,70f3dd42712de7fe,7628,b8926c,2e-06
1804,train,7234f8474d235cbd,9055,5d0566,2e-06
2291,train,a5bfb40d5b025d7e,10411,33470b,2e-06
7703,train,65f1714272ff3ab4,3138,08584d,2e-06
10655,train,c8a4da783d09a7f6,5325,b94de6,2e-06
5287,train,effa61a5f189ac14,3279,51875c,2e-06
9475,train,118ea99bde43bc62,875,a8d825,2e-06
3172,train,b6ba295a7a3f3c35,3886,802970,2e-06
9383,train,e649394ba27796bb,7222,d78452,2e-06
13064,train,17a64f89193fb1ac,415,221a52,2e-06
652,train,dd4bcfa8fb5d2c66,13529,c79e4d,2e-06
8552,train,1f2dc4805b5757b7,9071,a87993,2e-06
14730,train,823ca55b60622496,11791,b0bbd5,2e-06
1499,train,4ec3371b98cb68bf,8568,f0cea0,2e-06
9161,train,82abe91f00d8e854,14093,860ecd,2e-06
5734,train,b20e0a3398f2af19,7892,cb975d,2e-06
14036,train,83cf8f08dd6d75fd,13698,cc55e6,2e-06
3275,train,0f62a9b978b7a9e4,5498,d7b65f,2e-06
3925,train,d98e2d64e2bfc580,10672,72a549,2e-06
5167,train,0a3084f45defad29,8696,0412d1,2e-06
2430,train,5aaa7e8c9619c956,2041,3ae332,2e-06
14550,train,7d369a279d890900,5927,5ef7ab,2e-06
6125,train,39c8183787209720,1539,cb10e2,2e-06
1945,train,a4907c26a7fe526e,4485,d98fed,2e-06
4704,train,5883bff8c1621961,5871,d87d1c,2e-06
1442,train,ce00fbb10aa2b8a4,13224,d0077f,2e-06
1350,train,d6f6ab72367d92b0,8759,13b841,2e-06
2083,train,f59305f3d52341bc,3415,eff71b,2e-06
8831,train,ae649790d3f37b2d,13336,3bb1a0,2e-06
14871,train,1b0a930a7b2c7a08,14325,d79701,2e-06
6785,train,16f609cdb3c74d60,10443,089a75,2e-06
10819,train,a739a77d173109ef,389,58fe2b,2e-06
6627,train,900ecc21933c4204,12350,0056db,2e-06
8402,train,6e79505e95c8af0e,10120,078be0,2e-06
9724,train,dcd0d157e86bafb3,11270,95f11b,2e-06
6636,train,7782f360e6dec65d,14549,a62fb3,2e-06
3442,train,6119df1c76a0140e,11035,877cd4,2e-06
2310,train,3ecc94a80ed6d8e2,9793,cf9a45,2e-06
8460,train,9460eb73513828c0,7296,3bfaeb,2e-06
8865,train,a39e1fdd5801ef5c,4025,af2017,2e-06
11188,train,223d0b13fc95f6ea,2766,a5394a,2e-06
1876,train,bfd8d1c16dec8727,2113,b1691f,2e-06
6883,train,23247e13583e97fe,1773,7a870b,2e-06
3715,train,bc2226078b2f9758,10940,b5e6f5,2e-06
5585,train,5430e9810b43a158,5904,01c9e1,2e-06
4916,train,80f6110ce44f58dd,452,d41432,2e-06
9608,train,521650c52224ea2d,13503,98d697,2e-06
3126,train,84501b752fa5fb0f,9311,1fe2c8,2e-06
3692,train,a7decdca34cd18e5,488,cf896c,2e-06
5893,train,66217870b10fcf53,13252,5c4b4d,2e-06
9820,train,84ac4f747d9093c0,6098,967f54,2e-06
8569,train,efcf0f95d08ad06e,1863,47c603,2e-06
13102,train,1406e2c909cc3f1d,827,16d041,2e-06
489,train,9fc73a50250d4d22,9813,8145b5,2e-06
2491,train,28bf24d1e94c1a71,7931,dd8090,2e-06
798,train,bbb8c82a56110d9b,6694,903beb,2e-06
13225,train,3cdfe82df22ad125,13699,e3fb39,2e-06
7574,train,4d10e958467c75ed,14239,57eb1f,2e-06
7642,train,f4cc946f5bf0b89c,9401,77a646,2e-06
12603,train,1f77c7a331131b1b,11910,475684,2e-06
1388,train,42ef9bf77e7fc371,2070,72bacc,2e-06
6459,train,2657ebe7987fcdf0,8040,f62d54,2e-06
11688,train,b5c9ea713ef505d8,10482,344ed9,2e-06
8846,train,37e24f958464d251,1150,6a456d,2e-06
12060,train,a44e9e06f0363999,1179,3b502a,2e-06
11162,train,47ce93fcd366691c,6786,fc6996,2e-06
13846,train,a9011ae98451e611,2970,0aa497,2e-06
3873,train,00b2a717082d6d04,7119,555a09,2e-06
11103,train,474cea2aafc9e170,18,bc1f10,2e-06
13087,train,79ddc395ec49d825,10457,52e5e0,2e-06
910,train,dc5acea3651c75f5,9211,c499fd,2e-06
1702,train,b84f6b68ecb43b7a,8455,bacf89,2e-06
12389,train,0051ac85adfbbeb1,12144,8dd5fa,2e-06
9888,train,de7fda6120588b8a,6762,03d20f,2e-06
13521,train,8cce401f364206ab,7832,369fb7,2e-06
7929,train,27c8bda9602e74ed,3071,c4956d,2e-06
6931,train,318f6a43662eac7a,10021,107452,2e-06
1805,train,a96da07f37bed922,3524,17e715,2e-06
2044,train,fe1e09a9ccc9cfaf,9413,f18685,2e-06
43,train,d0eb1f0b4af4fb02,5851,2c3a6e,2e-06
12121,train,0270121a34227a52,13090,fe1a81,2e-06
4199,train,249e9e744cdf37d6,9699,ca2479,2e-06
8609,train,b4da59b6f0c72d6f,6707,c8ea61,2e-06
1125,train,1f74ea1a9609a908,14459,f32e5b,2e-06
8926,train,a91ef6eb687add5f,2876,5705f6,2e-06
10910,train,ae92234c507d572b,7234,91bb51,2e-06
3520,train,4a5b1859dc70c6b6,1946,c35c98,2e-06
13085,train,40dcb2dc89f640f7,4958,71e742,2e-06
660,train,13b0114268ae41f7,7283,1d45fc,2e-06
13776,train,ed13a5566816a933,13337,a7ccc4,2e-06
9898,train,e6d0ba99dc9e1396,3594,0d15b7,2e-06
35,train,43f7fa219bda232d,6366,e64dc7,2e-06
10459,train,124581dcceb5fb9b,10283,3408ad,2e-06
14039,train,f5d5acc707aa1729,541,655ac7,2e-06
12038,train,e07d3d2748cd3742,2298,372608,2e-06
14358,train,8f0d913f7b18193a,6693,1836f6,2e-06
9486,train,05c2d372a71850d4,9902,4e7d36,2e-06
531,train,ebbbe55bf503e9a5,8023,58ed56,2e-06
3419,train,fb9e2d6a6ded6810,1981,620193,2e-06
8043,train,226d653aa82517d5,10108,c1134b,2e-06
3150,train,7a4556620fcdb771,2214,feb345,2e-06
12557,train,38a017a64d2fd22a,7785,02f163,2e-06
7127,train,620d274bf428a448,2523,26cf49,2e-06
23,train,460af30146dd6f55,9601,768fcb,2e-06
9894,train,84d1d9c9f8a6134b,3675,74ee63,2e-06
6990,train,3403040ce3432404,11471,47ad76,2e-06
6656,train,f04dd160879393b5,346,0ca93a,2e-06
4215,train,264b4a20d1962ee7,13852,46912f,2e-06
8329,train,b9c1356c72907e36,9447,1bcd8b,2e-06
7983,train,61a0e559cf240442,7568,fa5db2,2e-06
9040,train,5ed923c827361f50,4047,ba0833,2e-06
10289,train,bab7e3d22fa2f44c,13211,a1a646,2e-06
6334,train,d893c53e7ee13ab1,2990,1f09dc,2e-06
801,train,ea94e04766e8f2ad,5124,dcc26d,2e-06
9047,train,e9434217abc088ae,12033,fdda07,2e-06
1654,train,0c0f52be4d6b1071,359,59144b,2e-06
7751,train,fd6572061b102817,7254,da9d8c,2e-06
8380,train,1da99c14d01664a0,3430,c77237,2e-06
14709,train,bde7732d16a90bcf,6514,fa1122,2e-06
6328,train,8985bd6c24c3e997,4483,73b15c,2e-06
8220,train,8ef054a96c115ff2,271,f18c1b,2e-06
71,train,89c725793feb3c16,11574,3b20b4,2e-06
11615,train,4ba4524b8110345c,5116,1d397e,2e-06
9042,train,e032f22919bb01f5,12173,d6b914,2e-06
9949,train,dba7f12ef6b0cf9a,8857,a8e9e2,2e-06
14542,train,66306fcc2a414afd,11853,6d982c,2e-06
5692,train,d115ce1e09119488,9291,74f75d,2e-06
14826,train,e8398e41b8b1b03a,9006,ece845,2e-06
5722,train,7b3f31d14ae1debf,3392,427211,2e-06
7170,train,534bf4cf62326cf0,5353,24df26,2e-06
13027,train,8a25dc436e97cbe9,3136,30e284,2e-06
11886,train,9660951dd7702f94,6373,21e361,2e-06
4383,train,1f0d8b6e5b5057e9,1844,e4a43f,2e-06
12551,train,2ef1076d413c29b8,7418,b87acd,2e-06
10959,train,086027e6764067f7,9834,ee30f3,2e-06
13844,train,26d4e2a0fb4a092d,10236,c6bdad,2e-06
1675,train,cb10252adf102d83,7038,4ab424,2e-06
11631,train,e83d327058135bc6,5209,d3dc9b,2e-06
7871,train,c05621fc08c78add,2893,30bf5d,2e-06
6060,train,96ed14c998a8160f,548,beed79,2e-06
6928,train,6b585b96cc7ebccf,1130,e7fda5,2e-06
4640,train,6f89ce72992dc229,5811,564065,2e-06
11437,train,687d5ede204d6280,5035,757b34,2e-06
9012,train,02521ed204dad725,13778,f0878e,2e-06
10772,train,dec940edea07481b,11021,3634d9,2e-06
5031,train,1d0252acdad93119,6355,0fbb24,2e-06
13946,train,fe160c1088a020aa,2727,17955e,2e-06
788,train,530f411c9d60f8a1,6785,90e0ed,2e-06
6268,train,40ddfa90398d5010,8349,b25efb,2e-06
6217,train,f8371d32159e68bb,3375,424e59,2e-06
4959,train,cf7c7fe88dfe86bc,11718,8b6438,2e-06
9130,train,6a284c1918e37e72,8606,7bb974,2e-06
10473,train,0813f92ccb4862d8,5634,4f58e4,2e-06
12655,train,a0a2aa9f613ba853,1223,ff8160,2e-06
4125,train,af011b2f312944de,13872,95ed2b,2e-06
13141,train,a4fb80e6f7ede1d9,4385,9e732e,2e-06
7147,train,b301732bdf197136,9300,91a9ad,2e-06
9008,train,1b498a8c156c6dd6,13730,1638e0,2e-06
9435,train,b442dd9c395e6321,4444,3e99e3,2e-06
14478,train,52eae25598bfa183,10172,094eb4,2e-06
3128,train,9cbbfc1cc0413138,7557,73f2e9,2e-06
7600,train,82dad8b68c539616,3623,fbaeaf,2e-06
11366,train,6f4372f5fd8c08dd,1991,c7f1e6,2e-06
12504,train,549b5620fad04875,5877,bb935e,2e-06
316,train,57f42b94283298eb,5506,9cd114,2e-06
1523,train,81024bcb49825343,14034,1afb70,2e-06
5727,train,3a7f88848c354875,8126,40cc58,2e-06
2255,train,64851668e5bad8f2,6598,543fe7,2e-06
6811,train,e598156597ef05f4,10866,19df77,2e-06
13338,train,5effb54c56412740,1193,bf809f,2e-06
10814,train,1bba64914d6a3c00,2788,a10cbb,2e-06
1833,train,cb5cc3e251dc7938,6525,483a43,2e-06
12701,train,d359a55db04c6274,936,14addc,2e-06
5217,train,ce2accff6f8c5954,3080,a7e6e8,2e-06
11283,train,d2ae887ed31ae8d0,11489,14b8c7,2e-06
3921,train,c5d4d3f4c70b6e43,9206,2be530,2e-06
9381,train,4e0059f021e316bd,1294,8d6c2e,2e-06
12961,train,49f389526cb20477,1139,345add,2e-06
11621,train,fb310991a768d145,1226,1947f8,2e-06
8948,train,a37a7f97da96dd58,8147,3382d1,2e-06
12739,train,c9edd142a7a2c400,9945,f4ab3e,2e-06
7180,train,233afa6c0a0af945,9434,1aef0e,2e-06
3740,train,e8245360bb3080c7,3474,88f918,2e-06
9943,train,59d847d2bf809fca,9887,df8e96,2e-06
2233,train,98355d9bd5b27603,5000,011505,2e-06
2906,train,81edde6856eaacd1,13874,17e3cb,2e-06
12845,train,63ff624513a2a0b9,5162,9680f4,2e-06
8398,train,39360b980918a609,10529,1ca578,2e-06
4658,train,059ab726dac68643,7021,751910,2e-06
1888,train,80280431b0a5d1c0,1967,dcd90a,2e-06
3996,train,8212ce9c4fafd304,12343,ac4670,2e-06
4454,train,99cf85cbb4868571,2761,03b1c2,2e-06
4573,train,4b2e31b2563afe1b,11321,8d713d,2e-06
12332,train,a87e2486bedc8f66,3596,db427c,2e-06
11478,train,4ba7ace911bc752d,10154,55b49a,2e-06
11786,train,f6519b49ef12564d,8817,87bb98,2e-06
630,train,8212eb73e850108a,8162,bf4490,2e-06
9963,train,67323e1de677eb34,3582,1e6f87,2e-06
2957,train,2d9776b00124ede9,10498,bdf261,2e-06
4730,train,67bf98024e856fa4,2177,e2172d,2e-06
859,train,42891884cba54ebb,4029,9e6c22,2e-06
13962,train,c6fe298b6ad3a9a9,5504,cec3e3,2e-06
14537,train,3f0498266a4f28b8,4975,0e1e92,2e-06
7771,train,3dc8408a5550cada,1259,fb633b,2e-06
13536,train,0b3b376126627cae,1866,48eaf8,2e-06
9153,train,784592165be3051c,2345,5f196a,2e-06
6059,train,af998ce9e9b88137,8141,ecefa2,2e-06
11997,train,516e03ee4f286828,11759,544360,2e-06
6398,train,e0a35edc2a427880,7995,a3f288,2e-06
1437,train,58c42bcc3513ba97,11274,5f3eb3,2e-06
2208,train,85d78612280ff605,6253,9264de,2e-06
6802,train,bf3f76fb86b82f73,546,09bc2b,2e-06
4271,train,21c8f4fe4c4f059f,14416,a553ea,2e-06
13345,train,3008878230832a69,5240,f50c92,2e-06
9900,train,372c79bde1649d92,9032,ce55a0,2e-06
5411,train,2c670c599ef3d606,8246,cb30d9,2e-06
12331,train,3c8898659e4ac51e,11118,2630aa,2e-06
3258,train,e409c589edfba3c0,954,e282e7,2e-06
2287,train,16ccf2ea864d9fcf,8637,9fcefa,2e-06
5,train,95561261bf123576,8024,a408f4,2e-06
5784,train,e9537e32c5ed208d,4790,f4c1e4,2e-06
529,train,f19f0159b24b08bc,9067,d9089d,2e-06
13139,train,9dbab8e45ad9ef6f,4942,e38060,2e-06
3776,train,577db1581b3a54ca,4420,0a0c0f,2e-06
14624,train,e5a9a2a2c3f916b8,666,549148,2e-06
5651,train,60f2e0058f2ed0bf,11739,5f7d03,2e-06
1791,train,8958793932c96744,14479,ce9f63,2e-06
1083,train,96a2421f2a7faf88,10923,c77945,2e-06
8543,train,f433fe49b09da9b5,8427,67e004,2e-06
1567,train,726dfab73fc17b86,14127,778076,2e-06
2930,train,512fae212accffc1,2968,2e8b78,2e-06
14836,train,b362c40aa636f483,9150,bf8a01,2e-06
1972,train,ca4e69365ef18f3f,947,52415d,2e-06
6122,train,8de59a928555381a,11624,403ca2,2e-06
3262,train,ecf6f037e3fa741f,12776,06103d,2e-06
14775,train,2e30cd6fe6e22bf3,6520,c11fa1,2e-06
7384,train,670b752e03c7c094,5984,9c6df7,2e-06
4470,train,42572d490ad04dad,12728,d30831,2e-06
13679,train,5f2b1faf4336032a,1037,41a4f3,2e-06
349,train,1094061314dd1aaa,9851,020eb9,2e-06
9212,train,0715556a46f1e729,13439,7c56b4,2e-06
4738,train,b39259d520b8ac8f,9624,bd1430,2e-06
11949,train,74c7a494bc9d067e,8939,5b99e3,2e-06
2305,train,0191d3762ece0ab4,3263,514a7d,2e-06
2242,train,b75edfcfc401a6b4,10324,80e3c9,2e-06
574,train,e8aa842f9054be12,2277,8bccb7,2e-06
2470,train,a47c35b670a6375d,2622,0860a1,2e-06
14458,train,3638387172e4e0aa,1366,e0974c,2e-06
10894,train,03cbf742f12fba42,2840,bc7b7c,2e-06
5830,train,b950d85c71ba55de,6712,d52020,2e-06
5417,train,cfa00180d4bc8ec9,8610,187f43,2e-06
3001,train,c438e9c8c27d3918,14307,1da5a6,2e-06
6873,train,55efb133870b6109,6969,1aa51c,2e-06
2992,train,bbc074ec18eaea5b,789,5f1e88,2e-06
11730,train,507973bf8c5da672,5840,b0fd11,2e-06
7839,train,0a730d552e6d4941,14226,861de4,2e-06
8658,train,baf9dea5aa2b7634,6933,1bc222,2e-06
8854,train,a136e2646e576f35,4658,454280,2e-06
13892,train,af9954beecbd9290,11815,3a2ba8,2e-06
3814,train,86e989dc6e12e40f,8837,d2184a,2e-06
9474,train,be6f4dcfd9415b4d,1443,54abc4,2e-06
9878,train,9b4a0a577cab30e6,13775,bffdc8,2e-06
6116,train,aae7c81e6f4530bb,10917,d38775,2e-06
14359,train,ca4555411a700220,5486,1f14b5,2e-06
6692,train,d0d19e294f640d39,7993,e2ea1b,2e-06
159,train,eb27b1d182325687,13878,b8736a,2e-06
8417,train,709f27d8bc04d35f,11719,efccf2,2e-06
11482,train,60c6a3ddde516c9b,8780,7bb481,2e-06
9320,train,dd11c7fc8efe5e32,9609,4fd873,2e-06
8448,train,ca8b3265780b8d62,14431,df1baa,2e-06
13478,train,f70a37d8902f9b49,1409,facca6,2e-06
7419,train,0e4385a9f4aefb8b,6389,cf8047,2e-06
6262,train,c109e4b58407b6de,2282,c15e48,2e-06
4287,train,f335dbfcc30b0298,10949,312e22,2e-06
2744,train,893ccfa8522a2ed5,1737,57d674,2e-06
10422,train,09edf86379456500,1027,e97256,2e-06
14795,train,bb53c7ae2be5538e,2998,2f06bb,2e-06
6694,train,d518bea71c94ec95,8265,f44fc0,2e-06
11414,train,b557e376cefcc49d,12512,835f8b,2e-06
39,train,88beee07a28b39ea,6422,5060b6,2e-06
11648,train,bb15b587ffe19a43,9039,d7d2ba,2e-06
1446,train,800cb435b97fae3c,10748,005ba2,2e-06
3324,train,e0414597a9c25a76,5077,fd795d,2e-06
8476,train,b34c3dc88b442d31,7522,d0eb00,2e-06
1273,train,92bce187a42844e9,14352,7cd4b0,2e-06
4026,train,e11cd14ff733314c,10386,dde909,2e-06
13630,train,e69ef02a3c08919c,9322,0f5b47,2e-06
88,train,26c73d07511dbf98,11464,b38e6d,2e-06
13146,train,29145077b99bf465,9802,69295b,2e-06
12876,train,9fe39995967d88ed,6240,a17912,2e-06
7056,train,32131016d4ac9e0b,9025,f5e3d1,2e-06
6880,train,700cfddca28bfd3c,13216,e0f982,2e-06
6829,train,adcdced83cc0c3f3,3664,88033a,2e-06
2127,train,e3024dad85055a67,1055,eb7a62,2e-06
2725,train,7cc8fbff3442519d,1848,691dbc,2e-06
14885,train,a87388f5740a6160,10599,13543b,2e-06
5653,train,6974e9aaa80c6d2c,11496,a8591d,2e-06
2303,train,0a84fe2f77034d38,12344,e77ad5,2e-06
4601,train,1ad893dd607d41e3,2854,803c6b,2e-06
8744,train,b644a97e3340572c,328,bf229c,2e-06
3348,train,53941d7cf190afb2,7454,dca049,2e-06
7809,train,35d84644dbe7b084,13673,d0d552,2e-06
14653,train,b5452fa13eadfa4e,3612,3281bf,2e-06
4034,train,9af2399bb35805b9,9371,7c1370,2e-06
1938,train,17c68ebb22c9096d,10248,f4a8f4,2e-06
2460,train,1a7cfaa043189d1f,7987,cc705f,2e-06
11613,train,a4069c2bd950f329,5866,e99cbf,2e-06
872,train,c50a35503ed00ed4,14167,346cc1,2e-06
934,train,eb09fb64b1d7e291,9145,e17de6,2e-06
13351,train,d908de6302db583e,7333,a5517c,2e-06
4145,train,a3204223347dac8a,3313,fe0e35,2e-06
5577,train,6a0b73f9ae3e4904,13002,4c6784,2e-06
9064,train,e22caaab5897d7b4,12600,5976a5,2e-06
9843,train,b666d90ea514df19,9148,7293e5,2e-06
1424,train,84d7c0a03ea88fd0,12573,fd094f,2e-06
11251,train,d069ec9ea0d2acac,1212,a6c119,2e-06
11537,train,4e23e58a122cd4da,8561,49380e,2e-06
9929,train,96d13e1dc166353b,8244,d49633,2e-06
3986,train,98329015244f31f4,9636,5bb046,2e-06
1546,train,3226b73e8b1b92bc,4995,183066,2e-06
10018,train,ef99a3de2bfc5893,10156,8eee44,2e-06
4530,train,130925cccc25d8c4,8080,b9677f,2e-06
3943,train,f4821e9e3e4c76f1,3539,5d8df9,2e-06
13346,train,564f9636097fb63d,195,893f19,2e-06
12578,train,74f81bbe1de08682,227,65ba28,2e-06
11803,train,4f64dd660c67b9b9,3866,b51c24,2e-06
12812,train,c0f8d2beef485d16,8175,f202d8,2e-06
296,train,4bbd0c293f4b77a3,10296,f80da2,2e-06
14752,train,c0a821f22d11b2d4,9065,6199fb,2e-06
4597,train,9f5c2b4eb1d26c71,14233,78bc98,2e-06
8147,train,e3562279a78a13eb,5742,43eac9,2e-06
12288,train,c7c2fdf721627490,9246,623905,2e-06
701,train,d19cf498c4f8726a,9015,c07c7d,2e-06
13749,train,5651d43e8bce933c,5589,374b4f,2e-06
6513,train,a59087f5d3a02708,11629,4355a3,2e-06
12931,train,926a79da57f33d12,5195,6fd44a,2e-06
2546,train,ce2c54131cfc18a3,93,7046a3,2e-06
3254,train,2a5432ac5517eb5f,3501,52a9fc,2e-06
11420,train,7b451deeac49e0fb,8958,3c950c,2e-06
5449,train,9eb9e290ebac0e18,5219,99bc60,2e-06
3506,train,c984df665fbdd263,14543,3006f3,2e-06
5391,train,1fdeceeb68175693,1224,2609af,2e-06
12162,train,419fd4660ec452a8,5179,55653e,2e-06
7987,train,35444e01cc5500c2,3285,2e1b0c,2e-06
6792,train,7b766a0c787c0fbc,831,d0115d,2e-06
6141,train,e9d863c1a3268284,3497,7a2125,2e-06
2364,train,e1802d8c19f94bd9,4562,a8bc49,2e-06
9132,train,25a84f888e8ac7d1,5476,4b18b9,2e-06
14286,train,cf7f9ab5fffd4561,5374,db8b83,2e-06
6049,train,d3a0c510ebab8ca0,12742,d2d205,2e-06
4970,train,c1ee45e1832cc489,4348,d6b195,2e-06
13812,train,589e332b1658f2d7,13239,2ff494,2e-06
3681,train,f099cf0ed4067e0f,13182,7f5d91,2e-06
11060,train,681acaf5aa8ebe68,4778,baf9d3,2e-06
12867,train,8f0a20da60ed7bc7,5786,514627,2e-06
10278,train,90f60ebbdc6c445f,6080,1f4047,2e-06
11718,train,2771aae73eb908e9,12028,d9ad8f,2e-06
13280,train,7e8625d2a51daab1,10757,eb512e,2e-06
7957,train,be881adf6a76ac6f,2901,c7e2ca,2e-06
12733,train,78aebaabe3f05e66,14196,02fbf8,2e-06
731,train,9145c3032400bb78,12824,36a71d,2e-06
7079,train,d61f9a8122057a23,6420,001972,2e-06
965,train,11191fa6fa9b7377,1687,f0b715,2e-06
6182,train,82e41a989b7f9c87,13898,ac1137,2e-06
3922,train,209831d184b3ea7d,11535,ffa302,2e-06
4784,train,b62753f184b3ce35,13162,fe3829,2e-06
887,train,58868ca706857f22,9395,48bc15,2e-06
1336,train,02e92660b77f77d8,1520,4ea929,2e-06
10743,train,18ba4a50404d24e6,7639,30b8bf,2e-06
12742,train,5d0440aa5f09d251,11817,194cb6,2e-06
4718,train,521b42f82a461f6c,2447,956722,2e-06
14369,train,034ed3bf757cf456,1335,af0053,2e-06
13163,train,538bd86e1c3abf72,4505,e5837b,2e-06
4838,train,b0a632ccfc267883,11028,3feb80,2e-06
14578,train,cfc611e850913fd3,8749,ef7623,2e-06
6321,train,28f65872835604e7,11514,674c69,2e-06
1317,train,0e4de652d3bc8f18,12363,eaad16,2e-06
6810,train,3d7aa59b8387b6f1,1510,b176a6,2e-06
10937,train,b2e8fa7ba2b393ce,4134,f97e6e,2e-06
13775,train,156cd6591b118195,11056,5c2276,2e-06
6889,train,45ba8c483f988af6,6063,b6c507,2e-06
1995,train,189fa012e6b2eb73,9684,0133b9,2e-06
9904,train,28c102cc28b1b558,1289,9f1122,2e-06
5757,train,ad163227e275b062,5100,7db4e5,2e-06
4241,train,adcd53ee798ebeff,6256,82a006,2e-06
2459,train,78d63a0e82f8ae4b,11424,c83609,2e-06
7905,train,c3810b8060b3dad0,4266,44747e,2e-06
12941,train,1fdf70e535e6d130,12613,4a51f9,2e-06
1014,train,15fb8b8751b62ca5,1220,92c5d8,2e-06
8996,train,c348d1cd8cf73261,2356,c62170,2e-06
2032,train,86e619af11b9fae5,2718,bc8953,2e-06
6194,train,7cec9453aca0fa26,11241,38ba80,2e-06
12675,train,9b796c2cc7211158,13343,4c5152,2e-06
618,train,f11de2fd425dbabe,2664,607d57,2e-06
9649,train,9631ece9f942e75d,3785,b98846,2e-06
11695,train,f7de1c90212c27d9,13011,72e15d,2e-06
2817,train,53b790630b02d243,9125,fa10f7,2e-06
3381,train,0f06273b4c851079,10820,d0239f,2e-06
13543,train,4567a220acbf269f,494,30a9f3,2e-06
9577,train,93ea5b0a13928c32,5159,2bcf95,2e-06
14076,train,f2795833861dc61a,3720,b20322,2e-06
11033,train,2c711eefa8557a13,4311,761407,2e-06
12108,train,b8a31c0b9340e9bc,14091,c0b1d5,2e-06
12738,train,9ef645664eaabb03,10258,eecd70,2e-06
61,train,e436ba76e965fd09,4580,c37aa8,2e-06
8881,train,f8443c9a9f23953f,11072,7a6b74,2e-06
2436,train,a8f0b3a31330fb87,9461,cb4729,2e-06
7313,train,49242ef06e7f4af8,8550,a5ee6c,2e-06
9251,train,9d472d190c306bf6,7543,4230ef,2e-06
5793,train,115b461a5830f590,820,a4a227,2e-06
1162,train,21e02c5fc1193759,6390,210162,2e-06
6128,train,16bb0ca4ab9ba6d4,13710,df237a,2e-06
10103,train,f78b20bff242ab0d,10647,7a3180,2e-06
3522,train,4145b0dc19f65992,11587,fc1908,2e-06
7840,train,070acc6a524d38da,3894,efe6de,2e-06
11546,train,5a5a242580a4ba75,12798,8c9273,2e-06
10897,train,4517620bbb16b0a8,9171,282008,2e-06
14683,train,09a59e69fcdb0eaf,9932,92b198,2e-06
14040,train,4e017fb2e6cbca95,5463,b6cac6,2e-06
9622,train,c0b8be43394358b5,9261,75b556,2e-06
5957,train,39132b4faf5ff44b,5700,a0aa31,2e-06
2035,train,80f686ad6ba75ab1,1219,784122,2e-06
3212,train,7c547111cfd11fa8,3844,384eb3,2e-06
8033,train,fae7c26e62e1b217,13128,6cb5ca,2e-06
4741,train,d5db4498d9491408,1099,04e105,2e-06
13711,train,188d091bd6031324,390,74dad5,2e-06
13084,train,43f6f9aa061da89d,10079,3f5377,2e-06
1418,train,bb4d203de3d14cbc,9677,bad4d2,2e-06
9374,train,69bb76501a315b62,8163,a3c0fa,2e-06
8754,train,061585861b2acc45,1647,fa4405,2e-06
6628,train,247c895f4397a0ca,7062,231cfd,2e-06
587,train,4feda4e2c0462f3b,14511,23ee24,2e-06
7385,train,6ee94c644f805d3c,4623,109cf6,2e-06
13443,train,9176d36d5f80beac,2175,81c592,2e-06
9953,train,06aa2089a4303394,5345,a3f89a,2e-06
12948,train,70dbb905dd728c32,2762,2ab96e,2e-06
13220,train,59c471fc1bdebe72,1511,1a9b77,2e-06
295,train,b326e5d89a6b1032,2637,611f21,2e-06
2958,train,7177fec54605add3,8204,dd7e13,2e-06
3584,train,204c6e36d62cfc3b,12775,ebee44,2e-06
7765,train,1cd8b2917e7636b8,13196,cc1f41,2e-06
4637,train,1bfe9fff20afb97b,10850,449cdf,2e-06
4123,train,dc4d22eeadf9e8c7,2591,a4b0de,2e-06
2625,train,b6f58535ec4fb7d4,12533,8920da,2e-06
619,train,e89459ad3ae0dedc,5057,5ba7b1,2e-06
10874,train,39a54863449de08d,12840,558fff,2e-06
1376,train,f9213dec065bf962,8730,36a6b2,2e-06
694,train,bf0908c28eb16c46,7260,e73cdb,2e-06
13533,train,32fa3af95646a068,554,289649,2e-06
10963,train,a9cf9039bb6d0b9f,2264,433981,2e-06
8832,train,c7ed80545399e475,9396,c76258,2e-06
9673,train,8d1f94f3b8275b12,2122,6fce32,2e-06
13376,train,b97077dfe166626a,6966,23f371,2e-06
12052,train,bcd0eeaba23f0c92,2820,524cad,2e-06
3494,train,933954f7e1c67fd5,1228,dede61,2e-06
1245,train,259a15727223b488,7206,bdb916,2e-06
10092,train,da9f13e493a5bedf,3851,c605ac,2e-06
13327,train,1b821f5f048b49d8,6953,eaf0cf,2e-06
12036,train,a285e0ceec3d2f76,6036,0d52dc,2e-06
784,train,082bc0f6a920edbd,8090,67705b,2e-06
8851,train,6e7e5efce81bf6b8,9077,5a66e7,2e-06
9727,train,b1f66874ce826450,7875,66062c,2e-06
13414,train,06ec7cfe097b183e,2509,54129c,2e-06
4753,train,f5d6e0b20c89d7e5,8661,11e528,2e-06
5936,train,19d62d045f4b76c7,3774,415513,2e-06
1618,train,ce6faeec8051b36d,7982,5b2257,2e-06
5215,train,b83cd2221ed7c9d5,4948,ca9ba6,2e-06
9615,train,e40c92b54b4fc564,409,55004d,2e-06
1471,train,2d233f625ffd2952,1497,c0ddcb,2e-06
8341,train,9a3a16281c43313c,8928,b7451f,2e-06
13370,train,e49e6ee759aaff64,1253,e05aa2,2e-06
12737,train,9eee668b73ad173d,2853,d78c1c,2e-06
10112,train,aa612e3de90163ce,11217,cd02f3,2e-06
10382,train,1065caf87563a302,12472,064acc,2e-06
13302,train,9b01c576f0a5c7ba,5565,24a55c,2e-06
12039,train,6d13fe4e9bc82e7e,6159,a7984c,2e-06
9470,train,a75f616ca6792aa3,10329,76b1e3,2e-06
3237,train,f9da75231137f830,10452,456af0,2e-06
5835,train,c85e5168e3abec32,4641,ff9cb9,2e-06
7593,train,8f98b2dbedda8e1a,11751,e801e5,2e-06
13498,train,09aeb90d97f41e17,13819,f78203,2e-06
4667,train,56d9999ccca73ed7,5787,90cba4,2e-06
5613,train,fa790841df1e3b23,11812,ad1ca9,2e-06
14816,train,78e1f80097865dec,7184,350264,2e-06
1927,train,b187336010a7813f,11915,9a2b57,2e-06
5121,train,aafc5fad166c0524,4373,8951ad,2e-06
13682,train,125ec82a0038cedb,7179,26e61f,2e-06
11484,train,0891c826755064b1,12844,820139,2e-06
7233,train,e966efa0d6abd418,5936,fbe9c4,2e-06
14441,train,316c0d4e30f115be,7465,0c0805,2e-06
2569,train,a62e2fdbdee08125,6004,0b1aca,2e-06
9775,train,74e1a9fddddb9eb5,5382,ccaa3c,2e-06
13324,train,0216b20ec6e3ab28,800,d69b76,2e-06
1769,train,6c360b7672375587,3250,c6d0ea,2e-06
10243,train,de313414acc0f415,5145,c9e2b2,2e-06
2533,train,49847e9d4d992368,14514,eb70f9,2e-06
9172,train,88f1fa6d59d9aa1b,9953,a89057,2e-06
6861,train,2bb1e8e8ecbb3f61,13945,fac7ab,2e-06
5944,train,f05e192f9cd199a8,3649,338536,2e-06
7821,train,0b30855fbcb7aea2,7673,95f5c5,2e-06
371,train,72c40ecbf1017e3f,4001,ad1912,2e-06
2937,train,9a805acac6bccc59,11819,f4c463,2e-06
13480,train,b1af3c04a55da127,6561,301855,2e-06
12554,train,6e2302e4122257c7,3467,3cdc61,2e-06
6457,train,e8dfeaa2d02b0b59,10852,d72772,2e-06
9542,train,78568401d6a6e84f,14487,d5c674,2e-06
1989,train,6981a43b1ba5050e,14203,0fe6fd,2e-06
3033,train,9b59a740ddf91ade,9825,b12268,2e-06
1133,train,f247f1a488873d9f,733,9acec9,2e-06
5513,train,ebef09486ace4c31,19,264384,2e-06
9371,train,8ee552e77cd44b3f,2969,c75f36,2e-06
11975,train,6224aa89f1b09e8f,9633,20c763,2e-06
13176,train,0c167106cfba348e,4478,9c9966,2e-06
1223,train,637c3212cb4d7b00,8198,aa6513,2e-06
14863,train,f589e81958af5cbd,2321,809bef,2e-06
3828,train,d207e2995a6477f5,6714,e3e810,2e-06
14397,train,1523e5cfb0551abd,4583,ceaa89,2e-06
9903,train,45ff5c44dc35c08c,2234,3ca133,2e-06
6655,train,09c9f0cf179c0805,10512,c92454,2e-06
8173,train,549f2e6c89652dc3,5169,d0020b,2e-06
13149,train,883df81d818611cd,2714,c0fc20,2e-06
3231,train,fb28e907b1679a79,2262,e434c2,2e-06
6690,train,65b8941ede8b4440,7704,b473d8,2e-06
12227,train,49d478d19a9fa12b,2763,e2107a,2e-06
3713,train,035b67b5497e684a,10654,e4bcd1,2e-06
13804,train,7c159f02b3a4d269,4507,aaef96,2e-06
8556,train,eae9b959fbb403ec,5574,a88a69,2e-06
13550,train,0b7dbbae971aac44,288,574b7c,2e-06
12141,train,a4bc9e02b0cb82c9,11571,354913,2e-06
14581,train,2a92acaa867362ae,12430,95e248,2e-06
9695,train,4e04d46224499660,14314,fb3be9,2e-06
2665,train,5910d3e4c6d15d33,11410,6defd9,2e-06
614,train,348e3f0f3e5b23ee,35,5a98e8,2e-06
4702,train,50c81f5185be20f2,14066,4631fc,2e-06
1917,train,4e07079e5aa41e8d,9984,983e36,2e-06
12431,train,053003420a9a3afd,13946,dd958e,2e-06
9884,train,ec4a710f0f0431e1,11359,caf4b8,2e-06
11950,train,b94add124e8eb70e,8655,ec17a6,2e-06
1538,train,df3c42b472f205ae,10770,24ce29,2e-06
14735,train,0779ad32c41ee2ef,14160,46c898,2e-06
9729,train,0a0b205334cd0f92,13243,f64897,2e-06
8136,train,202e996e3199948c,3368,477038,2e-06
1949,train,3c7b62610f52668a,12524,054b84,2e-06
10242,train,790bb8219dbb1d09,12067,d42959,2e-06
14708,train,d65522980c874568,5867,d0d8a7,2e-06
754,train,69bcd654c11999cb,1184,02eab1,2e-06
12473,train,912b0cbc4b331a4a,3822,bb2c4e,2e-06
2078,train,4268126a9a0e88f3,1433,8bba4f,2e-06
198,train,26e6bbbcfd89c635,5865,6546f7,2e-06
2987,train,ad79095ba743afc6,12879,cac2a4,2e-06
6926,train,63a03605c2239cea,539,1fed27,2e-06
1104,train,9bb1399ec33f3328,8574,7c24ff,2e-06
5588,train,ed43fbc2f933c79f,8155,605cbc,2e-06
1724,train,05e130cb0bdf83ff,12096,518a20,2e-06
8684,train,4c69924b4cf1e7fc,6956,dbdc48,2e-06
545,train,6cb7cae431830c61,11000,623ddb,2e-06
1315,train,6263e7f4fa76b5e3,13140,b6daa9,2e-06
12969,train,c2c6564c5a8ada01,7964,b77266,2e-06
7630,train,7f0f57a130616829,9832,03f6d3,2e-06
4669,train,0270df0b110d6c42,14355,e1314a,2e-06
7528,train,7f64da786f3c60d6,53,67488b,2e-06
7289,train,c3f49d0d50988046,6152,fb7b59,2e-06
14512,train,9070a0bcf49b9ef0,382,5a035b,2e-06
11238,train,1cd6a56126f6fa27,1524,d6eaf7,2e-06
6407,train,2c47637a812bdb7d,3298,71bc19,2e-06
9340,train,e17b0d906383adf2,5399,d4528c,2e-06
9626,train,5aebc067f970a723,1260,f95f35,2e-06
11510,train,1486de15086c5006,13600,379497,2e-06
5528,train,f46c653ac001fc38,7967,522379,2e-06
3023,train,c0f634e64cb691a6,10299,639359,2e-06
5837,train,cb6a10a0998ab63c,9192,004807,2e-06
12206,train,52c7028eb3a30d77,11570,4d7024,2e-06
11764,train,daf15fc98cc21fc8,9226,e76e61,2e-06
5761,train,c46aba0ca0ee990e,943,a4aecd,2e-06
3077,train,5e2062c4655fd339,9153,003af9,2e-06
5834,train,fb84d0af6f511161,11366,9de854,2e-06
5752,train,2a28d9b4e7633e75,7774,485cb9,2e-06
7683,train,62f41a9bc497c23e,9803,361fea,2e-06
468,train,bc7ccf56123a4573,829,2c7717,2e-06
5885,train,56c74c598ca59ec8,13510,22de97,2e-06
4115,train,466c4baaa3ab917c,11439,4e7ec5,2e-06
11965,train,5505ae0b7c9a97c1,162,470ea5,2e-06
2441,train,9e100844aa58fd95,11450,5b463b,2e-06
1761,train,cc04e5c282ae4ea5,12024,a69cc5,2e-06
11657,train,02ba8e35f21857ab,5269,13b16f,2e-06
1326,train,98deff81c868d8ab,2986,88dce2,2e-06
1808,train,887eecca3fec0125,715,f1413f,2e-06
12379,train,23b8785d9135ba7c,7747,a28cb1,2e-06
10218,train,b64987fe5b44b976,5121,b2dcfa,2e-06
5208,train,cb7052a63d882888,2273,6418f0,2e-06
7365,train,0745faf4332c595b,2084,2576f3,2e-06
3549,train,6f7041ce0d5e2325,632,b906a8,2e-06
3219,train,819d707024269164,10066,bd02a2,2e-06
973,train,e68d0e06a6d2a4a0,11992,0084f6,2e-06
3129,train,a1eec61549863b74,7881,062904,2e-06
14469,train,4f709aa05c129119,12200,b44d06,2e-06
1941,train,e47eb7d0ae2cab53,571,6a7257,2e-06
3693,train,31e0e6bf99d1e4e3,4239,cabe26,2e-06
1190,train,8c931af8b157adda,3507,962a80,2e-06
6179,train,cd81375bc852a407,13538,2ae316,2e-06
11701,train,aba305983d409e8a,1008,c9f7d3,2e-06
12976,train,4171e8cc625cf5c9,3376,93a7d1,2e-06
7001,train,28d515f36e0fd258,4057,aa0246,2e-06
5796,train,3ae50b8f886d1a93,8134,772b67,2e-06
7012,train,8d7f324bdeb74104,933,cead6e,2e-06
13925,train,dde30c431b1aefc9,331,8ff5c4,2e-06
8848,train,6fad350eb15a893c,8413,82efd0,2e-06
10087,train,3120e45108c626b3,1745,0c0bb0,2e-06
14785,train,b1de4752fab65d35,14571,21c0ac,2e-06
6546,train,6633764f4b541841,13496,6048c2,2e-06
11293,train,3e311502edaad47a,2372,13d1dd,2e-06
2804,train,0cd4faf76c500ae1,848,c5e146,2e-06
10608,train,20af798135050d38,4116,e23469,2e-06
13800,train,44bcb7df08a6c1f1,8582,6d03a3,2e-06
9853,train,af0a233491dc314c,1983,4e57af,2e-06
4252,train,40478898df8cde54,12538,8f2806,2e-06
11327,train,6b5d5ee540df3bae,13049,a11d7e,2e-06
8216,train,97fd25e57b71cdae,10503,e38817,2e-06
10388,train,bbda13ba72a6a617,7741,a27cfb,2e-06
13158,train,928b8490b166660f,9230,68fb94,2e-06
4436,train,adc3078a6cee57a4,1084,70591f,2e-06
4175,train,a6d265d6c8c4d195,3819,a1e9ef,2e-06
56,train,226dcb51834b4d15,2868,8b1f5d,2e-06
9807,train,0e3fd23d49f66f43,12066,e8735d,2e-06
10883,train,ad2356276c1488aa,4726,135b58,2e-06
1155,train,68d9e7a8afd34b86,2469,001487,2e-06
4913,train,373da995cbd2594f,1476,3e18db,2e-06
5177,train,8ff3d58c05de709b,1375,c654a3,2e-06
10686,train,b3efefaf261897e6,5445,b0f703,2e-06
5146,train,129bfaa0669af9c8,9573,316cf2,2e-06
7018,train,e64775435fa9fa0a,11275,3b785a,2e-06
14432,train,16eff811e3c4aa08,10626,9e6956,2e-06
4773,train,babb9b27d6cd7bee,11207,2eb655,2e-06
4090,train,710e1a0187fa780f,13351,172984,2e-06
621,train,d51d2a16171efbe1,1545,a6cb0e,2e-06
5626,train,e687a33b74a4d7ed,12196,aa7a5c,2e-06
1790,train,b4ecfe977ccadfbb,1081,3cf728,2e-06
2088,train,17abacd6a3011a60,11652,a579c6,2e-06
10282,train,a85c71d0e08242c9,3931,0d08db,2e-06
8856,train,bba532c9d9aaeac8,2912,8e2437,2e-06
9859,train,b322de68f91ce72d,4510,a2b792,2e-06
12959,train,c36bbad92acd8ba7,12934,ea77bf,2e-06
1736,train,93190b92d6b5abdc,13200,850f73,2e-06
14453,train,ec634b6c50bd17d0,2111,b4a731,2e-06
5677,train,f40c1de77882e521,9768,7544cc,2e-06
12614,train,e243d8e5d24e54ce,6087,caa3c6,2e-06
10706,train,abf66822a3bd636a,4852,e5529c,2e-06
11770,train,d7d2545cbee050fd,11736,be9e98,2e-06
12248,train,cecd4b5c92b1b9db,8336,a71d96,2e-06
3904,train,4cac1369c01bc35b,8529,5ab560,2e-06
3817,train,c5fae19437fbf7e3,5665,deaf9a,2e-06
13726,train,5cd48c48de5cc5e0,10043,d8fbc6,2e-06
3484,train,6a60679d71aa736e,2653,0ca3a4,2e-06
7312,train,83421f88fc97272a,58,4180dc,2e-06
1235,train,70507c4a486ac825,14548,5a0e22,2e-06
7082,train,684cf4b21e7065d0,1248,c3568a,2e-06
11168,train,aa8617e50fde3daa,12489,c9280b,2e-06
6258,train,f1cde5867cf466eb,9723,340f4a,2e-06
6620,train,c3d303bfad6e539d,8105,9534bb,2e-06
9566,train,ed16c05fc8f479dd,13340,45d70c,2e-06
53,train,871844e7e0dceb7f,13220,bf667e,2e-06
1035,train,2a82e0b2443ec282,13359,9d2173,2e-06
323,train,71a36a139424e688,4063,023569,2e-06
738,train,67067a27262f0132,6324,1dcba7,2e-06
2728,train,e51a583813eb5d58,4394,fddfbc,2e-06
13091,train,e86c697cad36c80e,4405,283ded,2e-06
11002,train,4edfadde57eaaae2,6973,658696,2e-06
10741,train,f1be15c59a71e60f,8378,079c17,2e-06
1341,train,8081a81abde5f5ba,4961,cfb3e0,2e-06
1369,train,601c7131ba256702,3341,71a47b,2e-06
9194,train,a6ffe2fe7e5ec656,1859,ed7d2e,2e-06
3411,train,f6e011c676d46c74,8357,9b50d5,2e-06
9536,train,15934a071d1848c9,4550,280d73,2e-06
6031,train,a3f40c05e76cbf95,8900,9e1e6c,2e-06
571,train,c7096b8b3c3401ff,3593,c776ec,2e-06
11431,train,7f0c2573aa7d855b,10228,e592c4,2e-06
13990,train,ac3258d8052ba9f6,7020,25418a,2e-06
1193,train,1836416c7e59ce68,12735,db656a,2e-06
11607,train,eacfa6c57a4876a9,4487,b0716c,2e-06
5861,train,359b175709612f83,13696,c4a6ca,2e-06
8922,train,c41dc1043d04c205,9456,d770c3,2e-06
6242,train,a3174a22f92bc545,14554,608dc0,2e-06
14118,train,53f4ca1e6d3aadce,12113,cf4977,2e-06
14552,train,9f9f0252e83101ac,8158,c651d2,2e-06
8248,train,697da62272ba9083,12863,ea48b4,2e-06
7710,train,8d7d1f13cdbceead,3132,c5d95c,2e-06
1265,train,98833eab78d0fc97,5973,04be97,2e-06
13778,train,78f57153db16a36c,1334,a1749d,2e-06
9787,train,2f97011bb50d1d32,1262,f625d0,2e-06
1767,train,5075e42eeae8dd1f,8339,fc9ceb,2e-06
8761,train,de6cbd9c34f9f085,7985,33bab1,2e-06
12281,train,62e3997bde069a2f,6917,c6d3d3,2e-06
6844,train,22eb617609d6f3f0,4319,17bc34,2e-06
13699,train,91218dc9c7f77070,3489,47b31a,2e-06
7526,train,1ad6460f9020cf88,1053,8b6953,2e-06
14761,train,17a6312edb23cfa7,10593,aa2a36,2e-06
14112,train,032af353b4f46dc7,4452,0c770e,2e-06
7816,train,c986e0a9376eb08b,4108,f5543a,2e-06
3891,train,eb99a056ad9c19b1,7241,7ed9f5,2e-06
3184,train,020d3ec751f11f89,7118,cd1bcd,2e-06
2539,train,00b9172e2c37697c,9430,ddc69b,2e-06
10483,train,b0ceaccf0705d0d4,7834,280b41,2e-06
1533,train,aef085996ce2a58c,7936,307025,2e-06
3166,train,ff29c25df63722b6,12923,9aa1d2,2e-06
3519,train,4d1e650b50322900,8400,f6a67e,2e-06
6151,train,7a8b046022c3f602,3337,1a3408,2e-06
4158,train,e90a40c149f35776,1876,cd01cf,2e-06
306,train,7d9c28dea2327389,4094,aaf3a6,2e-06
748,train,e3da70dfecf5cd9a,10337,65ede3,2e-06
124,train,94161c55db2a94ee,4981,5a7ad7,2e-06
14555,train,b82999a2d5004ad2,10686,9124cf,2e-06
1334,train,aca042d53e35bdc2,5275,007144,2e-06
7546,train,7a080d1618d0d690,9474,6bf1d1,2e-06
6593,train,ea0bfb938a8f9f2b,9301,224185,2e-06
3707,train,fe5bef8144b4f2e2,14022,4655ea,2e-06
2125,train,bb864156df7660ee,9292,982206,2e-06
2464,train,6cdac82b3762029b,3345,d7d658,2e-06
6826,train,9f242ee9df020628,6634,3f20e9,2e-06
4289,train,9c1f1cfe659ab2c0,1639,b90ddf,2e-06
13579,train,1af7adc72dedfae4,332,e1ca72,2e-06
7869,train,85575e5023344439,12587,0d948f,2e-06
12922,train,8feba069320a0e3e,4031,7a6faa,2e-06
6390,train,3237029189c95105,7829,32a0e4,2e-06
3461,train,d575ed38bfee54fa,3366,8e5bb0,2e-06
2275,train,029dca279835dea2,11856,4cd2f9,2e-06
12799,train,ba9bec1b2958fb8e,5142,dd7738,2e-06
13876,train,8e78fed010b20d4d,515,0eaf31,2e-06
12748,train,3b68f6273ff71605,10530,cc8fbc,2e-06
374,train,94ac914648f4ef40,11432,af5165,2e-06
14753,train,6ce75a31c8978e61,3077,271113,2e-06
7187,train,2d929fe41dc9d616,12372,473da5,2e-06
4067,train,b4a5711ad5e23faa,13357,fab7c3,2e-06
772,train,959da8c07247ab19,4386,5a158a,2e-06
3492,train,391775b6d27a1ba4,12722,15ff4e,2e-06
853,train,73f1e0ef7186a9b6,5812,9b5e63,2e-06
14912,train,ac009d8acaa0b38d,9011,8b858e,2e-06
2126,train,18c178e13ccad8b3,8447,03f9ca,2e-06
9815,train,5df88409bb7b3433,9336,53c1e2,2e-06
4414,train,54c64c3eff9ae2ca,11112,ac945d,2e-06
1806,train,e1062578a897b5e9,2609,bd3737,2e-06
10171,train,beefaea63699b400,1851,ea9eb1,2e-06
9299,train,794339e8aef5b6dc,13932,be628d,2e-06
5983,train,1f32a11f1bb41cb9,12272,b55d41,2e-06
5549,train,35b9376b45144c6b,13631,b71042,2e-06
8366,train,2c1e64e7890e951d,901,3ef4a4,2e-06
2521,train,48ffe1c9269b7032,8602,b835e8,2e-06
9111,train,8ef541d0f48d933a,6575,7b0f35,2e-06
11959,train,1b5ce5864d518ed6,10202,a3b8d9,2e-06
8729,train,3dc6febc98dd2443,5845,bbc495,2e-06
5232,train,f845a732ae57b421,7593,477ff9,2e-06
5654,train,38e899a2c5130694,3749,47d69a,2e-06
10276,train,4b385a3b39577799,4484,e54afb,2e-06
3871,train,2a24679ebc911133,4625,899abe,2e-06
4240,train,f6e246f36d756985,4564,058c07,2e-06
12573,train,2b202497cbbf2a71,3123,abfb0f,2e-06
4956,train,9c4ffbacbe3b692c,8965,8ad29b,2e-06
4811,train,be97c98c7a3085f7,11752,30921a,2e-06
12252,train,2876cd2e9b5f501d,13260,e1509d,2e-06
10111,train,dd7d67ff5d5ed8cf,6200,6c61af,2e-06
9914,train,653bc31a3dbaca3d,7380,1b8ca8,2e-06
2528,train,7b9e9716c1e11422,9299,790cbc,2e-06
663,train,4ac9e8815b47c50a,6259,b54c84,2e-06
5387,train,c668446bad619212,1922,40ff09,2e-06
11151,train,97d5726fc5978f70,1965,6b8478,2e-06
13114,train,4d80a0470dcab88b,7505,d39639,2e-06
9704,train,d8785171de7789a8,4278,d212d4,2e-06
10395,train,b9451f61c731a3e2,10648,c84015,2e-06
10429,train,3249bae7abfaff27,6657,d7d10f,2e-06
6417,train,2f3e28f4cb0241ab,4409,00d038,2e-06
3780,train,1d697c830e6b0d00,13604,760d39,2e-06
8944,train,bfd2a4645f9dcfdb,2922,06f13b,2e-06
4453,train,3d1bdea746b1bcc3,3530,9b717d,2e-06
6433,train,4c3231a6da04596d,4328,015048,2e-06
9207,train,dff0ee65c7d8d335,8505,bd6cdc,2e-06
7650,train,5ec88948a42f00bd,234,e12bf8,2e-06
1514,train,3eb2437b8d9728e2,10896,f0bca8,2e-06
5910,train,ffe47580ba641b53,13209,7d8f0c,2e-06
14887,train,e8e4d4a6afacfeea,6034,22d156,2e-06
7917,train,78ebea86de023b4d,13817,e50b12,2e-06
11489,train,3f97720379ea1b92,13741,eac2c7,2e-06
14846,train,cc2f8e73b98121ed,6774,c09c22,2e-06
6344,train,c8a7b9578d09fd55,611,14fc25,2e-06
14390,train,e1fe557a383fae79,2261,494820,2e-06
11833,train,aceb85c7c044f195,11753,b90313,2e-06
432,train,a8fc547ab69acd33,8954,747cfe,2e-06
9126,train,ae69f623440a0109,2478,0ad202,2e-06
9229,train,d99e4002a51bc544,7928,5af61a,2e-06
5403,train,40ddbc231ee9a16d,11188,0c441c,2e-06
8847,train,3585b6f59a9d1083,9928,236f1c,2e-06
5901,train,0205f85c4c833f86,13681,182641,2e-06
4351,train,4c00de2db16bb910,536,5153f6,2e-06
10911,train,d98831d9b7193817,7405,b8fbf5,2e-06
2655,train,ca0cd7d5ad2015a8,13352,d1ac8c,2e-06
14743,train,aced5d0305b6125d,5407,ce11b4,2e-06
10494,train,d2d7198e1196d00a,14418,253cd8,2e-06
4242,train,c248975be3c05310,6879,361c63,2e-06
3885,train,fe5f836a9a44ef64,9186,fbc7f9,2e-06
9572,train,db447a31f293a9c7,476,4c1b06,2e-06
1496,train,58ec80836890fc7a,12941,a9166a,2e-06
7610,train,c882a27221e19880,3192,975de8,2e-06
8843,train,5d70b94db8348572,482,baa935,2e-06
10339,train,540688c0cf2804af,11231,e74972,2e-06
4694,train,cb68a903e2cbedc4,6239,937180,2e-06
3807,train,3d1240a5012ddeba,7310,05fe83,2e-06
8178,train,06cf52032003c9fe,12789,c7d91a,2e-06
2182,train,8c038398cf050054,9971,000370,2e-06
12202,train,0bc1b33a09423e17,9550,e18f3f,2e-06
11837,train,f06fb7e26cb6495d,10251,1fd375,2e-06
2711,train,cd218ba6ddd4e129,13381,f52b81,2e-06
4388,train,b4a203d8f9f3433e,7685,b954d8,2e-06
4122,train,58e3634e43bd6d33,13205,dcac6c,2e-06
12599,train,eacabc4bd7764220,10732,59db83,2e-06
1700,train,90f311dd22025702,9774,17bfbd,2e-06
10822,train,5dbe1224f6ba78ab,1704,46aa4a,2e-06
7756,train,6e7a066967ddf89a,6321,92c6e1,2e-06
9672,train,8bc9b3977e576d62,8675,3f902f,2e-06
13581,train,3f6872e1228bec25,2031,21d5c8,2e-06
11762,train,c6b4f6bf868f6589,8614,0c3ba2,2e-06
702,train,751a952d2005a814,7580,b8a147,2e-06
2456,train,37db73f0a44befe4,2782,520c91,2e-06
2603,train,1629b9381e24e923,8249,ed3398,2e-06
1362,train,3bc1529fc2de9c0e,4364,cd67b9,2e-06
3597,train,ecd65119741297e9,5351,336ded,2e-06
9669,train,be1652a7ef038821,9152,389d59,2e-06
9601,train,79cac171a30c70ee,6081,b9742c,2e-06
4594,train,23da79664ff377b5,9516,e75d0c,2e-06
9650,train,d9e863f05ad17ceb,8870,fa6b64,2e-06
1282,train,9ab35d96418a3094,11157,0bce60,2e-06
759,train,6ac3d9b761ac35f0,6863,8e10c2,2e-06
5363,train,2c69e470ca0296ff,8268,f25f88,2e-06
6131,train,95fab4cce8616140,4627,0bc179,2e-06
6144,train,903f125131273842,4245,e98db5,2e-06
12515,train,0acb9c19a08b8f65,2614,2db0c6,2e-06
8644,train,c64f1402b135ed76,5533,7e0851,2e-06
2543,train,8aa01a255b4891a9,10410,51abf7,2e-06
1875,train,c0b1f3d50aaf5ace,11260,f89d5f,2e-06
8237,train,cc1774a289568356,2044,49d9b8,2e-06
14336,train,2a7e1ff37cc8586d,13114,289001,2e-06
1859,train,3aa247aa8826ad3b,12852,068c50,2e-06
3320,train,c8675d02eb6f7ab8,1138,0d662c,2e-06
3778,train,aa3f69677d4ff7d6,8429,cc4d84,2e-06
6615,train,a2a4af1d8a9a714e,13956,883b20,2e-06
5068,train,e3877b6cb7feb24d,12458,4aec46,2e-06
2597,train,c6d387ad72747333,10762,4874cc,2e-06
11623,train,29bc767f59489d38,12465,55bf5d,2e-06
6764,train,936aef3c2195a9ad,11738,48e86e,2e-06
12270,train,9e6839dcac187238,1583,e4569c,2e-06
10423,train,df9b1549fb418dfc,9733,93c7ef,2e-06
5898,train,c3069ae1d5d8df81,1938,21a4c5,2e-06
2823,train,3f857408c627adc6,168,9027a1,2e-06
8964,train,7ae8e8fb11c29a8b,5442,f9a28f,2e-06
10682,train,156ab231bc52e788,5956,451f59,2e-06
14068,train,9d28e3bea5946aa0,12051,ba181f,2e-06
14622,train,383e1540ed71dc26,7003,976501,2e-06
14763,train,5ec9d2fa19f15c0c,5580,ec0b93,2e-06
5497,train,1ca5318c4957ed18,4813,0fcbba,2e-06
13167,train,6cad01a940070cad,5801,5569ab,2e-06
10059,train,332beb3d49a56bd5,5701,71d1d2,2e-06
9628,train,6dec69cd33859949,3227,027f38,2e-06
6551,train,da7772c283b941bd,680,27240f,2e-06
6250,train,2c8e5b37f7bbad81,1873,d59e9a,2e-06
4163,train,39558a90055a7d9c,14148,c41bc5,2e-06
9937,train,3344b68fb8b0287d,7330,1bf2bc,2e-06
12697,train,f0a4cd9136db0e05,10434,3faf18,2e-06
2924,train,4319e439d8030fe8,11900,940e1a,2e-06
2917,train,be13312ddd68afff,11347,f3ec19,2e-06
14344,train,d8c55127cc756a26,7959,bdc594,2e-06
10468,train,cb8d45a9631d20e9,5889,859629,2e-06
5011,train,807a8f9615b8ab2c,14070,ae0042,2e-06
5191,train,0279f66e0cea3b89,6384,8f7364,2e-06
4055,train,d80e599b30b482e6,4466,7201b2,2e-06
6718,train,e3d54bcd105d130d,5558,d6a6d7,2e-06
12146,train,cd2b86b4487ef1bc,14083,fcada5,2e-06
4361,train,2e22a5a5ce646acb,11407,150f04,2e-06
3792,train,3f62097d176e53bd,2242,eb9bed,2e-06
11281,train,a07bf70bca495f27,5633,ce68b1,2e-06
2278,train,144024a69e7c94e1,12228,e2f2f5,2e-06
8875,train,2f78ade7e063934e,9730,4480ea,2e-06
4057,train,511d461840c78928,4071,b8abdc,2e-06
1881,train,4023b68eabb8c45e,5769,75923a,2e-06
1082,train,672cc0cec81d3ce7,12637,0603a1,2e-06
1947,train,642d893dffe0fea0,12717,61592a,2e-06
4099,train,da204ed492154433,1911,113af5,2e-06
8822,train,b54c99d571178525,9519,7a8868,2e-06
602,train,73c0a7e08c18e1c8,5721,2627e8,2e-06
11859,train,92b81aff9e7bd239,10841,f3b47b,2e-06
7912,train,a859bc48424589cc,6407,8b5836,2e-06
10579,train,525311094992d444,3648,a0f71e,2e-06
13996,train,25bc887c6c807a31,1468,d9eeb6,2e-06
14505,train,c8bb55761e9a2e10,3794,174d64,2e-06
9688,train,79939875228194a0,5901,ba2db6,2e-06
7619,train,cd3ce98d1cc12e88,8167,396230,2e-06
12992,train,ab3758660a5b8a4a,895,ea3775,2e-06
1569,train,59b057dd5d0058f5,12315,c90e78,2e-06
4631,train,a9b643094d7903a8,2645,780e07,2e-06
11574,train,72193f9c255d18d4,8388,6e56ea,2e-06
10439,train,75917a407642a291,11512,d98d88,2e-06
10234,train,a3a5ae21bcb500bc,228,e9504e,2e-06
5101,train,e54e660d6cb82932,3561,a6997e,2e-06
4297,train,fe733eb9035d11cb,13571,0490d0,2e-06
10387,train,a3298809f9f2067e,10983,4fb8bb,2e-06
11541,train,927f05fab40fc6db,4214,24658d,2e-06
9342,train,d7c3250f92ad6586,10138,e4aaf6,2e-06
707,train,aeb8ac26a00bd769,13151,afafe3,2e-06
1836,train,69a728094642a96d,4240,f4efa3,2e-06
10236,train,24b2e5b72804f913,2231,1d3a42,2e-06
13343,train,4b02f41bb9ab9470,1390,f91399,2e-06
6698,train,5e7569d36b8503c7,10804,8b0284,2e-06
5871,train,6c6a2afc22c877ac,222,24feb2,2e-06
5438,train,cf5ff5db991ee612,2796,3dcf1a,2e-06
6726,train,a692adc51c126cf2,10179,252ff4,2e-06
13186,train,57c646a76fc421d7,13138,e54eac,2e-06
2573,train,ac6b4622179e697e,10270,afbe26,2e-06
1638,train,9db2839a2315c856,10701,0b9e33,2e-06
10734,train,385e18f35d3fe3d3,6232,885904,2e-06
9390,train,08b0845e3725ef8c,299,d25ec8,2e-06
6156,train,2a74d96832c6dbee,7063,0292ed,2e-06
6051,train,670281515119af52,9888,522c1a,2e-06
6511,train,54cc0a192c9a8e92,10649,f9ca4a,2e-06
1220,train,ac2689afaa9dcd91,9509,b1acbf,2e-06
2401,train,d3b3365600b96f19,6161,4c4976,2e-06
393,train,7158b13e48ee1c71,2457,6822ce,2e-06
1234,train,bd673a98b380ab49,1765,de1751,2e-06
1834,train,1d69b4411e44d1ae,4172,b9af50,2e-06
13697,train,ff4d5132b5e1aa6f,1033,2e9e63,2e-06
7125,train,2a67477dfe894b38,13113,209394,2e-06
1723,train,165109645324685d,13719,87df3e,2e-06
12193,train,6a8bad6eaaf1a887,4714,edfe80,2e-06
12199,train,03808fc9b9ac483d,12556,a8eb74,2e-06
13902,train,0facee660fb06758,3755,ce16da,2e-06
8657,train,e1f8e8cd68d97539,12555,d230b6,2e-06
12411,train,aeef484821014baa,5147,8331c9,2e-06
2751,train,0409a887a65f921f,10169,c77232,2e-06
3267,train,37cc90ba82743f3f,4061,d11acd,2e-06
12629,train,5d8e13f6af52bbd8,4379,2654c6,2e-06
14811,train,f1458484369b32f0,2940,e2cb40,2e-06
10191,train,ee9e6b4e55007289,3674,fba5dd,2e-06
13700,train,51d53af96d636f05,579,c4115b,2e-06
7153,train,e8fcbea70fc27cae,10877,2685ee,2e-06
9472,train,40ad33da3ac09257,8513,3bbec3,2e-06
473,train,84a072aab0dbc814,1890,ef9377,2e-06
14827,train,066a17d38f6478e0,13379,b2b1bd,2e-06
1250,train,b30c8c3e1224eadd,10364,032f39,2e-06
8211,train,4a9ea9dc5f5eed66,2440,9a729a,2e-06
13684,train,b63794a4197098f1,8843,87bb52,2e-06
9653,train,77756a54db5ef493,395,325985,2e-06
8524,train,105e9c20ef42c146,4668,d3e982,2e-06
13586,train,7d3682519aacc947,3951,5d643d,2e-06
34,train,d13857ef3e42b86f,3746,f72a9e,2e-06
2874,train,259d8665443daa08,9531,4c1ebd,2e-06
10011,train,7ed3e46b634eef36,11678,e185db,2e-06
7744,train,46241ef66094c609,5129,174f88,2e-06
8101,train,4ba6e45008bde606,10275,8940a2,2e-06
5647,train,f2655e00fcd23135,11137,870f4f,2e-06
13106,train,350475f4f39ec789,3184,d8629c,2e-06
10392,train,dce4a41ec41df617,31,d67f47,2e-06
12954,train,ee93d7c1a5101f36,3935,059879,2e-06
1568,train,812e6e36f6f3b778,50,3306e2,2e-06
12375,train,f28d228554f549d9,8454,855cea,2e-06
12864,train,e1f495415c2f614b,9658,d9f183,2e-06
1624,train,c06fd4e067e8e4b6,2317,f1ea9b,2e-06
13644,train,5b959f913a86a9b4,4761,08b28c,2e-06
6441,train,f2cba6a7fe05348e,14305,913570,2e-06
1425,train,52b07d20ba2e300b,11847,dc74da,2e-06
12102,train,9407be176685bc49,8376,2c16c0,2e-06
2043,train,d1e975314f24c4ac,4494,bd695b,2e-06
5343,train,f8517e1a2820749c,6872,76d4a9,2e-06
662,train,bddf2063ed1fc940,7110,853a10,2e-06
673,train,98b32555a0004db0,11460,157386,2e-06
2040,train,823e9bad11f30eb7,3598,d9f73d,2e-06
7638,train,93b40ab79f9dab22,6401,b73eb0,2e-06
8890,train,e429e1e757e95100,882,eeaefb,2e-06
11845,train,ab65e7ae646f00dd,3633,8f0a1e,2e-06
11732,train,e6a0bf1237de61ea,11164,de0864,2e-06
9096,train,8cef5b6a635cad79,13215,7ff413,2e-06
7184,train,2f116a6b7358c7ee,2324,f3edcc,2e-06
8051,train,7a2ecd1c43749c84,7544,f81d02,2e-06
5581,train,917da4788e86b988,11247,042de6,2e-06
13525,train,6ac28a6cc251b589,13676,4ac733,2e-06
5986,train,383b769f428dd096,7492,574465,2e-06
6301,train,ee7f4e14aa2b9df9,11529,589827,2e-06
5153,train,67bb1c703343dd67,590,604e8a,2e-06
13022,train,82f215756d34b475,4771,bcb236,2e-06
6895,train,1e06b6a259f54187,8500,147b2f,2e-06
8719,train,8c59562ab9921cba,13731,da7151,2e-06
12363,train,2858fece4381815d,8812,ea28f0,2e-06
11990,train,2ea7acac2add2136,7006,644a0c,2e-06
2583,train,bf01c64d88358b34,10999,f64edf,2e-06
9881,train,1179bccb20f7ce8c,41,f371e7,2e-06
7344,train,b1a64a5894569bfb,2182,fd0064,2e-06
8675,train,4a781bf6d40f58d3,10824,efd68a,2e-06
13468,train,f0041c7b376d9261,13303,7a30e5,2e-06
8836,train,4f4c310e228147ad,7535,6f224d,2e-06
1770,train,d381e515104cd1f4,12162,2ff155,2e-06
366,train,f3b800d2583d540f,504,b11afe,2e-06
9612,train,4083333057b0205c,11545,a7938e,2e-06
5468,train,e348aaacc1d9a7dd,11091,66d564,2e-06
11746,train,e29face17d021017,1367,eaf6fd,2e-06
14481,train,d5237d620f015fb6,3245,f993c4,2e-06
4598,train,99ef624919a9829b,939,5b5568,2e-06
14282,train,83fab4751ed37b27,1381,9b517a,2e-06
12303,train,4ae168d5b1cac19b,11301,2a166b,2e-06
3556,train,3ea1708495da483d,5594,e1fe32,2e-06
1167,train,66ea38dd0effc15e,657,85a269,2e-06
10936,train,452c650b6c1254a3,1780,c22fd8,2e-06
1116,train,ed75b166ff1e4498,10046,62536f,2e-06
6202,train,759ce198f356c789,6118,5edce2,2e-06
3064,train,62bb110deff52e26,5065,22e0c5,2e-06
6914,train,1e52b7f59253a652,12059,428f22,2e-06
12499,train,6fce6a945fb02b39,5049,27afa9,2e-06
1555,train,c4ad16df1f9af9da,2170,4cc6be,2e-06
9494,train,155f6654b938d679,416,25c46c,2e-06
6624,train,822e1e2c35fb34ec,8351,d248ea,2e-06
9378,train,2c9004984aeb7a3e,561,1a2076,2e-06
2740,train,6f80052a6bb610ee,521,90f71a,2e-06
3550,train,4a5a4d1239691ac2,13299,5d33f6,2e-06
12388,train,9f5d30b2b872fda4,13783,b015b0,2e-06
283,train,50cd27a4b5dd9477,1751,9d0bea,2e-06
58,train,3fc3685b89f870f6,14074,e7d5aa,2e-06
4356,train,64e92e1909adba7c,3565,7b5f1c,2e-06
10830,train,ae1465a890348c30,11324,7ce3c9,2e-06
11020,train,ffb5c1e6cd73a5cd,472,a66def,2e-06
14923,train,21b163a53780cb2b,7705,3166e5,2e-06
4846,train,45f9adb41fb3e9ec,3971,94902b,2e-06
8668,train,989538d7aa4d69ca,2479,309226,2e-06
4861,train,45dd92b55e19aeff,5151,4c1c6d,2e-06
11400,train,6c58d1440aa40b90,8010,38c2dc,2e-06
7867,train,998d9245ac5578f0,5196,80b98d,2e-06
12878,train,2d0b9bf0e1356022,3696,d7a64a,2e-06
4793,train,e2edd2517e9c6b6c,6849,dcefe0,2e-06
792,train,940d769b2b833bfd,1739,f76687,2e-06
13882,train,af2eb733634c05cf,9309,840f18,2e-06
5706,train,5b5b8fe4fb9bb7f4,7739,b0c226,2e-06
14527,train,44dc8e1ad81993d2,918,cb1a7c,2e-06
11864,train,44bd8ac74e631726,4962,c9ea49,2e-06
2635,train,dc4b489b98e6f246,4638,4bc9a8,2e-06
2142,train,508c8995f2ad2212,10378,ffbd52,2e-06
8984,train,906a8432ff8cb5f2,11775,fc0f9a,2e-06
1922,train,a7c2306a3c9faa28,8274,7d9d8f,2e-06
7567,train,deba0d4f4f6a4d43,2786,e90207,2e-06
5239,train,72c0d9c3cf641f76,13319,641d72,2e-06
4410,train,ef7f8e297ec4c223,6027,79dda8,2e-06
951,train,0cc052f06a292cb1,7955,cdc6f9,2e-06
14824,train,6c28ec728d139d49,7839,4415c4,2e-06
7701,train,783b8fc69979409a,7972,03fd9d,2e-06
480,train,a01759aa5d64632f,4428,68231b,2e-06
11485,train,ee3c5484f07277f9,5139,8c33ba,2e-06
3226,train,db809c7e0b791b4e,1653,28da50,2e-06
5874,train,79579881bc75e005,5315,21b1a4,2e-06
1346,train,35c143d7beb8d752,2455,ace9ba,2e-06
3679,train,04f6b699015dbbba,11955,eaa20f,2e-06
1852,train,81225e874d9d434f,8251,93f01a,2e-06
1254,train,854c88e7a6e23af1,1864,d41143,2e-06
10540,train,9a1b2347bece399a,3409,6e4a56,2e-06
8241,train,2887bec065bb50ab,8001,7994bf,2e-06
5541,train,033e0ca6c85739e9,7910,6f3e7d,2e-06
13585,train,c1771a6c777224e7,12382,a6d3e0,2e-06
103,train,23a320b947e05ea8,6656,bde06b,2e-06
12729,train,1ff316db9bbdddee,8217,f49ded,2e-06
13147,train,c235ad169a5993b7,7230,60c980,2e-06
4553,train,fc3234958ad4adc1,12397,5632a2,2e-06
3710,train,87f38ac192b59bb4,6576,0d0abe,2e-06
926,train,37b4a2704d653504,6275,be2f3b,2e-06
5499,train,2d2ddbee4cfe6e6a,8347,ca0867,2e-06
4473,train,75d7481e3b3f3dbd,10396,0809b4,2e-06
12136,train,8b89b8f9b6baa65d,7343,550b8a,2e-06
13951,train,ad80a96bab82d64d,1772,3bbc55,2e-06
11941,train,69d4c554f09d4026,7968,825110,2e-06
7325,train,4abe30124fa03772,7924,4dacc5,2e-06
12001,train,82f5874e0ea7fc8b,1756,1e614b,2e-06
8401,train,22b69b8ac114b814,9412,fd59d3,2e-06
12340,train,57258b7eb682705e,5928,0810f0,2e-06
12625,train,27a3118aa8abb34c,659,b7a0c7,2e-06
1187,train,141ac290a7700ef3,9463,b37202,2e-06
2458,train,644583ec2be5a718,1349,7098d4,2e-06
5248,train,5dbda087546e8e5d,13361,e970c5,2e-06
11789,train,d032489919b23da8,3990,ffe673,2e-06
5897,train,a965b06301c54425,5597,c154d3,2e-06
4365,train,4adb4c43ae1365c4,8306,36f6a2,2e-06
7401,train,14a9f1a5af74ea4a,11988,2f132c,2e-06
3152,train,411d0044827a4ee7,11603,786508,2e-06
12933,train,3854f69ebc7542bd,6735,1a8fbc,2e-06
214,train,f950b13fe9255b27,5018,969445,2e-06
14614,train,b508f1776fc79264,6813,1f6e05,2e-06
13823,train,3c6e4de9eb687a20,980,f1ae79,2e-06
8296,train,493371b50cf6544a,9536,04160a,2e-06
47,train,e53322c29ee7db04,11430,dc0316,2e-06
7787,train,5786a625fc4282af,4977,851ae4,2e-06
2942,train,29e9cd6e5d9d3ea4,1512,3234b8,2e-06
2102,train,5be2dce8eccf4e9a,13028,cfa1d6,2e-06
10305,train,8389917ce7dffb5d,165,f12c78,2e-06
11113,train,6303610fd086e4cd,10367,7adad2,2e-06
1662,train,acf47fc7a16baac3,8361,7a8f03,2e-06
10247,train,0bf52042aa5a4516,1633,043079,2e-06
3530,train,e0188d6e01496cdb,1376,a7d6bc,2e-06
1896,train,a7ad0d0da4b25bf5,3916,d44d35,2e-06
12302,train,1dda5eae451c728a,7649,f5d794,2e-06
4323,train,86de60485a92d516,8778,724091,2e-06
1540,train,4b26bc73d1c56d14,8159,2d919d,2e-06
14533,train,02b38e677bb7c70a,12195,169576,2e-06
12372,train,5cccf4e8c2a27212,2764,460a15,2e-06
11955,train,22f3ef3709643c32,7304,1decb4,2e-06
2782,train,005e4b5fabf529df,3266,892da3,2e-06
12764,train,27962abd79beaa7d,2016,05df12,2e-06
6287,train,92d2a5a6ba5e98b2,5289,8555c1,2e-06
8637,train,1383e2833514ff45,8344,a8e96e,2e-06
326,train,49bfbb0bb254fbc8,6413,8566ea,2e-06
4037,train,8d52448f9cdf91ec,2270,9a4b2f,2e-06
10781,train,3060192ab03be6da,8335,069060,2e-06
3286,train,44aa80dc355a5bc6,6505,191386,2e-06
1404,train,af12d864a7f0acc6,10963,4c391e,2e-06
6916,train,4079055146c449f1,462,ec20da,2e-06
10123,train,656f5fcc9a872160,1987,cd6aba,2e-06
11112,train,bd7d0b8c54983c59,7458,d5fd9d,2e-06
6604,train,3a81e9a3cb7ddcc2,3311,5bf951,2e-06
13066,train,16bad3b8aadcae9d,13969,c49654,2e-06
9453,train,39074f310913b162,636,7c1e73,2e-06
7105,train,06b93c89c9a30901,12221,6849c1,2e-06
12154,train,32e3efaa200585c5,837,339bef,2e-06
14088,train,22d3b29493e69900,6114,4e39d4,2e-06
1421,train,bbae0dbd4d7a6778,3241,9de1dd,2e-06
5954,train,088d9ff7d4ec7886,13642,93d6a6,2e-06
3553,train,35d65491be20645d,2747,9c1010,2e-06
7612,train,36f1ecd394be93c7,167,fe4924,2e-06
13715,train,6eefd17c35e0ab48,429,d0ccd9,2e-06
9829,train,ef2ca93111079f97,8861,b3a8d1,2e-06
5051,train,ebc51aa23edf3e4d,4727,11d251,2e-06
3456,train,ef732bb4b05fddbc,14225,4e8f95,2e-06
4207,train,ac918098be0e02ff,6502,c88f2b,2e-06
299,train,de49470cc24d529b,13838,cecc0c,2e-06
10632,train,5d4b8c3fc419cad5,3689,f0b876,2e-06
4854,train,15c7baf345fda061,12025,098c7f,2e-06
9557,train,2fc4a5c7b8ba3fb4,2218,c4661e,2e-06
14822,train,66e93bcc2196a0aa,13764,f82297,2e-06
5815,train,2f8bfc0b7840fbd4,12289,2deaf8,2e-06
13860,train,e804ed80bd62df20,37,39ccf7,2e-06
9410,train,e6a2262b64d436af,1556,e6e73a,2e-06
13974,train,9bd883a00bee50a1,11145,76237e,2e-06
14156,train,33ea5ca7300bcb91,14422,f91c4a,2e-06
8688,train,4ab739931c42b259,814,22c91a,2e-06
10498,train,ce21696c8888259b,8282,d24ea2,2e-06
11106,train,6457ffad8728edfa,13505,5e033a,2e-06
654,train,550c8b7e148a72cc,1818,ebcd43,2e-06
5966,train,8e9e84e31a66ba43,2562,590dfc,2e-06
14120,train,397f43d2b817fc7a,567,d2651d,2e-06
1731,train,cfd47019e7847a61,11916,c7f588,2e-06
905,train,efd8d6405e153c8d,9139,a1584c,2e-06
10267,train,dda0490a062098a8,6728,6a0b57,2e-06
7697,train,0b2b5e1364c99957,10678,9aa750,2e-06
7454,train,ccf65a20e0248fe1,6891,68601b,2e-06
7311,train,08cff4e1d5f68504,4173,636ee6,2e-06
13067,train,c394019f85118e03,1487,957e5f,2e-06
3474,train,36441e63189ded38,354,5f2a41,2e-06
3860,train,2f7c20e3ce3c6611,2555,871c90,2e-06
7788,train,6717a5a25ef924c4,2002,c943cb,2e-06
9004,train,2a8670c0b6226f17,6442,4da65e,2e-06
9399,train,ce71225679aa4637,3747,0a4de6,2e-06
421,train,a830a7af7982c374,7559,2364db,2e-06
11156,train,146fe936b5d62083,12168,029799,2e-06
13112,train,cc917aba7c657ba4,2377,9351d6,2e-06
4214,train,4de6f95b8c368b75,10167,090224,2e-06
2969,train,62b942153ca51034,2368,9b878c,2e-06
1416,train,2a0b5c11b1c3ed0e,13620,943a5a,2e-06
9307,train,4a31aa7acec69e6b,4895,8ca173,2e-06
12110,train,5e547fd916cb35d4,8470,50fbf6,2e-06
7858,train,2bc6a2f20e5dac40,11765,c0acbc,2e-06
2323,train,4655ed1f6c250a3e,11181,403198,2e-06
13131,train,4c6bc9684dd7da3d,10588,14c6d3,2e-06
11213,train,f7850845fdc9411f,11762,91f981,2e-06
11379,train,f46b50010bf1bfe1,8252,412d4f,2e-06
7899,train,3d962efe5dec72eb,2201,42c8fc,2e-06
7681,train,174d7c082967c7b5,4769,d109e4,2e-06
7584,train,f4251bb8befc9a53,1288,b38398,2e-06
10663,train,489204546185160a,3169,b2553c,2e-06
724,train,04ddb748b134ba3c,1815,6ee90c,2e-06
8738,train,35fe7143b6d5fbf4,12952,bf8691,2e-06
11042,train,0af22465a932096b,11542,eef5a0,2e-06
13270,train,c447361101ff1884,12590,741897,2e-06
8977,train,f0a854c14568c67f,1657,efacf5,2e-06
5481,train,92fbdd78467a3ce9,4042,5f28d7,2e-06
9602,train,e1e2a5d121c66ce1,14468,2fb794,2e-06
11916,train,e08d9fa407989043,2693,7c4b2e,2e-06
13309,train,60006bf056bd98ae,104,e32f26,2e-06
6893,train,f63643359c8e99b2,1216,c7b1df,2e-06
6571,train,46c2f6d968d77900,7013,6e73a5,2e-06
9586,train,31409c0422f43e17,1553,c1ab0c,2e-06
12823,train,f8be8d282a75330f,13806,a324b1,2e-06
1677,train,49c370d26c573d81,7395,66ff82,2e-06
3230,train,c19adcddcf9420a4,5125,e0888f,2e-06
8581,train,9c7fa57be221088b,3262,93a30f,2e-06
13903,train,49f52635c4762265,7622,bc5dc0,2e-06
13865,train,e14fcbe4a7b7a634,5146,6d5c23,2e-06
11929,train,9e1a22f7c931afdb,14273,e8cdb6,2e-06
6934,train,1db2c2a10eeaff0d,6228,41c48b,2e-06
6371,train,fea5d85c0080bd6c,8186,564d19,2e-06
10747,train,ddfb30e066aaca34,8424,90be0d,2e-06
8302,train,b49a954d100678bb,3393,4994c1,2e-06
14742,train,9cb16db9c4fd898a,13475,ed6aa3,2e-06
11312,train,87e211b79bcaf993,12254,8e7c2f,2e-06
13604,train,d77eb6eacd5cf37d,692,3c4385,2e-06
9058,train,6c596068a30323db,9098,87ac10,2e-06
13182,train,1d43d76316bbef47,885,761109,2e-06
3772,train,0b1a0786b683fe30,900,492ace,2e-06
13924,train,ec28dc36dbae1f09,2394,33d7f6,2e-06
13813,train,5fc1db134999108c,463,4bd146,2e-06
8117,train,72de5400ef8839fd,11860,0ccf33,2e-06
6876,train,3f56190b8970d153,7105,b9a601,2e-06
7675,train,2b2c6983d03da847,2871,1ca718,2e-06
12391,train,22463bc4fc13ac2f,3338,accabd,2e-06
2239,train,067fdfdf230398c4,2867,452c72,2e-06
5373,train,8a1ce11de790475c,846,a973ea,2e-06
7345,train,68fe579df88f7809,2735,923b5b,2e-06
13384,train,fe0a446280768d41,13568,9fdc06,2e-06
4238,train,0f210874f836af1e,7667,216259,2e-06
4304,train,fb0a36b5ed3e7941,3761,ef4f26,2e-06
13017,train,7f604425597e5770,10308,f2f1ab,2e-06
13369,train,87f1757a16e3c5b6,12212,a96e33,2e-06
11892,train,e44a152decd1b8f6,5676,218ba4,2e-06
593,train,ac1eb8c15d453940,13297,74b95e,2e-06
4302,train,bca1dc7fe65e6947,12290,c76feb,2e-06
145,train,5b4c958fd7be8136,2655,f4d9bf,2e-06
3257,train,9e98588bf10b5738,12534,10c0fa,2e-06
11633,train,ac01ac5e68ae6a39,7087,ee0208,2e-06
10777,train,6a4e3d717561edc4,8205,41b499,2e-06
3974,train,301b3304ec1eb13b,355,f95692,2e-06
80,train,55fb78695fc4e4da,8421,236f90,2e-06
13094,train,ca928487959a7a8d,2373,793167,2e-06
10812,train,dce8380d169a32ba,1776,707e73,2e-06
11053,train,d8bad228ccff5865,6469,f27611,2e-06
3374,train,b4c43457e7e6482d,10969,382a7d,2e-06
6652,train,decac6117947e1a5,129,a40f01,2e-06
4841,train,2619e104b9aabd28,7947,826a4c,2e-06
5292,train,a633ada3c876516a,7474,b96f81,2e-06
6218,train,30ecab2f76b4c346,1638,88e2b0,2e-06
10210,train,35eeee920fcd719d,5525,fc7f88,2e-06
7453,train,202314727904765c,13902,9c7989,2e-06
839,train,75dc94f0737b9345,4511,800100,2e-06
3159,train,695972e99638d8d8,5355,b41acd,2e-06
7157,train,87ee79cc538e93f9,8379,440c27,2e-06
4335,train,71a17d3d24af9bf1,3609,feddb2,2e-06
14695,train,09432c2b0e52eca2,4688,bdb7df,2e-06
12371,train,845b6536d7990570,11138,ed6518,2e-06
12000,train,5b3cd7f8fc9363c1,3642,ea21a1,2e-06
2941,train,3986c914a4f3ac7b,4892,9cd41f,2e-06
13297,train,24e60ac508ec7455,4323,ba407d,2e-06
2106,train,a856bff731ec7191,12213,462300,2e-06
1774,train,bfbf4702f0b9cd76,9164,7b3ada,2e-06
14475,train,7f9578ded392bd5c,2118,436d30,2e-06
9249,train,38ccfe88781e56f1,7758,f22841,2e-06
9814,train,4ea6bfd9c25df63f,7369,cb2c60,2e-06
670,train,4e0a649848af2eec,147,4bb7bc,2e-06
5668,train,8016a0c387d4af64,11922,14f33c,2e-06
10982,train,7fba83aaf9dc19a4,12686,aac649,2e-06
13188,train,9693b30823e332e4,10616,274784,2e-06
11980,train,abb0b5e2b844b32d,2063,bf893d,2e-06
2386,train,d52f4cef3650e7fd,12233,c2d585,2e-06
7040,train,ddac3e7fb4d15d8d,1797,c966fe,2e-06
3300,train,14d20d0d166b3936,615,41e2f8,2e-06
11566,train,eb349fbbb797512f,13213,0cd303,2e-06
1146,train,aac62b4c45c325d8,8308,563540,2e-06
2163,train,8a5fb3db274472ab,8352,fba643,2e-06
6780,train,59c2f3521533518c,7007,98a2d7,2e-06
11220,train,5d71353b7e674a86,1244,fa1c5b,2e-06
6043,train,430fe887bc0240f8,9590,182d33,2e-06
3546,train,0e51e0a1b2d3b770,8387,4c82d0,2e-06
12756,train,0915498bfc17c9c7,7426,aee933,2e-06
8546,train,f87085b3da5c8ca0,13088,912011,2e-06
6009,train,7ea9a64f72215be9,12933,065e07,2e-06
3455,train,46fc2c3fd0f80552,12367,7ea5fb,2e-06
2414,train,53fe24c627845924,3304,aba779,2e-06
13247,train,4ac54af25e2cf0a7,7631,ea127c,2e-06
9534,train,960894e027eb6433,8055,ae607c,2e-06
8735,train,d5ea92f416ba82d9,11447,32d548,2e-06
8599,train,ee1bea12a2acb0db,14067,3cf9e1,2e-06
13074,train,4c81d7b90a7c29e3,164,897798,2e-06
3525,train,13cf16a2d941c9c2,811,e6f3f4,2e-06
2183,train,1f6337a99bf7c896,7541,3cd191,2e-06
4855,train,c28119dd811d1fbc,6722,a159e6,2e-06
3878,train,e2a317b232f59393,8915,d13b96,2e-06
12148,train,8846c64e06835ee5,4455,74a105,2e-06
8164,train,9df00ce59f80b05a,9142,ac9a94,2e-06
6395,train,24d80a140a071519,7710,fffa43,2e-06
5688,train,0b26e53603b8565c,1109,2fdb79,2e-06
8704,train,616cd572a09789cd,8475,071e16,2e-06
11189,train,52ba8622cf169c36,8405,f62352,2e-06
14434,train,60135b639f7f6b64,7689,5e4f23,2e-06
12282,train,9580d7a9ea99acaa,2702,936e2b,2e-06
13541,train,fbb7b0528184b3ac,10098,286bf3,2e-06
2206,train,afd6266fae8c61f0,8886,8ea004,2e-06
6392,train,65c66441dffd8d4c,1423,622c64,2e-06
1619,train,af37c08517875f32,1978,8c7ad7,2e-06
6503,train,fc8262c3327cf5cc,1041,b503a1,2e-06
2653,train,045af93184c98cc8,8170,47caaa,2e-06
8573,train,9ab0eb9a7166c10c,10038,f71edb,2e-06
7100,train,dea6df0c077c16d8,3194,11f7d1,2e-06
2074,train,2acaa8beaf0edfb4,2245,6ae671,2e-06
9767,train,ba0cef2d1b183197,407,21151c,2e-06
5431,train,f0ae7a9a463d2b04,350,e8b674,2e-06
13609,train,8897a563a88faf6c,7346,b0e42a,2e-06
14529,train,be0abcf94222b637,11197,29d0a0,2e-06
8828,train,02f2feb9ad47ea80,379,84a241,2e-06
10673,train,e5b40d02330fb14b,10198,07916e,2e-06
11850,train,74e4c82821da6eae,14215,3ad44b,2e-06
12695,train,cbb49f1a49d01579,4378,caead4,2e-06
4102,train,cafb2e81884f3165,5862,41fbbc,2e-06
6925,train,b56a015108051d31,4098,414bcf,2e-06
8317,train,fed95919ee303ae9,5115,6871db,2e-06
14474,train,8203e2356b38edea,8365,805807,2e-06
415,train,98c0872fe169b699,13680,0315b5,2e-06
5326,train,f94e9f5f62c79991,6792,db2ac3,2e-06
11457,train,602b3a28d737fbe9,6550,4fc560,2e-06
12187,train,6ee71c5cab757de6,2200,639432,2e-06
4329,train,46e0c1737073040b,13314,d6de41,2e-06
5137,train,a88ee3fe4862543a,4300,645037,2e-06
11511,train,332e9d0891aecbca,9627,a081f4,2e-06
13618,train,65486d6498421e89,11497,11e812,2e-06
11852,train,4c1091be187c49ec,13975,a376bb,2e-06
10315,train,dcc3a466271107be,7350,30a3e1,2e-06
10605,train,f1170458bb1b40de,11058,4c3607,2e-06
14424,train,f759447dc2e98c18,13641,6bf38d,2e-06
13690,train,27035bced209ba81,12588,776d55,2e-06
2656,train,67685080b6bc806b,9323,baa976,2e-06
6712,train,e83616a45567d402,8966,ddfa90,2e-06
14033,train,66db05049af4b1ed,8787,086906,2e-06
7827,train,f9a08ed1afc42319,1473,5c532a,2e-06
9702,train,22fcc38e7b4c3195,12528,f7e03a,2e-06
2699,train,3765db6bd7fda64d,8504,30bd3d,2e-06
8586,train,c07d7ad5fc519a16,4896,0c1435,2e-06
10995,train,886c3190a34cbc80,10516,9e5438,2e-06
426,train,041014267450ffb3,12657,cbae61,2e-06
8655,train,75e4bf5c8f769179,5508,2a7b53,2e-06
7959,train,576987815f90de8e,9263,419887,2e-06
5493,train,1b14cf6554341637,4041,46fa19,2e-06
13388,train,d1cc28c5ab1787f3,10967,b4c86c,2e-06
11670,train,e5a11aa91a3cb9ef,5137,a1f18d,2e-06
1860,train,0c6d57b50bdeab7d,5367,9f857b,2e-06
1057,train,2bc2e38ee31911b4,13668,4c9ddc,2e-06
7924,train,052901d1c39ce43d,11619,b773c9,2e-06
2920,train,80843b5a8db00ef3,8281,bf6e0c,2e-06
14049,train,fca8f34e271b13fd,5451,c6199c,2e-06
11928,train,135441e5794e2cb2,7755,e3ad97,2e-06
7439,train,9185c1aaf7879de4,1308,23b726,2e-06
5285,train,bcbf3fe9093b1936,11162,589c0f,2e-06
4291,train,f94a98e1340c1b7b,12259,40228d,2e-06
6275,train,e1fe7da98ab1fc2f,780,4627de,2e-06
5166,train,cced93a3c376e33b,12049,91ca26,2e-06
8467,train,a89c85a49fcf5549,9316,22a156,2e-06
8927,train,80edfb295a0a5384,9204,44684e,2e-06
6465,train,bf732c9934ab9a98,9777,b4d4d5,2e-06
11037,train,5208c9fd0d3a8a60,6410,c2d80a,2e-06
2302,train,5fbffb20ec3c9922,6750,8a4914,2e-06
10568,train,014811555c9ace6f,14392,4ceb49,2e-06
7664,train,720c7526da6c596d,9358,c399ce,2e-06
1560,train,1543ff361da05dd6,4898,6601cb,2e-06
64,train,10dcf8eb0a7966c7,14389,880ecf,2e-06
13744,train,092c7361b39d3ade,12834,21e6da,2e-06
14025,train,7a680ea44133faac,1574,0bbe81,2e-06
8499,train,96c1f7c09ac28c63,506,75eebd,2e-06
11194,train,d573e22714db6d5c,9231,a90db8,2e-06
7648,train,382228afe6e8ac9e,8566,ac4038,2e-06
10990,train,ae2a6dbcfc3b4f9f,12833,c3fb90,2e-06
7037,train,549d4dcbce1dc79b,4436,880290,2e-06
3024,train,01aa59ae2c9f514d,2313,97b60f,2e-06
9998,train,dfaba8899d94ff31,9099,1a488a,2e-06
3100,train,de90159699c3ac96,8746,91e5cb,2e-06
8522,train,3d7d513b51996f68,13402,1c8fe4,2e-06
1246,train,a80803c716568130,14037,5bda9c,2e-06
8919,train,a62ef789fcf7a58a,6549,54d8ef,2e-06
5184,train,7fb92bcd83f4eef7,2500,e620bc,2e-06
6351,train,7f60dd606351b67d,4629,981337,2e-06
1243,train,5558736b24b835c0,12611,e8824b,2e-06
11255,train,c8046db8510ab7c8,7730,d8f4a5,2e-06
4821,train,9d7d0817b406191b,10559,b8dd49,2e-06
7645,train,ec42bb7d9f1bb05b,6011,225412,2e-06
5890,train,8dab071aa4d0cd73,2346,dc6cb8,2e-06
3765,train,308025930daa69da,1914,a036d0,2e-06
2136,train,3357f3c40354adaf,11863,63592a,2e-06
5820,train,7a459b2e69c8e669,9223,1a4eb8,2e-06
2021,train,3dcf02ffd2f9a6a6,11448,dd4e01,2e-06
11961,train,752d09a62c3def5d,11914,3706fc,2e-06
3070,train,50842ed86cbee618,8685,eb1490,2e-06
3933,train,439f814387c4bbdf,6610,a58519,2e-06
482,train,3a300a4d61f66737,11734,d6fbc4,2e-06
12488,train,e1eda54a690fa8c2,9333,c131e3,2e-06
11663,train,3b3d3941b097d67d,13383,717ed2,2e-06
4963,train,d0373b67827916ba,4126,8d48f2,2e-06
12924,train,7e37af71c0081bd3,12226,af989a,2e-06
14781,train,0b2cd024899cc291,3605,bdc77d,2e-06
2837,train,0453fe2dd0d218d7,2433,86bb7f,2e-06
49,train,b271fae0ab5f50b5,13403,e59e6d,2e-06
11108,train,361f034a1e24a4a5,8824,14ec4a,2e-06
3959,train,f662333627ae8cf1,13659,ecea19,2e-06
5602,train,d43fad7a2f20e9be,2606,a45e37,2e-06
4914,train,f3b0a6eb270b9725,55,519c02,2e-06
2346,train,1e27c136b2d5ca71,7938,3c34c0,2e-06
13209,train,008d82395d5c16cf,13876,0fbba8,2e-06
13097,train,fd60a7f0bf9f887f,6958,43c662,2e-06
10227,train,40c3b1eeadd1b5f4,3112,9f46e9,2e-06
4785,train,9127117a1b83babc,5817,8ba18a,2e-06
272,train,494cee05051f06f7,9844,935508,2e-06
5539,train,027c9ad8bf3e6d18,8506,7f9532,2e-06
6197,train,240b43a1f02bb8b4,10234,2eb1f4,2e-06
13978,train,cf3c9b46f110f12c,5832,941e0a,2e-06
1952,train,839f4ecf451cd3ab,8527,763057,2e-06
13071,train,08c1f3a8ec9f11eb,6588,c19180,2e-06
8896,train,c51107a3fac05d58,7526,fd26d8,2e-06
10443,train,0fd73f5138728d8d,4490,f61ce9,2e-06
10407,train,20d6ec9c9a2a7f30,10870,0604cf,2e-06
12467,train,2e6b7035291654db,3359,eb4435,2e-06
12873,train,fcc79272974268d6,4153,2a5c3a,2e-06
9924,train,bb406980599a731f,12198,a3d5e4,2e-06
9257,train,f8caf38f618f6d08,59,454567,2e-06
4809,train,c0ddd7c69c206dd5,6351,ee0ffd,2e-06
13385,train,5b7519f5e298372c,497,f6048e,2e-06
3678,train,a2b2c61e3ff4d0f6,1807,03d283,2e-06
1994,train,d64a041d5071affa,11871,d0afe2,2e-06
7817,train,3936679d4a465816,5080,ae930f,2e-06
8651,train,316009554ddd904e,5604,a3a67a,2e-06
9114,train,fe852e977563fa9e,11287,7a9d76,2e-06
10526,train,6edeee5ab57c106d,7821,10485c,2e-06
1073,train,7edbbfea4a1f7555,39,e22859,2e-06
4159,train,68a7fc9e308e35ba,11697,25d317,2e-06
13407,train,f6eaf4e29a2a068b,10536,62b22f,2e-06
3716,train,d9f2ac73720424f1,7690,449f41,2e-06
4334,train,fddfd1f4d73bbf00,12187,f413cc,2e-06
4867,train,2ad6e68737a17933,3088,4832b8,2e-06
11838,train,992644fbfa70dddd,7776,13866c,2e-06
1577,train,32e21128728839af,7024,7d8a07,2e-06
7855,train,4afc03d69ba61a1f,14185,ffca9b,2e-06
10660,train,df5d11d8af7afcd5,8895,eae6ed,2e-06
7465,train,f54b8c985cc14c4c,14471,da5391,2e-06
6335,train,734faf12e11d9865,637,d2d817,2e-06
4319,train,8dc379e7b7f909f2,232,9b034c,2e-06
3406,train,737df4419e4b6840,6624,618bb7,2e-06
819,train,6d2a3278ad6278aa,13814,7ae9fc,2e-06
14566,train,ded2d9b128d59fd3,3678,2c7040,2e-06
4263,train,e2d47357e9047e2a,1826,afd361,2e-06
4076,train,299e2b089faa833c,10219,c396d7,2e-06
2591,train,39c6fd244cab416d,5010,cd7d4d,2e-06
14582,train,204e0e4bb6e7c20c,3158,3f8003,2e-06
888,train,00fc624fb8b3592b,708,c770de,2e-06
570,train,32198ed3adaa039e,6883,5d87ee,2e-06
5841,train,7b2d5bb131269440,11814,ebf523,2e-06
5282,train,3e62260d649de878,5246,e13a38,2e-06
11671,train,97b761126867c84d,12761,3ae840,2e-06
11825,train,9b3762d4e8063aef,7370,358817,2e-06
9163,train,7989b1a15281f316,8882,965216,2e-06
7291,train,1a8b968999e65a74,14135,4ceb33,2e-06
8541,train,8262c4a0f966638d,11272,165731,2e-06
12377,train,7000260d6254048e,11516,5aa633,2e-06
2143,train,ab08fa3d270fe3c9,10874,e38ccc,2e-06
7790,train,57f7080223683449,455,437bdd,2e-06
8041,train,622c928127ab110e,5281,84f719,2e-06
373,train,0d52477808a7eb49,9691,eb6603,2e-06
11913,train,19917c4d42c11157,10899,a5b6be,2e-06
8405,train,058959d9d7c538fb,3490,7cf6d2,2e-06
8912,train,bee69fdbb2a7e8b8,11493,501d51,2e-06
4724,train,796cc60288f8f0f1,5943,82c38d,2e-06
5476,train,b43d2132bdda476a,8969,f0f7df,2e-06
14855,train,ec70bff16f303c16,13324,76f5f7,2e-06
7360,train,bbcb59cedc4b9ef8,4742,dae47f,2e-06
14012,train,24dc9f1794efe10e,728,b71c18,2e-06
3627,train,d43f9d63c01dfb11,13202,efbe0c,2e-06
12336,train,ae578830fd2e65c1,7440,aea7c6,2e-06
2434,train,1d28fa500ef0d211,11692,65b38f,2e-06
9467,train,6df11c8ebc2e62f1,3385,c835b9,2e-06
13481,train,7e036f521859d99a,4387,fbc1b1,2e-06
9183,train,07b5dec554489358,10197,f4b0ec,2e-06
3989,train,aa847196877fb047,5860,42dbd0,2e-06
10619,train,e640f04d359460bd,2919,65f684,2e-06
10246,train,a6723c5f89c8cd35,14071,da1afc,2e-06
10432,train,f99eaec6468fe438,5536,d5b4b6,2e-06
5289,train,8fde319aa9ec0531,7176,7fc6d1,2e-06
14457,train,b193db6d9d4b0341,7887,332a4c,2e-06
4588,train,8cd7789815f3bed0,9557,f9f035,2e-06
14569,train,2382e2b2c47d1cd4,1762,937122,2e-06
12072,train,7f6662209548d558,14407,12350b,2e-06
9711,train,8f69eb0a335171a1,11376,62d920,2e-06
5735,train,a59fb30a06803d02,805,450402,2e-06
1959,train,35958da5fe63a48e,5490,793c22,2e-06
3298,train,817851b99e50f942,3286,2392a6,2e-06
13840,train,6bad3e9bebab97ca,2082,2022bb,2e-06
2811,train,670f1b08ca33d561,4791,c7221e,2e-06
3690,train,b950634c59bc5b2f,2384,733e18,2e-06
10356,train,6e026f1b5cf375c7,14089,da8a01,2e-06
11454,train,461f069444b36a45,13313,5c71c1,2e-06
13875,train,58eb71b9299508aa,8332,82a7e1,2e-06
1459,train,bc247648fd18fdaf,10400,f4655c,2e-06
3636,train,b68d9cabd38a9e18,9103,f5e7ba,2e-06
10148,train,33e0bece4d3a0dc2,12696,844ca8,2e-06
6036,train,204a7844ed123041,13053,fdaecb,2e-06
14489,train,61a9c0e67422cb8b,2145,a46c98,2e-06
8891,train,4711a008c75c3777,7986,fa9628,2e-06
4234,train,d96e0bd58c73a6da,1732,1a8170,2e-06
12017,train,f77d3400aaf59f26,10941,368426,2e-06
1815,train,4e8559a38a26d747,1913,a844f8,2e-06
9960,train,ead7bcd59ec818be,2712,d63d5d,2e-06
9783,train,29c8914babf9c9ae,6569,d7f48a,2e-06
1885,train,9f34b919bbacb4f9,7236,127a2b,2e-06
5460,train,d1860b161684fd66,11954,a24c65,2e-06
906,train,f7cc52b076e8e874,1536,401bb4,2e-06
289,train,0bef989bee0b682a,8397,ecac17,2e-06
5255,train,7151403c865d8c60,2666,8773cd,2e-06
1381,train,d05de6d589a89a2b,6506,a8070b,2e-06
7331,train,9fd714a615da4347,12734,192f3d,2e-06
3147,train,1a170f3e8aa3a454,10024,ce972d,2e-06
3106,train,d7c4b98e8b1577e2,5885,eb66db,2e-06
11345,train,3c86e5629f1df74d,4573,63599f,2e-06
14421,train,8e35880642b205af,5831,8d019f,2e-06
9514,train,68353326abfd3097,2061,8b3884,2e-06
2148,train,9dcdcd424c0402ce,1009,5588a8,2e-06
1117,train,13860235c1772b25,4856,38606f,2e-06
12051,train,02df3dd28a4b13bc,2549,68a5be,2e-06
14597,train,ecd450b7d4de91f8,7976,5cd4d3,2e-06
13399,train,fd7fa0e920059344,14567,b24be5,2e-06
11093,train,07040e98e4c2abf8,7229,ec7159,2e-06
11105,train,4b565bad0a1e08da,618,fd64d0,2e-06
557,train,f99ac1bfa4af15b9,9662,e468b4,2e-06
12543,train,02b8676bd50e3268,486,f06a46,2e-06
4013,train,356dc40e1d8445cb,5825,8689c2,2e-06
5721,train,386d1814856ad6ae,4206,6ff628,2e-06
8825,train,172ec9530bf356ed,9908,86bc28,2e-06
10620,train,3e0087d4a1c9ea65,3303,eb08a0,2e-06
1856,train,83117779019f3269,5767,497e3c,2e-06
12767,train,9515ce20e83a2f86,940,406736,2e-06
3537,train,c72f390d949b5560,1333,28bd00,2e-06
14264,train,18ca7b9cdf24c581,8348,49eb7a,2e-06
10501,train,ecf878b2230c4c06,11104,c40900,2e-06
9764,train,fe191d03bac2aafb,2769,6a6749,2e-06
7420,train,4c4a64ff68f41f8e,5093,df2c19,2e-06
14651,train,c1090b0c9c817c45,2253,86215a,2e-06
2251,train,140c87ed45e18f1f,7896,722dd6,2e-06
1208,train,a35cf9defca0ccae,1763,01631c,2e-06
1591,train,6808d285db0c083b,887,95b50f,2e-06
1343,train,4c3cd89cb885fb31,12157,a2f918,2e-06
4910,train,68bce8ae0a23f074,11148,e7c753,2e-06
13093,train,79620a9e44000330,6795,a18424,2e-06
6788,train,6da27c0277b0b2c3,10002,bf58a0,2e-06
2199,train,50487ec9d6f4fc84,10383,d5f48a,2e-06
5683,train,ea6af85dc0f50501,175,94069e,2e-06
2643,train,f0899370bae5a482,7997,0dfe2a,2e-06
7617,train,c0f44fe35fdfa073,7926,b17b29,2e-06
11931,train,083c68eda03f8581,1982,97c8ae,2e-06
10654,train,21cc846070f6a087,3212,f9b076,2e-06
7587,train,a20a6d0bcc3c1849,2308,11db43,2e-06
11742,train,26ef6b8146fd6e6a,7656,013335,2e-06
459,train,9f48e692092e76a1,1173,4c9c73,2e-06
8941,train,7a98a09dae20c24f,8209,7616eb,2e-06
12133,train,db0c67e57640622c,5772,360136,2e-06
2222,train,6349cc5b51a562f8,5838,3ee1bf,2e-06
14246,train,a81a5990e697b52d,661,8e5495,2e-06
7432,train,ef4a8b17e4d7f51d,2342,75fba6,2e-06
8972,train,3807ffaf095e0c0f,1865,430ebb,2e-06
13148,train,b7ce1efdd47be6d7,11928,c421c0,2e-06
7870,train,1decffb37b61937a,1635,ade076,2e-06
12049,train,89e0afa1dad77f9a,8439,140e24,2e-06
3704,train,86fc9932f4750f86,12488,32e55f,2e-06
13795,train,7fc4eda191b3e109,10913,1c1e6e,2e-06
8699,train,00eef7957053633f,5569,c852e9,2e-06
1371,train,e4751239122df710,239,7763a5,2e-06
8096,train,853c1297c84d9dbd,5314,e1c060,2e-06
4804,train,48fea8c39552890f,5727,3f522e,2e-06
3990,train,ea08d793d61e26ff,10131,c9f031,2e-06
4881,train,ea5ddcabba52609f,14219,66391b,2e-06
3478,train,7672d1e78806bf37,196,319596,2e-06
1058,train,fbe63664f5a4656c,3870,5ffd18,2e-06
9030,train,97c281f6e8a09a56,1302,7faa3c,2e-06
12308,train,d55e92375012cf90,11523,49e68f,2e-06
4069,train,0c71cdc17ff17e4e,6838,5c1e10,2e-06
5382,train,945d49e78d6e0c5d,965,cc84ce,2e-06
8292,train,47e9452ba3dc17e3,10611,bf2ebc,2e-06
3319,train,1cb5d4363fdac863,11034,363d88,2e-06
7025,train,a75eff14041e769a,6121,394f93,2e-06
12494,train,ce437d42eff18223,12102,183363,2e-06
165,train,b837ada7444db40a,8805,e3d83e,2e-06
2212,train,f5fe2413e3356a73,6946,c41530,2e-06
4267,train,0c168ec43262b52c,7732,a9222f,2e-06
8307,train,40657cf4c3f8601d,13417,4ad1a1,2e-06
2379,train,386b24b3e3323647,6897,4c910f,2e-06
1491,train,a3505465fdfab872,5716,034bd9,2e-06
6381,train,05132442aaa92ccf,3055,68c2eb,2e-06
8784,train,ca975377fe007758,3201,aeadd4,2e-06
3450,train,aee9abe25e38644c,13146,c5f761,2e-06
14712,train,f1603b31b97b68ca,3099,46934f,2e-06
3795,train,25eb9db29a8ddf63,1148,f0cda5,2e-06
4217,train,99aeb0940cf803d7,10276,ba8daf,2e-06
11257,train,a61bc1596e4f223d,13210,c4d363,2e-06
13556,train,89450617e7d0da8e,7660,c825ac,2e-06
6090,train,4e3ff18526217d84,5640,fe1093,2e-06
10746,train,2bb92045182adde1,9379,166f54,2e-06
14886,train,bc1ae4cad4d5b5f5,10170,70617f,2e-06
13375,train,9cd50f3849ffa012,1695,0fc72a,2e-06
12414,train,237370c3b2cb87e7,8082,ff7b01,2e-06
12234,train,e9d12eb86a88d63a,2057,dd5c71,2e-06
14632,train,7284264e2333712e,3196,01d47b,2e-06
12166,train,48f8578180f55a1d,2025,a25662,2e-06
4677,train,33d3b2955813b12a,3703,a99d45,2e-06
8386,train,e93fb11fc1e3807d,1570,441e57,2e-06
10138,train,7e7eb78c39792c08,12829,4b5f1d,2e-06
3378,train,e150f0a39f2284ab,11048,024d35,2e-06
12091,train,71be18e9878b92d4,6597,19837b,2e-06
8623,train,2584d727a01b53cb,12649,b20a09,2e-06
8666,train,e19bfbdc4b95a516,13549,370fad,2e-06
7122,train,3f366cdcd13ebae5,11341,69d303,2e-06
4031,train,b9285922e41d90fe,6741,eb5805,2e-06
2619,train,74f2820fb0f298ea,5630,17ecd2,2e-06
11373,train,bd90ccdf24bd7c8f,8794,a2f199,2e-06
4940,train,d42bac4e42668140,13978,ddedd2,2e-06
4976,train,01dcbcaa762cc436,14111,3914c8,2e-06
11674,train,224d5a572da726ad,8433,72d55b,2e-06
14384,train,c302f700c418008d,1688,79f23f,2e-06
12607,train,3179ba5edc862e19,5023,625b21,2e-06
9616,train,2fcd691069052eb2,12629,e5ea98,2e-06
1814,train,2d3569e1648eb89f,8116,4411fe,2e-06
4826,train,e143da03f9d54723,2275,44db7b,2e-06
5108,train,d2eff98d86fa1501,11092,9412e0,2e-06
7802,train,e9707b0ba6d87cf7,1217,2675a1,2e-06
12936,train,aa107870e8736dd6,43,aaccd7,2e-06
8685,train,47dcf75773ad87c8,10905,6845e4,2e-06
5997,train,e103828cc0164826,2925,c0d60c,2e-06
5073,train,a6ed6dc0a0c67fbf,6294,0a261f,2e-06
14862,train,0856333a1349dd25,702,3d7a67,2e-06
3469,train,454def55a8c68f24,7104,4921b9,2e-06
12261,train,7986d57527c97473,1350,fa2013,2e-06
6619,train,89174f26d81c71c5,7204,2a3c88,2e-06
5702,train,b5302f01538ec9e2,11323,3a3548,2e-06
13643,train,81c23d9897dc03ba,1291,c3d73e,2e-06
7374,train,ffe9fbf09d8f25e9,1619,663541,2e-06
156,train,9de916d3c8e6b6f9,5022,7c41f6,2e-06
7939,train,3d8ea820b69c22f1,6480,cd0628,2e-06
6817,train,d594efa518f9fe06,10545,1739a8,2e-06
14006,train,3f7b25c615682875,12111,8a97a9,2e-06
948,train,13de323d2005bdf5,5085,5f0865,2e-06
2157,train,e6aaab4719902429,7387,119d74,2e-06
1921,train,32883f9d74be9c43,2198,887b66,2e-06
9735,train,52f0a1817cfa46df,10413,c64a05,2e-06
7070,train,524afdd27dbf9843,9347,6ccc39,2e-06
41,train,03d544fc46bccf70,4920,f44230,2e-06
4117,train,ba96d324f0567d42,5560,8a3148,2e-06
3804,train,f901afcc9322a85a,4859,c049e8,2e-06
6279,train,936eca2329cc9aa6,9063,2fd9ef,2e-06
5060,train,c006a08ecd5df78f,9835,a6dacb,2e-06
1655,train,1738455078a18ea9,11684,1e4175,2e-06
7121,train,e5cd332400ce2c0e,11406,20bc8f,2e-06
9142,train,8799733bd46e338c,6631,b98fde,2e-06
13077,train,da7265c17e5d2fc4,318,92a653,2e-06
7306,train,98a00b098891cb9a,75,cd69f9,2e-06
14538,train,026538ff38078942,1526,62da19,2e-06
11611,train,0108a0ffcdc8b12c,12202,cf444d,2e-06
1492,train,857115c0105d4bbd,1199,d6a1fa,2e-06
12238,train,850c168688bb2816,5319,24790d,2e-06
10547,train,455207c5de72d54f,12478,fde1ee,2e-06
14563,train,c2aafdd2c74f4737,1816,c8cbb6,2e-06
11614,train,92b42bd3ceeae12d,10399,2f97af,2e-06
1857,train,d29fcb7159a5a621,12936,adf408,2e-06
779,train,4e9ca865801a0715,12693,e75ca3,2e-06
3313,train,5660137a175793c1,10775,a8f5d2,2e-06
6296,train,99154626252b0f16,5647,0961af,2e-06
10917,train,d7303c495fe7c6b8,14463,4042b6,2e-06
7466,train,4fff75843044562f,7294,d211e8,2e-06
2028,train,c07c6328fd29440c,5949,8c5e71,2e-06
10818,train,7fe858ff3b545a6c,2650,19a379,2e-06
3941,train,34f390c5bf26d96f,13848,b6dd31,2e-06
10223,train,d00541588c486623,813,ff1990,2e-06
10456,train,12b1d3b92e3756a7,12544,763f34,2e-06
2677,train,37596a4acabb0567,14288,a3e0f8,2e-06
6509,train,6912f0c05f7717d1,868,30d60e,2e-06
5826,train,2a006006e83b71f1,1354,9dec28,2e-06
6230,train,a1d9d06b761bd9da,6766,c368d8,2e-06
2472,train,7789eb40c9d56028,11996,88139a,2e-06
5233,train,b7139c4e2f7a3650,13511,243854,2e-06
8240,train,8039dbec467b412b,7927,5e5b1b,2e-06
5934,train,0c07197fe857af99,6873,ec9c8c,2e-06
14259,train,06968cd2da1bb454,7150,25e917,2e-06
14407,train,c620a878ff809985,12966,496185,2e-06
13337,train,dad40a1a5c38427d,2813,f6d3a8,2e-06
10785,train,53253928f9713bec,3541,d19337,2e-06
763,train,55307c5a9d89c2ec,8338,3f94f1,2e-06
3887,train,153a8b7b35562f2e,13922,d4cd68,2e-06
7941,train,9a4818f8ecf9165b,2080,55ff1b,2e-06
2972,train,829ff60691c83e23,4588,5c4ef6,2e-06
8540,train,d5e07138968a65f8,12274,b74c34,2e-06
2761,train,c1ed6a44a114cb83,4034,2fee96,2e-06
3658,train,e58fa13c96c3de4a,1879,476979,2e-06
3634,train,7eb58c777be2c89c,12352,6bc864,2e-06
2715,train,951909f18c153fdf,2662,df92dc,2e-06
9080,train,74171cb0bd9e852a,4014,097824,2e-06
12106,train,a5a5d63c90fef3aa,3895,2ee503,2e-06
13325,train,bd3bc58440a002c9,11626,699684,2e-06
4941,train,8746669c4142bc2b,7322,ecca97,2e-06
14473,train,19e10ac2ff77738d,3765,ace986,2e-06
108,train,8fc67520f0e7aa05,13429,2f8c78,2e-06
8105,train,0c0a1cfd4b67c6a4,8825,a92c6a,2e-06
10170,train,2d4432a05b370f25,1542,061876,2e-06
4862,train,ee06b7f728f98189,7487,169455,2e-06
2862,train,c23a51c62d781633,2074,755bc5,2e-06
5123,train,edae502845020c5d,4591,14938e,2e-06
5313,train,977ced2f5aa281db,6443,94689a,2e-06
11863,train,4729156e94f0d5f4,11622,061873,2e-06
7023,train,68b02eea7b20bec3,2276,92c5a2,2e-06
8593,train,2f13518a64d0f70c,13493,5fe00e,2e-06
5556,train,50c63d50c0a53c07,2551,8e3fa3,2e-06
13991,train,cfb330b30951fe74,14061,efdf6b,2e-06
7641,train,1f20e9e0fca7a50a,1966,80c633,2e-06
3223,train,e002441872a14fda,9881,923270,2e-06
11737,train,205f5417aea1ac47,6994,f83417,2e-06
9048,train,fd9b3a3d411e99fa,13110,84cab8,2e-06
4468,train,967e983289154f2a,2517,177924,2e-06
8392,train,ad9cfc71c5baa025,11312,5c35af,2e-06
12077,train,93a110472cf0fe5f,2857,7d59ff,2e-06
235,train,e432979eef0f9058,2320,da47a9,2e-06
766,train,e4823b737854cbf9,396,d0888e,2e-06
3785,train,e79f01b20dac9c5a,8569,4c9a3b,2e-06
9426,train,85826a4d5d5a40a9,252,581503,2e-06
6412,train,a602647e25f9d116,2859,927fc3,2e-06
10696,train,00bbb3f9f61f6287,244,8a5d10,2e-06
4965,train,85d6aad7e6b972c0,13275,665a90,2e-06
3826,train,5b5eb24e73e247f4,7811,32e943,2e-06
5646,train,7b2336d22d2dea7f,270,493295,2e-06
4141,train,e755f491d5a638c9,12424,84b868,2e-06
10418,train,b4ca37dc224102e8,10671,1d3667,2e-06
8649,train,208d5db41351bae2,10640,59a5ed,2e-06
12641,train,2c4d53e0bff44570,5698,d81c04,2e-06
11936,train,4dc1a168a2bec7cf,11494,84e810,2e-06
6468,train,4770c569ec4236a7,10919,890ddb,2e-06
6456,train,ca08576a54cb4c3d,12787,e80309,2e-06
9750,train,6ac66c2b1876ae37,3280,ba4291,2e-06
1423,train,daec3ffaf8b95886,12076,aa9c77,2e-06
1358,train,3c2492e60bf92e60,970,7d2418,2e-06
8897,train,f385dec864fd760d,12560,89196f,2e-06
6199,train,f6e6be3aff9a4cf9,3104,45d394,2e-06
1961,train,e9fc686d2c44d83f,3372,e6d043,2e-06
4561,train,a0d7845a9a4bfb5b,10814,f8d771,2e-06
14317,train,11a4b83c1d991660,915,316107,2e-06
7256,train,c9493d3916b8c92f,2741,abca3e,2e-06
2131,train,6a9ca4dca0f3bca6,7490,3ef000,2e-06
11696,train,36d7aefc26065a7e,3610,07284c,2e-06
8115,train,8127960d542ffdf9,13477,d19dc2,2e-06
9134,train,e0f77e320122d530,2226,b1422c,2e-06
12706,train,018190f2211d2569,4639,ef1fbf,2e-06
12988,train,d89dd9493fb55489,9502,842c1f,2e-06
4662,train,d17313e7c55f3da6,8854,13818e,2e-06
14117,train,32941c370ea6eaae,2251,4f8287,2e-06
11879,train,d5dade0b43f93920,13751,e5734e,2e-06
11901,train,f19cb83b26570579,1331,e929c2,2e-06
11534,train,2c3f53ea214e8243,10247,3c667f,2e-06
14366,train,9b700fa25fc06e02,7301,96caa5,2e-06
13934,train,fb27d5f3a905d31c,7788,73d535,2e-06
5103,train,87705e12eba83bab,1348,bb9eab,2e-06
12421,train,662963759c59878b,6456,533e01,2e-06
2807,train,964b396296c310f8,3397,dab08d,2e-06
135,train,96e05587dab0ad96,9444,860683,2e-06
1782,train,e370129f3b43b678,2047,dce722,2e-06
13607,train,ede2a301a154dbbf,11558,2dffe3,2e-06
8497,train,d580f2b67dc6c532,11580,c088ec,2e-06
3363,train,0f785b0b82e59b46,4804,34f8e2,2e-06
6196,train,07ffc46713200e73,5750,c742ac,2e-06
14437,train,b0ebbba862455042,13831,5c59b4,2e-06
7167,train,2c2b17fc4147221e,4191,f0a282,2e-06
10014,train,287055814921add5,5918,782c65,2e-06
3491,train,b0c0fac0db402f2f,11792,d74a4f,2e-06
11075,train,3fd155f5474c2b93,11081,abe85c,2e-06
13241,train,ea6e0c9e37292505,1105,6c6884,2e-06
4347,train,81f1c08897ea9ddb,5078,9701e4,2e-06
1284,train,091164178b84b2b8,13959,e9dd53,2e-06
8870,train,e3eea108767d5a68,4198,c7c2f1,2e-06
246,train,47d2236793890859,10878,ebc1a9,2e-06
8591,train,b22a327eac207c8d,950,49e251,2e-06
8906,train,38bf34e9868babb9,2567,d56c89,2e-06
5776,train,83c82efb06f8721b,8704,5201e8,2e-06
13748,train,13813529389a2766,10706,cdae46,2e-06
3013,train,98ffa7b91c5b734a,12255,b5a7d6,2e-06
2615,train,e528485c1c13deef,7095,8e2b2e,2e-06
11471,train,0dd19028fc35228f,201,b0a64a,2e-06
13709,train,bff90091c72acf16,13184,ac60cc,2e-06
8469,train,1e86fa4209b5c35e,12640,2aede3,2e-06
1950,train,ec4f1ac4e74b395d,8744,44827c,2e-06
7427,train,7c6720b752496c72,8544,36f1f5,2e-06
8618,train,074c60b87693e30c,781,922260,2e-06
5689,train,5fbf250d084b0ab6,9267,64f403,2e-06
1165,train,c17f50f05305a94b,8973,38a6b0,2e-06
7300,train,52c1d75bc951d644,6916,06bd61,2e-06
7976,train,eea3ce15f9fcf391,3520,f802bb,2e-06
1954,train,70de5b3f3c0601b9,10858,4abebf,2e-06
7769,train,21c6b38733e40e73,9605,0cf0b1,2e-06
6985,train,e7762abc3056ba2e,4092,026540,2e-06
6362,train,402cf5a2f12eca60,12432,16d1ee,2e-06
13752,train,3ed61f42a677b4a7,4542,d28a67,2e-06
6170,train,f46358cf76b97360,3240,2e721c,2e-06
6410,train,0139f6126dd923d1,3965,691d1e,2e-06
4327,train,9162f91efc1bb565,12208,10d5d8,2e-06
12937,train,165afaa15d3aec7f,4875,1b42b5,2e-06
11062,train,61ac4a75479b02e4,11276,015f51,2e-06
9804,train,2f9a6192562ccd5e,13557,b86c5f,2e-06
44,train,064a4f792ebd3010,10414,7f26f4,2e-06
11392,train,c5d3279b381ae398,12760,00589e,2e-06
3728,train,c42add18436ed197,3027,c57565,2e-06
4872,train,e67d5e85c8229354,1018,b85a43,2e-06
12647,train,f8f3da319cd206e5,7074,58d1c6,2e-06
4100,train,535d4730b685122f,2996,3d6ed6,2e-06
11208,train,fb4da8543268532e,2209,cc4b3a,2e-06
6479,train,e15247c81253d37e,7280,42c8f9,2e-06
631,train,1cbd8a649b10626d,6618,0c3657,2e-06
5686,train,23b80783e3dce7c7,2311,87e641,2e-06
5932,train,f957487192fb7be1,10707,7fc9c8,2e-06
4101,train,5dd5a76c1e70eab2,9306,9befc5,2e-06
3734,train,172c35f1a546f3ab,5582,1be8be,2e-06
3983,train,85809a3a4106a619,9909,8fdc61,2e-06
11640,train,cf5e71d5eb8241fc,9849,18eb60,2e-06
11896,train,b9a1a8d07a67268b,7460,263511,2e-06
2772,train,8d34e080941353e0,2028,bc9af6,2e-06
9268,train,2f30f3cf9a2c7686,10886,8f5e65,2e-06
11492,train,2e3250d3a5d3c1f7,12058,b58bb2,2e-06
428,train,ca2751fd6d00e658,3688,24bf5e,2e-06
356,train,2800964373d35a42,2233,830dc2,2e-06
8326,train,9443b45a071e0d21,9779,f633f2,2e-06
11370,train,c73811c53e494473,1892,67170b,2e-06
328,train,6faf626f5434d633,5608,670807,2e-06
14606,train,848e1d37cad2150b,3981,36eeba,2e-06
10080,train,52ada9bca1d0b5f4,63,e7f97b,2e-06
3211,train,58280aee1e1e599e,3885,b18b66,2e-06
4744,train,f6fddecde261d5cb,141,acaed1,2e-06
3392,train,dbc373d418abf3bf,10006,ab70ef,2e-06
6220,train,a7a58c27d7958ad4,13918,b49a5f,2e-06
9584,train,076ca5431ed23c11,5468,efbfd9,2e-06
8028,train,70a0b28a79edbc2f,10034,266ec6,2e-06
2971,train,20bbd6174ea4065e,12310,05d75c,2e-06
7332,train,02d8f316fc311022,12983,1ec128,2e-06
4019,train,290211309a0fb6a4,13515,6aac20,2e-06
7848,train,ddd4af070513b49d,4929,50603a,2e-06
2393,train,ef5d8c74d759917a,1664,944c7a,2e-06
4065,train,24a0c9cd9dcf272b,7244,7f07af,2e-06
11339,train,f43f0f51ca62eb59,9720,001a81,2e-06
3518,train,d29974f6abe97e23,3202,820359,2e-06
7412,train,758eaecb244b87a9,5432,7f2b88,2e-06
10728,train,ba6534703eaed85d,8874,53a8b4,2e-06
11011,train,c296eb91ebe5995e,26,95a6d0,2e-06
4060,train,20171e534b5e96df,7539,bbbb9e,2e-06
12156,train,5ba35a7dd16e2f5b,5437,7eded8,2e-06
14682,train,33017a831c14e4f2,10821,c52f5b,2e-06
5041,train,673d41de4fd6be6f,9466,e5e4e4,2e-06
1532,train,0bf3cf4523690023,650,b51158,2e-06
3942,train,a62c8ca6a3369459,9840,926c90,2e-06
4373,train,6f2347cd5409056d,10165,6411db,2e-06
14534,train,e70aa75929742fbe,12979,ffb32e,2e-06
13145,train,96b15c31e3128962,12779,306269,2e-06
10971,train,91f5fc77f0fcb91e,7538,f8643b,2e-06
1484,train,e1dc705075e0e1c8,9213,66b172,2e-06
7719,train,bee393f77bfe5b5e,5744,399e0e,2e-06
11996,train,4baabd495b97c870,8086,3374ac,2e-06
13655,train,bdb43bc4c4904b8e,2568,202da7,2e-06
7763,train,9e5258fbfc4e0f5a,12414,30374e,2e-06
4187,train,1870e755f557bc9f,3983,6595bf,2e-06
115,train,004f8db63efb82a7,11458,b86346,2e-06
915,train,398f4a4ffa3f6829,8099,81d0f3,2e-06
2724,train,b172ae8b9b1a96a2,7218,103c1c,2e-06
8376,train,9e3c182c8b2d50fd,4233,0b46c6,2e-06
6822,train,4d750ba5d0abc95e,3637,0120ea,2e-06
14585,train,556a785e111ab11a,7698,adc6ca,2e-06
7685,train,1806f9dcba2dce83,7051,89a53c,2e-06
4850,train,f6e9b2d305737b7d,5655,2cd0d0,2e-06
13110,train,13225984d8f71438,6165,ab4796,2e-06
8739,train,811efc393e6597c7,11654,08888c,2e-06
943,train,5ffbf9c9565ab34e,6116,236798,2e-06
8694,train,a22d4b384c394cd2,7865,7eabbe,2e-06
6680,train,d9587dee035e68ec,12250,d4824d,2e-06
2694,train,006a70373ec34b1f,3007,baf6b0,2e-06
12070,train,d0c28be2b8204100,5332,1e8ad3,2e-06
7659,train,b0d99011e4d95a72,479,dd8ff3,2e-06
2313,train,16cd4a8809e8d6ae,14212,cea068,2e-06
11685,train,ab2e5817a71a4090,13495,019d16,2e-06
9093,train,9c8800c209a9a682,9542,b6dfa7,2e-06
3872,train,8d1067c29edd85dd,11052,a657a9,2e-06
13444,train,8025256cfe9281ee,3748,8baaef,2e-06
5816,train,7cc5ccf6735786d0,5736,5cfe30,2e-06
1291,train,c666e569201cb951,7116,247771,2e-06
8203,train,697eb68f1a965337,2434,a07c4e,2e-06
2650,train,c03796d8d96f538a,9607,f7033b,2e-06
6105,train,7d5c9de24becd0e3,3017,792de7,2e-06
14201,train,b5211564e43027b9,5241,adba48,2e-06
7906,train,43cfcda1f3f1e225,12836,bef701,2e-06
118,train,8ae077df0208f1cc,1940,24c77d,2e-06
6529,train,05d10ddb82bc2944,7576,ea56e1,2e-06
7146,train,b61727738fd3cf91,2050,5a3b3b,2e-06
184,train,2d4d033a0e5bfae0,14004,bdd9a4,2e-06
9489,train,63c9052d6fafa57b,7616,0fb3e6,2e-06
3706,train,a5bfc8c4d9395b8d,9643,c6c927,2e-06
10274,train,fd9e6034937a3741,7806,07c6a5,2e-06
1226,train,7f86aaf040c59aa2,11617,571f8b,2e-06
4501,train,661622e547a64f7b,14230,b0553c,2e-06
12417,train,7ac839eb302b4f02,1492,d90019,2e-06
2976,train,6aed4032636d2a99,10550,f8ca94,2e-06
14290,train,ba0a34b5ff2e2521,1481,a7f648,2e-06
1324,train,4a786f07d8b69773,12477,7ad638,2e-06
4982,train,a5adc2269ed1125d,2790,90e70a,2e-06
13703,train,f344f348b21e0648,949,514356,2e-06
7660,train,07dae3ae6c93debf,12857,b550b4,2e-06
1087,train,f5e321d251de838a,12871,f1788a,2e-06
8209,train,e6e17a2749caa1f3,7893,9e6c80,2e-06
9671,train,f4e21df966f241bc,4634,f1c5fa,2e-06
12672,train,6190744fb58d695e,14013,d970bb,2e-06
9254,train,9227e78415500a6f,1575,4a4714,2e-06
8021,train,73490e3cf8d99bee,13467,9bf195,2e-06
14010,train,4bc61e8578498dcb,6515,1454b8,2e-06
4589,train,edb381c1e56894c1,13714,59b0f6,2e-06
281,train,3be90f03be81f588,1573,5c72fd,2e-06
14579,train,5d5953b57bb23b7d,13588,42d8ec,2e-06
14024,train,0a2c0f6260a33766,4055,40fa3e,2e-06
175,train,0679ff49591b3171,11714,217b5e,2e-06
6245,train,dda657aa9b24d1bc,8095,fe41da,2e-06
380,train,dbcd3a364499f9d2,11230,5684e3,2e-06
10440,train,e2ec364d20e0b0c9,6601,c68418,2e-06
3485,train,14db63f9e492f6ae,2927,b8f2de,2e-06
13826,train,07eaebfd240ceb5a,12192,9f5756,2e-06
13635,train,d3f3decafa63dfa5,12322,16fe06,2e-06
2713,train,7b12a725329524ad,11773,8a904e,2e-06
12027,train,61d01f5f60ae9c2e,4238,b0efed,2e-06
7736,train,928c0a87e26e6673,4,0a298a,2e-06
9347,train,104e825e10eb35ca,10693,86ac3d,2e-06
7532,train,84e8c5c9abd2c6a5,5931,2ef936,2e-06
8999,train,eb565bb2324b9fd5,2526,b31f3a,2e-06
11025,train,57652f3517014417,7933,7f9d45,2e-06
12774,train,259e780d92c49bad,14138,f261a0,2e-06
8,train,61ce6366562952c4,8743,352874,2e-06
1390,train,39a1e11e203bcbf4,4694,a6a297,2e-06
10923,train,4e9147761a5d1f33,6213,24aa40,2e-06
11252,train,71ce775905d6bac5,7008,1f51be,2e-06
8255,train,8c7007ef983a9285,12041,971cb1,2e-06
10482,train,3d3e4e1664c7a4ba,2030,c01203,2e-06
2123,train,eabe121450a4f6e1,5276,d73ec5,2e-06
879,train,05f02c9393c7268a,4125,600eb6,2e-06
8918,train,c41dd45d7aba476e,2608,f89eea,2e-06
7003,train,a69dc31426e04356,13406,dee71e,2e-06
4372,train,99a3bdef49765a7b,11264,aed2e3,2e-06
4154,train,02983a9887ebf608,2708,ff8ca9,2e-06
10298,train,001d9cfcbb7d606a,140,f220bf,2e-06
10244,train,2312327c15fe4954,13914,2709f8,2e-06
1996,train,8d054ac84bbab2d7,7819,ecf433,2e-06
3386,train,70c984e1e55c025f,7144,34d1f7,2e-06
12527,train,0c9732e0e12e7b9e,12763,854404,2e-06
6887,train,7f6214731cd26f7d,2512,92eda8,2e-06
7726,train,43ceca6fd0856643,13789,f9e28f,2e-06
14061,train,5a18a91b7f39cc10,9338,03a21d,2e-06
3702,train,30d77f173c5028d0,13036,0273ee,2e-06
12722,train,d2bfd4806f86d8dc,662,73dc97,2e-06
6124,train,6acd720519cdba27,11045,b8c240,2e-06
4882,train,655e1ddc065bc99c,1540,862f96,2e-06
1978,train,f8236e42531120f5,3589,0e992d,2e-06
14506,train,ef6a03e82ba5944f,14442,1e2860,2e-06
9716,train,646d3dd46c9aa280,7551,322bce,2e-06
97,train,5b34dcfcc2282696,11846,1f4d8e,2e-06
1468,train,bc4c25bba23b2291,8317,435ded,2e-06
3848,train,c711ebfca21e1524,10961,9cf9d4,2e-06
10587,train,3cf67655dff38c15,10598,a82ff7,2e-06
13456,train,3f92579a75bef610,7978,95c2bc,2e-06
4532,train,061724d34065557c,13705,99c06e,2e-06
4610,train,06ef1561a167fa7a,8295,28cd12,2e-06
14212,train,8e5a8e9e19d0772c,8140,303abb,2e-06
9079,train,2577acf26b4f78f3,2966,f74307,2e-06
8079,train,e6818c69199ded1c,5509,4dee15,2e-06
13960,train,01e55c4592871c81,10368,b0252e,2e-06
14211,train,567ca8f92a36a601,10036,7f984b,2e-06
13257,train,6c09ac94c192cdcc,13082,802975,2e-06
578,train,0abe88be50438550,11899,f556ac,2e-06
7257,train,74c19c5643a2926b,7139,95de8c,2e-06
11713,train,e607eb0ca7e86017,3724,ea7be5,2e-06
1788,train,c4bf7086fc942b17,1048,4a536a,2e-06
4047,train,7acb8e30283059cc,14033,40e60e,2e-06
7595,train,7efaa7484f5b2a20,3333,800cf5,2e-06
6557,train,2cf02456a33fd2c3,1087,8dbe03,2e-06
5269,train,8bacc6c028f95cec,9852,0ef50f,2e-06
11716,train,37a0c927270249ae,9130,762b4a,2e-06
11167,train,c466731601b7c137,9221,58f4f3,2e-06
5446,train,ff79ffb63280f7b7,1592,2a0bf1,2e-06
2964,train,a4f9340d7604b9f3,1153,42783f,2e-06
4774,train,5f72862aeaa66a46,13072,82c5bf,2e-06
2051,train,9adb0b3c7c843e4b,7046,fc14fd,2e-06
6232,train,42a1db67799ceb06,2371,b67acf,2e-06
9196,train,300ef45f722f2cc4,751,586812,2e-06
11318,train,75c075c158cad3ec,1417,8a5938,2e-06
10010,train,62c214d76685891f,277,f8780b,2e-06
1712,train,21f31f6b3472ecfc,12095,13a474,2e-06
3370,train,1230b051ec468dd1,11694,a3f783,2e-06
8172,train,0213bf02bc46a9ab,9302,4670df,2e-06
10700,train,000b7ce32ad2a3b0,547,e55a91,2e-06
5718,train,3d1b0ca6779e8647,8305,f67809,2e-06
7058,train,cf03a66130e0cc0b,10780,825ccb,2e-06
12874,train,fd3d1bad32d762e8,3484,ed7e6d,2e-06
3856,train,db5ece56a1e9f39e,5827,0aab3b,2e-06
5024,train,01712b0574383dd5,7151,ccd5bb,2e-06
6427,train,8df6cc5a0460caeb,14370,b66716,2e-06
13417,train,06f39c9d2c9d8c9c,10134,9a52a4,2e-06
3862,train,3b4407a6cb9e5e21,5909,3b57cd,2e-06
6639,train,1e306201558ee79f,4672,c01b98,2e-06
6480,train,3c2dfbd5497c65e0,3355,9909a8,2e-06
6597,train,69d0ac90c71afb02,4630,389987,2e-06
8002,train,6ac3d40a2883f383,9992,900a2c,2e-06
14897,train,ae2aab7adf344edf,5970,661f6d,2e-06
439,train,9b1ab7c382dd61c3,405,3109fb,2e-06
5399,train,86ab34bd6c0b642b,4921,481747,2e-06
14341,train,6278bbf26343ea9b,8523,d5e9a5,2e-06
12231,train,9d9249e7beab5eec,9806,cfeb32,2e-06
14495,train,d74a427a4db8980c,3105,ca2a05,2e-06
6670,train,0184624aa949ab55,10633,70a297,2e-06
13171,train,ee8fd57f81e323cc,4849,dcc9d0,2e-06
4051,train,d5430da526f1fb2c,1904,434a26,2e-06
7553,train,ab75b632c6d474fc,8621,91c53f,2e-06
5930,train,60c3132982eaacfb,2213,69c61d,2e-06
4094,train,29874c3299559e77,13936,721aaf,2e-06
6750,train,26c2bec163f614fe,1192,09cf00,2e-06
10426,train,dae46f0538d09851,342,7174ba,2e-06
4758,train,ef3dda6e4774f3fb,13583,c36d95,2e-06
6605,train,90abab4f7fb0d3da,5473,c2aa3e,2e-06
12658,train,4c7612e57dbd8312,5062,fb8483,2e-06
2395,train,ebea257f704e1c7d,5295,0a57e4,2e-06
806,train,e94c743437427f8b,6252,0ec0e5,2e-06
12285,train,79195241c93862bb,3673,4f8560,2e-06
11463,train,54bb0cfdc23f4a9e,10998,77ffc8,2e-06
5931,train,ecced4aa01e915ac,6720,13607e,2e-06
13827,train,afbb6b8f3c6bdc73,5607,62c2f7,2e-06
7164,train,bc83aeb92b945665,8049,5de8f0,2e-06
5976,train,bc24dd377a602fcb,9543,1ba9e7,2e-06
4564,train,051ccf1ba8e766c1,6392,944ba1,2e-06
8361,train,eb90bcb083443ad3,5119,074159,2e-06
2261,train,f7e0f84f825d4c3a,710,4eb351,2e-06
9189,train,4b3a5fcd08e0a6fa,10206,e8d08b,2e-06
4865,train,41632d67d6c9be19,10687,9b769f,2e-06
8323,train,b4b296d304ade717,7281,cb8b2e,2e-06
10169,train,5ff91338c43b3abb,4303,5a1795,2e-06
12945,train,73ab6bf8a8e68bd9,6585,412fd9,2e-06
11090,train,7a96ee96088628a6,8925,f406d7,2e-06
3465,train,605096713f449611,13385,23c89d,2e-06
6083,train,6a9f90b04be5a8ec,4825,8d140d,2e-06
12341,train,62af59291f6c847a,6768,ca64f5,2e-06
3911,train,f9c3dbc637583c02,10777,2669eb,2e-06
6566,train,e4e3878363e2cbab,11237,6a6022,2e-06
3624,train,d7685714484f981d,6558,01bb23,2e-06
11280,train,b2cb9ea988d133b4,3757,5a11a7,2e-06
450,train,d2b0139edc7597cc,12882,9e83d4,2e-06
6214,train,8b70d6e19b90a163,5094,bbf3ec,2e-06
1052,train,947119d75ec96325,2007,66b10d,2e-06
3394,train,3b8c5541816c73d3,7765,5c264c,2e-06
11279,train,7cc126b65703e7e6,6498,ae381e,2e-06
4548,train,5586a974d5115e9a,2514,b48c02,2e-06
4146,train,01dee5e4f6900ee5,4438,0d459e,2e-06
7897,train,a8ce38146516c380,3180,c29224,2e-06
11261,train,168bcaec6b5784ac,5197,303f43,2e-06
5346,train,820ede0c48b73fdc,10338,d7ff37,2e-06
5322,train,5509a8c3236a69de,8765,1d1a79,2e-06
5763,train,1110090cde2de0b8,7278,fb805d,2e-06
11465,train,c465428b2358382a,5061,1232ec,2e-06
13206,train,6c3b1611796ab298,4453,d419c7,2e-06
13544,train,5cc0a290d1594f4b,9250,ec3834,2e-06
2819,train,09a56ee1b1e30810,3265,8e3a24,2e-06
9648,train,cf62307823caf23d,9613,09a8d9,2e-06
778,train,06a281602f370ab8,4936,3d141c,2e-06
3213,train,6d30041c2a293128,4089,27218d,2e-06
9870,train,a59c0338a81b593a,1767,4c4322,2e-06
4590,train,27c01d64bb22f04e,6734,72f9b3,2e-06
10981,train,d17c23be4f0b04fc,14038,de493d,2e-06
9389,train,793a660935c08aaf,5180,3ff8d3,2e-06
6382,train,7792ee598bf8f857,2725,617508,2e-06
12944,train,4dd8a85bd1aa227d,12054,f1b73d,2e-06
6550,train,15de7ed6e5b4a344,2086,79478d,2e-06
10089,train,139b28d9eedede16,2164,100c0b,2e-06
1451,train,b193b69a8bdfebdf,1525,c96e00,2e-06
695,train,42a5a55219fd8624,11995,c1e9dc,2e-06
14793,train,c17e9b3867eb89a6,12917,0017be,2e-06
4697,train,a73ee4a7b4302425,12536,d25a16,2e-06
11691,train,c7e5ed48edb060c0,6110,526df3,2e-06
6309,train,b4a7e67b9e3f25d1,10834,4c341d,2e-06
11661,train,82d97c1f3cbc1985,8909,3fdf0a,2e-06
7452,train,9f3fe2a194e080b7,14114,4d5be1,2e-06
9430,train,6e7a7432d5e20764,11071,fe9575,2e-06
2452,train,458b049632955193,13552,5031ff,2e-06
3985,train,e0fd250638f5f1be,4181,2935c8,2e-06
8645,train,433a7ad2fa79f2c8,3073,5cf0f9,2e-06
12209,train,525b73740d59196d,13273,3a9c8c,2e-06
3175,train,0489eb6a60f2a164,10955,816f99,2e-06
12545,train,0709937240666d42,9816,0d14a8,2e-06
2513,train,a8cc1a9024ff99e6,8360,0e3598,2e-06
2132,train,9386dc6430e6f306,13023,c4293b,2e-06
2975,train,4eaed9a60ae484fb,6875,0c46f5,2e-06
4407,train,cf64e4d3ab740696,10427,26d60d,2e-06
6850,train,d08f2d118202d85f,2673,8ff043,2e-06
12086,train,fcebe080cfe60be9,2701,38bf8b,2e-06
10475,train,68365a1f43160c13,1103,d904c2,2e-06
13175,train,642a6331a55e757f,9610,605661,2e-06
6644,train,be3c10115eb45ce4,668,fc8b63,2e-06
5634,train,fd817f2a877f7786,3955,d086cb,2e-06
4860,train,aa16ef838c4746d1,10334,737b9f,2e-06
551,train,3cbf743f5da47e57,11566,b8ac3e,2e-06
2181,train,615d634ef320dbf7,13192,f25253,2e-06
4015,train,7d48ea3d4c179129,9326,4ff952,2e-06
9178,train,0a818c7106c3f7f2,870,daf37b,2e-06
3725,train,f969a9460776664c,9393,1c7121,2e-06
7475,train,188122e88817999a,1857,49eec1,2e-06
10379,train,eb4513009856482b,347,3038a1,2e-06
11316,train,a9338b7765447298,1682,541792,2e-06
5001,train,f78dc25a8fd9135f,563,fe0588,2e-06
9757,train,8f7358135dc1d315,6671,af3956,2e-06
3806,train,841d7d896a9a9cb7,7023,8a6415,2e-06
4183,train,0f3052158881ce7c,12816,b0104d,2e-06
12935,train,3d28717450ae17cb,1365,d21913,2e-06
12506,train,96e08e937d455486,8197,fc594e,2e-06
3250,train,44a885cb91ccfddd,11480,c6d05a,2e-06
12119,train,59924fd6fdb1a83a,11524,3b361a,2e-06
3240,train,5fa40693ee096b9b,8872,190243,2e-06
3355,train,adaae7bd197fc323,7341,d436e0,2e-06
12728,train,d53e9e8ae14638a3,10548,afa6c8,2e-06
6121,train,eef4e976a9e8e6a4,13344,af74e5,2e-06
3109,train,05de9ede71806f38,8592,4f66b6,2e-06
341,train,464432376e621074,10190,8a1e6a,2e-06
6399,train,b8b8e30d78c8f1e4,12495,daa77a,2e-06
8197,train,c010f0a4f66fbdf6,10705,a4ed02,2e-06
7009,train,43afacea6587bd73,2199,5ee18c,2e-06
12985,train,95ca0af72ca42cd6,843,ac26c2,2e-06
14487,train,649071735fecb102,12891,e99185,2e-06
9555,train,0a16205fc93887b4,14105,c016dd,2e-06
1148,train,619da25f0592a8da,934,5222d6,2e-06
753,train,6792459770e2c0d8,1044,f5260e,2e-06
2668,train,b72dfaa3ac292f37,2301,e5ab74,2e-06
10641,train,c6488be8e6004eec,2337,82ba8d,2e-06
11798,train,ff0057a03d1907be,5383,bf0d71,2e-06
14646,train,e8ba894b5ee04874,7809,7ed5e9,2e-06
2153,train,d85865bae2a41176,10460,25a9a2,2e-06
14351,train,204b557aa4f5c4e0,11956,74c476,2e-06
9677,train,d736d2cecd4003b2,7115,3c441d,2e-06
3410,train,c0774598a8df0696,5617,d1a852,2e-06
3682,train,a9a804b831e8aaca,3473,4c2784,2e-06
14639,train,234b786dbd647e79,14356,45cd74,2e-06
129,train,7733434b987f0256,7725,21f048,2e-06
10268,train,4e44b902c22a868f,6234,08bd19,2e-06
12775,train,79bae02d853c1a64,4614,43c185,2e-06
6313,train,60680f87c589f82a,7212,899617,2e-06
8131,train,574fcce42d527361,12261,57ad9d,2e-06
2366,train,c9807af9b3e50c9e,11100,b1d4e3,2e-06
626,train,5ab10d414021f0d2,13078,aab316,2e-06
5244,train,4fc0d7e64efe8804,2771,54f441,2e-06
10769,train,e411ba8f309da023,10194,65535c,2e-06
1986,train,5c71ca8dde25f868,1652,24e6e9,2e-06
4071,train,33abfd1ca1592651,1166,910c33,2e-06
12071,train,83394bc89f1c5206,1856,8917a3,2e-06
9817,train,a3c08b4ac12d971d,1024,d1778a,2e-06
1795,train,67516b35b408165a,10277,39c780,2e-06
2374,train,0c7664bdd2da1a58,13069,982d1f,2e-06
3251,train,327340884e39073b,7652,07ea82,2e-06
126,train,3c7a27ac051907d9,9526,d1397a,2e-06
14679,train,9ac94d7ee39e9cd6,14302,805c55,2e-06
8634,train,631d4e5ac2d62c4d,11510,2797c9,2e-06
3610,train,72ae6c79beec0cf5,9075,b79977,2e-06
4960,train,6b7bdeba0c9bbceb,3580,621fb9,2e-06
8723,train,d12c51f2e4fd7bb1,8553,e323cc,2e-06
11134,train,ff5f4957f3be7b0b,3905,f7f3ac,2e-06
3949,train,526f2d2622f01fed,3101,ca1300,2e-06
14805,train,0ac87b0c97b181c7,7722,0c3dea,2e-06
9819,train,d81e36130b76d829,5095,dddec0,2e-06
6054,train,bdf4e3e2827a8731,9767,64bbaa,2e-06
8914,train,40a97fe1bc98ffed,719,bfe2fd,2e-06
2742,train,07b0ddb983db6a2a,4491,db459e,2e-06
11846,train,9fc42be7346fce50,10745,7cccd7,2e-06
2838,train,293bbb9d1acf06be,3930,2a6b43,2e-06
13625,train,6f791375a9bcc610,7686,0cc2bc,2e-06
1497,train,d9f0af30d0c092d4,10155,418e6a,2e-06
9579,train,df3bb7d3130df4dd,1102,cbb9ec,2e-06
8301,train,50c23bafedea5b02,7708,76a923,2e-06
10652,train,5cc330aea1b35403,12055,0ddd14,2e-06
6856,train,0f7c611842051ad3,14151,0f17eb,2e-06
1552,train,ad9592c4a3654bd5,6364,8a6a13,2e-06
3385,train,8a9424a7469b22df,12437,c9b463,2e-06
4980,train,da6e47c98ce46e46,12469,738ede,2e-06
14163,train,32bededb78f6c0d2,1700,2443fb,2e-06
9871,train,0810b539ac67446a,11234,4e75c8,2e-06
4023,train,7f27c6f191e46a1b,890,7cc955,2e-06
5717,train,4323e38504c63447,3753,982ff3,2e-06
6920,train,1399330f962ef705,13788,29a38e,2e-06
12596,train,755e9dec5b4b8488,1183,b0259e,2e-06
1704,train,c0c8ff4031f6cc6e,10344,cd30fe,2e-06
7149,train,2a29c38eb1ed820c,10199,6d4ace,2e-06
8931,train,41670d1dfb414e1b,14143,7fca3b,2e-06
2755,train,6ad70669bea9a552,9951,733c3b,2e-06
8335,train,7feb75cf055316a1,11102,0b6ad8,2e-06
3801,train,b7a9e8a765196bb6,2928,c9e52a,2e-06
14052,train,023717b58c2c40b6,6861,cabeaa,2e-06
9921,train,e09fca558a7e99a4,11096,ae3cfc,2e-06
10677,train,0da97ebc47c612d5,14435,8e13fe,2e-06
8129,train,b2a9800e47136b09,11238,adc214,2e-06
9697,train,cedaacc8a3ef118a,13736,1a9c95,2e-06
1306,train,911e472c5ff7c448,7478,fece9b,2e-06
3962,train,f08139eb3a080816,12900,b70f81,2e-06
703,train,048a0007f1c2642a,1196,5c1c86,2e-06
8456,train,3b66767d1f39388a,6040,fe88ac,2e-06
4112,train,087666212d1c4e28,14475,cd47c1,2e-06
10876,train,8a61e0ed3028ef68,3564,bbfcf5,2e-06
14545,train,0309350e9a9e4662,2511,4ce8ba,2e-06
2593,train,93bd518f9887ea34,2155,c58f3d,2e-06
7478,train,f68243c734f0f79d,150,360d69,2e-06
7757,train,16224270f6af4a18,5863,491715,2e-06
8225,train,f8cbc3dcbbe45e8b,10431,34592e,2e-06
12390,train,b20c59b6f535a583,11615,17eae0,2e-06
12903,train,5db31ba3786c2f17,1681,7aff11,2e-06
6255,train,c21c5dc3b76a82af,3559,66601c,2e-06
6814,train,c61b540c710597ed,8044,b2dfc3,2e-06
12457,train,9af8d44ce921d195,9820,cbcdea,2e-06
6501,train,b52d5e15f98d7b72,5531,bbb5e2,2e-06
5561,train,6f073aa9e0df0ca9,4509,602ae6,2e-06
12778,train,98c134c58affb69b,4837,3de1e8,2e-06
6350,train,4b2c262d512bcd66,3516,a390ea,2e-06
3495,train,cc0c34c3a2d697c0,7489,6a0179,2e-06
10183,train,4c1f3cf1090e5d4a,2163,3d3f55,2e-06
7849,train,44c01cdb9e6a7c3c,1769,1fa56c,2e-06
14879,train,1f0616a91b62b579,4765,eb40eb,2e-06
5886,train,f5574d0e5fdc1fc1,2621,7627da,2e-06
1298,train,7dccf92badf9e8b1,12545,2adfee,2e-06
4950,train,333f4a4e31811545,12370,084b64,2e-06
4437,train,7cee1631aaa7d3ad,2540,7931d7,2e-06
14804,train,931fcc6aab856f76,7514,b43231,2e-06
10297,train,d86074f90e28c0a4,10054,138f3d,2e-06
11334,train,bd481db04f6c11f3,7823,e6b42f,2e-06
10925,train,8dba8f6399efa4f5,12782,fb975c,2e-06
2243,train,a1668efc8028652b,4662,faf321,2e-06
10767,train,d74996ada757c741,14489,d048d6,2e-06
6227,train,ea9b1e9eea76ef80,8986,6f0667,2e-06
1065,train,e102d7a1f912c0cf,5496,ad2bec,2e-06
7205,train,f91113c3f58c417e,56,97fc5e,2e-06
10034,train,3a5df9a80acaa462,12914,0759c8,2e-06
4623,train,1bd866e6c7120659,7326,c6c424,2e-06
5272,train,cfddcc857e7bcba2,13901,57275e,2e-06
7357,train,a8667cf116c9317d,4369,3d9316,2e-06
11998,train,a97bf3d386a3f908,10864,a3db11,2e-06
5540,train,397e37e17b31891a,2730,422f44,2e-06
12058,train,f1c04873459d1e5d,11235,37438d,2e-06
6852,train,34d3e8f511bc4566,312,3f1077,2e-06
7415,train,e5a146507c22f7ae,7427,7df49a,2e-06
5012,train,0cd21c9b53e42edc,1371,a6c6fb,2e-06
2061,train,12abca6ce40f3f36,4803,8dc946,2e-06
8667,train,708a29be29899cd9,1506,9c3d11,2e-06
1232,train,53da8e4dad251f3f,589,10ee31,2e-06
9931,train,02a15addbe1fe65e,10374,e9ac24,2e-06
2384,train,199c2c155129d2ab,3570,21c6e1,2e-06
10202,train,f71ee5669690afce,7945,609d77,2e-06
12409,train,3522f277afbd6511,3985,887b63,2e-06
8232,train,e1d1776364dc1bcf,5803,e087ec,2e-06
8687,train,4811b107ea5c55f2,3428,29783d,2e-06
2241,train,1ace9479e3384360,9528,1f242b,2e-06
6274,train,65ae7856ce290381,7379,985723,2e-06
8192,train,f56f8fe51397e9d6,8386,9229a7,2e-06
5847,train,e058395a5e1bf413,5968,9253a7,2e-06
417,train,33e9a3061617c4eb,2852,707ce5,2e-06
12451,train,d72550c0173f9ce8,10806,dc89ec,2e-06
566,train,26aa49b3d5bc08df,11806,f937c9,2e-06
3097,train,2c54658bcbcc1949,9997,f99d34,2e-06
11610,train,9b5548577feb8d8d,10212,0cb3b1,2e-06
7078,train,91476ba3d53f45c0,4077,217ab7,2e-06
2953,train,e811447aa99f6558,13443,45b5a4,2e-06
11515,train,a30d2728846e3bdf,7687,3b0832,2e-06
6136,train,eaf7843ebf021dec,7190,3553b3,2e-06
11844,train,d169a3be14fc5681,6593,1ca213,2e-06
50,train,ec6bc272479819ea,9051,c03510,2e-06
6948,train,7aac30e966bbc296,444,93e2e3,2e-06
9295,train,39881bb97dbaa87f,8626,b2c25c,2e-06
8139,train,8a2f723ec83b0603,4703,3d15b3,2e-06
2720,train,b97bdf1b3334539a,8562,2bcbaf,2e-06
10622,train,a6bbb343c0328c5d,4261,167f41,2e-06
3418,train,d41213b77771628f,1416,a969d4,2e-06
8454,train,bf3662728145fc2c,9611,7d86ab,2e-06
5679,train,a853b71336fa30b6,3221,b45cc3,2e-06
953,train,538b3b5c072f48cf,2675,02a594,2e-06
2280,train,6f91e130c67b211d,5957,1b3268,2e-06
10314,train,fe3d4896b31764a2,8181,1fb579,2e-06
8279,train,26e5e2b9f915c55b,8596,c49484,2e-06
14525,train,23a34a36afc8dc54,7066,7ca957,2e-06
692,train,6693fad793c683b7,12685,b65661,2e-06
783,train,87a0b7884939e88d,1092,330b12,2e-06
12818,train,34c6802639fa2398,9391,d2f435,2e-06
3090,train,32f637de4414e2b7,3576,a38e0f,2e-06
5849,train,30ca492bd969a0c7,9870,c90830,2e-06
14027,train,a3365d98e385108e,11428,bb0a88,2e-06
12425,train,967c22a416176985,942,5934ba,2e-06
10861,train,5c2b3d2402f5d052,57,54f176,2e-06
2120,train,306ea876a7e8e405,4287,d47dab,2e-06
313,train,cdca79ae31b58aab,11838,6438f2,2e-06
8411,train,59dcabc846cf6e16,6740,2a9e7d,2e-06
8986,train,79639a17b9e3fc0e,247,2d61d7,2e-06
4384,train,afd0a92143e6e3b2,4653,5ef41b,2e-06
9031,train,64657bc751f6a1dc,6194,f23ed3,2e-06
6213,train,81aac7610e5023b6,12727,cf6b6f,2e-06
8134,train,90c40ca8559f6145,11461,62e44b,2e-06
11503,train,138087bdb0c74b16,2352,1d348b,2e-06
6539,train,ca8e8736db7eff7d,10003,d00e2e,2e-06
11360,train,330a7eb570bed0e4,8781,9b84b0,2e-06
3559,train,71427fb558fb2bd6,6876,c5520c,2e-06
9956,train,63205b47adff83f6,3694,c369fe,2e-06
133,train,f8ab813cbb397fff,11926,e1a1b7,2e-06
2923,train,2a6bec94a4bb040e,834,88c730,2e-06
2788,train,53d7af75f536046e,3759,c425ae,2e-06
11488,train,13ab005f021182d6,3330,234455,2e-06
8005,train,b352d42b76f9c80b,8868,c37153,2e-06
9171,train,9d68903e0bab809b,2098,ec4068,2e-06
11857,train,a4bd7276e3309f7f,12454,15ce7a,2e-06
7103,train,dbab7fe174e7774b,11502,ff14aa,2e-06
7362,train,11c4e49f840b266b,6242,fe9f67,2e-06
14812,train,42bfbf1351de9684,12636,5a943e,2e-06
4140,train,87dcf554fdedb5dc,1675,91572e,2e-06
8415,train,05c139880e34ca18,10491,d3d8f0,2e-06
3380,train,74cea82865acd9e5,9641,47399f,2e-06
7361,train,5c1f47657fe5d044,2464,fa2069,2e-06
11115,train,5f5f2ea0ade6275f,11578,4b03e7,2e-06
11504,train,5a9fc8f97c85408a,2978,3d70f9,2e-06
7519,train,c4e9929b9146f123,10366,84ecce,2e-06
2186,train,a4324e620de45462,9419,cd48d8,2e-06
9046,train,8fb3dc076af6e117,3133,d24593,2e-06
816,train,06c756148423f876,13960,06db9b,2e-06
1962,train,364c8de9fe54e621,2142,92672d,2e-06
871,train,c44c7907849aa643,13372,d28229,2e-06
11355,train,433d9d79d03c3b3d,5903,ccb3b7,2e-06
10337,train,a3aba7016a22122d,10407,b9a758,2e-06
8368,train,eccd718d895eb7b9,14403,b31365,2e-06
3027,train,0499fc7ccbb40731,14142,c24376,2e-06
5392,train,4c31f2543b8bea59,8045,12bb50,2e-06
275,train,ad767790946f72c7,7142,2dae60,2e-06
138,train,dafcea6d166f241b,10404,30eda1,2e-06
1230,train,07a1a3303708d144,7854,df4956,2e-06
9950,train,4053b9b1275ccb5c,8577,d5c798,2e-06
10791,train,4032a07657060721,1621,3f73fc,2e-06
14662,train,27feb6aa90841a60,14405,53e462,2e-06
10740,train,c7a17335fe02cf0f,4888,56367c,2e-06
2356,train,4adc7daf8ff36a11,8699,e9e864,2e-06
9635,train,704b76e720fef36c,7098,6c221a,2e-06
8752,train,37643cc39864c8b3,8634,12acdd,2e-06
10980,train,1b292c016a94d05e,14068,731cca,2e-06
700,train,c78da3618894756d,13453,8f865f,2e-06
14047,train,52c52a2efaa26498,9004,899fb0,2e-06
8558,train,54b26c778aeb1057,2399,79624e,2e-06
7487,train,4de38611e059d31b,9807,b26320,2e-06
3432,train,753b671b5b94f06f,11596,b5e4ef,2e-06
12853,train,f18e424765c720aa,9308,508cc9,2e-06
10361,train,050972b3e7dd2ca6,1845,9f10cb,2e-06
6976,train,b847eed4d31892db,10897,6cd992,2e-06
4487,train,b4a5ed32a06de8c7,14375,384859,2e-06
12301,train,7e37152219978662,4434,8ba8db,2e-06
8338,train,22191a3f2d75debf,11176,4011a3,2e-06
1589,train,c158de4bbb3c26d3,1189,331a18,2e-06
8803,train,475d02c2a9e6bde9,13933,0608d3,2e-06
10095,train,85b1ea995d13dc70,12217,2c5258,2e-06
3329,train,d9467e4e4a77de34,3548,f0855b,2e-06
8959,train,593b0a4b4d06c33e,6123,68e293,2e-06
10524,train,918c226ab59de494,13948,4c6617,2e-06
11486,train,cedddc545310c505,8579,644775,2e-06
13108,train,2543e436f596d0d0,7840,1c1c20,2e-06
10450,train,e2abe5a334e09cd3,2561,1ab530,2e-06
2884,train,1d89a12405d8f208,12537,e49c25,2e-06
10360,train,c13f2812269c84db,99,a05591,2e-06
8391,train,54a85d63cc403943,2359,9b5b12,2e-06
6771,train,c22f5800fbb61dfa,5790,6b01e4,2e-06
12718,train,f9173826ffe146c8,11403,1a22a3,2e-06
3089,train,748efb3e63183e85,8238,d78b31,2e-06
29,train,41c793b86bb16fb7,14455,076c58,2e-06
12962,train,24c3510684a7d3db,6023,abcee0,2e-06
2162,train,7e44d56898b5e9c9,7688,f5c3ea,2e-06
9175,train,431a2533239417ec,301,49bdd4,2e-06
8324,train,068f80966a780679,14094,5344cb,2e-06
11129,train,f17ae81fcd782e75,7810,607aca,2e-06
1177,train,3d7e3dc39c02ef8f,431,4b7b32,2e-06
14880,train,62d43af0240ff675,177,c0d84c,2e-06
13095,train,322b6fa634b1519f,3063,bc3087,2e-06
14681,train,78696b112403afcf,12460,60f385,2e-06
48,train,f4cbd8eb9125b7cf,11670,88f7ab,2e-06
10634,train,a1b89570237adfb5,8613,d21e44,2e-06
2266,train,bd1999381f547e31,12628,076886,2e-06
10616,train,9a543aa299a87f8b,13445,ac5f77,2e-06
4420,train,e967abf01980d0be,8783,e91072,2e-06
13833,train,4d49ae05894c9063,5004,fcd6ba,2e-06
1003,train,b173432fa671b19e,11507,88a6a4,2e-06
690,train,4dd4f4fcc8186352,4471,1e6b59,2e-06
12951,train,6267a332bee9092e,584,84c1ca,2e-06
2586,train,66d0718e179bdadc,13675,c8298c,2e-06
7063,train,94f3c94344bf0e1d,9473,fba431,2e-06
7221,train,ba5910a636c4d0c3,8599,911a9d,2e-06
13736,train,d1219916ec517b03,9144,8ec874,2e-06
4274,train,3dc6a12b1a6a1a5b,10934,890e28,2e-06
13281,train,7b0d702b4e4c184f,5335,3e810d,2e-06
8154,train,fdcf18851d87c00c,205,942f44,2e-06
12732,train,3d60dd4529f56537,13015,33141e,2e-06
8714,train,7fd5e0fc00b27475,9693,1f561f,2e-06
2407,train,dbd9a3e1c2449f72,14512,b6aed0,2e-06
13368,train,b465a44e9f77027b,13689,22c58a,2e-06
7395,train,5c9d82a18d50d182,9449,749a96,2e-06
7341,train,8e4a7df1d8bad82e,3380,b393b4,2e-06
7498,train,811f40a18c7489cd,12181,00d453,2e-06
13504,train,e8193bac3227a203,2586,cb01ab,2e-06
3973,train,209fef1926bb5b11,717,67d6c0,2e-06
4484,train,c22f1f665744a440,7290,1eef10,2e-06
11132,train,637254882ffe0dc7,7850,42f862,2e-06
6599,train,21c144a951e792a2,9133,b85b26,2e-06
13783,train,fa539dbac3824f4b,2053,c05731,2e-06
12502,train,6f6b45b84c09e0a9,11078,e4752e,2e-06
8791,train,d20b941d33cf25e8,2005,457feb,2e-06
7696,train,2c3b5b7ffb6826de,11175,71d413,2e-06
11639,train,b02a63783508e8b8,11667,11672c,2e-06
14433,train,2723fd0531d5f813,889,feb80e,2e-06
4987,train,605977b366d0ab9a,13008,912c4b,2e-06
1905,train,4dea2822655c2eb4,3124,0bbabb,2e-06
12456,train,79e3c4682c8a49ac,10642,2d9f51,2e-06
10762,train,1c9ffe6f80042bcb,8211,dc07cd,2e-06
13527,train,49c3fb40b59599bd,11823,e1e6dc,2e-06
3514,train,a68d12c03ec4b6aa,9252,9c4dcc,2e-06
2377,train,d9fb1ea88cf6781a,3207,6ff060,2e-06
3909,train,a2a2596d3dda8130,4294,5d10f1,2e-06
8776,train,3d3627dd48e62092,1430,0c3289,2e-06
13632,train,3031c1a8d36ead79,10158,611c91,2e-06
5990,train,8250f279d043b846,6312,d67435,2e-06
12055,train,236d3fc6b58064a7,2297,c6c95d,2e-06
7476,train,c8802a57c390ae6e,8737,afa5f4,2e-06
14787,train,f0f2ffef436d59a2,1933,e720eb,2e-06
6349,train,c99039a3bdc73f2f,7793,7220af,2e-06
13584,train,507b31d998de9585,3006,ab56df,2e-06
3337,train,c58add9bb8a3881e,2808,36749f,2e-06
13889,train,22509ab3e0c69a01,6149,e37b64,2e-06
304,train,15985396df0afdd1,1437,a53358,2e-06
4989,train,c1fbf7a194ebfe93,1899,155b46,2e-06
7552,train,68853d97c58895b7,3205,299a3e,2e-06
7933,train,80ee2d3da18160dd,13685,63b650,2e-06
13539,train,bfa3efd8eccada3c,6982,645995,2e-06
8571,train,cad22c2a9b250c13,9307,c7c516,2e-06
6126,train,a8b30d09d71746e2,4894,b97050,2e-06
3264,train,bb8db7ee4fb1df16,6368,c5139f,2e-06
10672,train,a31530b89ab3b6bc,6860,5941dc,2e-06
13184,train,b790848497ff0259,8762,10a5ca,2e-06
12833,train,65e3afbbde90dfd3,2333,1712e1,2e-06
248,train,b708f45806b1a37a,10446,2cc4ed,2e-06
10510,train,8568f83f8b187d41,6463,0ae802,2e-06
7196,train,5ba8d628416ea1ed,9788,ebceb0,2e-06
13687,train,8ab33590cd24a986,14248,e79446,2e-06
8572,train,4b89e770ee094d08,10267,3231cc,2e-06
11186,train,7962336347d3fe06,3228,7de24b,2e-06
8876,train,14e66b33b10e5adf,8989,265c88,2e-06
825,train,1d8a8a99d5f22680,9128,541070,2e-06
10859,train,f0b1d479d108aac2,248,fe1774,2e-06
14295,train,26bd5613ec0d79aa,9268,11fa24,2e-06
7895,train,8151aaede2a036a1,10320,e29b6c,2e-06
5171,train,e0a47d9a3f5c40b2,14570,167b9a,2e-06
8475,train,132e25363af5ba0e,7619,8dcf82,2e-06
6191,train,5bc66b0c8aa0be96,6859,a41c28,2e-06
6358,train,3442fdc656eca106,7194,8e1e0b,2e-06
10536,train,8d1c7b5cfbd93904,12073,4e2e23,2e-06
14020,train,591117f48e59c2dc,1425,455ef6,2e-06
6977,train,9d56a9ad15234656,8272,05309e,2e-06
8291,train,85a811ae55404f46,4914,68f6d1,2e-06
4330,train,0363ebaca46af5e1,14337,c45685,2e-06
9816,train,65ef1942d7a08f6b,6596,4ea4dc,2e-06
11440,train,de6f0a7ff0d28eb6,6231,94b697,2e-06
7134,train,423a54b91c102a6a,1286,578f76,2e-06
4417,train,f06a4292e57e52ca,5366,777f95,2e-06
6282,train,1d6adf4e5d059a0c,3281,e426b2,2e-06
5331,train,bdab52a12f440a82,8328,58e8c3,2e-06
14599,train,2c3061080569ada7,4005,e40600,2e-06
8550,train,cb2ec6929ab52f3b,8420,14786c,2e-06
13810,train,d64fa5c0befe55c5,10171,d16d88,2e-06
12632,train,8cc27980e185f197,11779,5884e1,2e-06
14874,train,0177817266b699d6,7653,017f2c,2e-06
1741,train,addd815c943bf1e2,3910,386c73,2e-06
8119,train,90e6fbf0a5f31a80,3686,8ddd88,2e-06
8630,train,440e082b332fc968,2421,afa19f,2e-06
376,train,8dea33d29fa7b781,5656,040148,2e-06
12682,train,f4052b67bcd2873c,13524,65da16,2e-06
13271,train,fb9f0818cbaa21e1,12393,5eb3fc,2e-06
13005,train,cf1afacf31e883fe,6177,b8242d,2e-06
11944,train,ffb577f0a52eed21,2863,a2c5a6,2e-06
3067,train,c6d210086f314bbc,5487,dfd842,2e-06
12298,train,2fcbcd6cefde993c,2805,078269,2e-06
14921,train,a39b956ac65c9122,3037,7c8e8e,2e-06
647,train,a2895de392baee25,10590,e4517e,2e-06
14405,train,0595c5780eed9d86,5686,7c130a,2e-06
14792,train,64a876749e34e06c,7629,4c1465,2e-06
1666,train,2a5bfcf280fee9ca,13593,14afc6,2e-06
10983,train,4d27801497d4492d,9586,9eeba4,2e-06
14214,train,2e0a145f5d828183,5664,165fcf,2e-06
5832,train,02e38e71afa397dc,2486,ed5904,2e-06
12716,train,abd640995e698fe3,3464,855e06,2e-06
12528,train,3ed9357f99799da5,1519,c1cd8c,2e-06
3581,train,3a9d81edc35159aa,12621,beae8a,2e-06
6765,train,9e3df300bb17224f,13040,86d83e,2e-06
2524,train,dd37d9e36ed3504f,13581,b2bd14,2e-06
1030,train,cf5109b9b0f730dd,8668,7825c2,2e-06
7995,train,aa6435f95c65fea4,12890,0320d6,2e-06
8003,train,ebd54098e7bf2dee,4472,46fa5a,2e-06
11627,train,056faea70b613a31,5033,041bfa,2e-06
11587,train,ad0155e4410279a3,12893,cfe0f5,2e-06
2427,train,ab69030e7c9000c3,11795,6c038e,2e-06
12408,train,81ecb69b58db16a9,3188,96af1c,2e-06
14765,train,a4684fb46b7b0713,7272,4fd9dc,2e-06
13829,train,527d9472924c7916,12896,0a86f0,2e-06
14472,train,959212a4c2c7b4ff,5631,ed2873,2e-06
8648,train,20294682636bcaea,4017,8ef593,2e-06
13514,train,6c9cc18744e6cd60,12407,7c36f0,2e-06
12715,train,27f59c625e6eee7c,11912,adc371,3e-06
4536,train,1983792948a1c596,11822,01c37a,3e-06
2373,train,2091f4893cbcb7d7,927,35dce0,3e-06
6715,train,670ea8683ef5c3ab,9571,8df2af,3e-06
2940,train,cf2059477dd4c0c1,5711,987ce6,3e-06
5472,train,ea577ddb51984f61,5955,4b7a9d,3e-06
6461,train,662f6f92502c548e,6117,86309f,3e-06
7113,train,0471dfb7f4ffddd7,5050,bd7787,3e-06
9886,train,be9b0cd0911d84b7,11677,c89436,3e-06
6776,train,3574cda3fbb53e43,14522,490028,3e-06
2512,train,22849b194993504e,1494,6d538a,3e-06
13691,train,cc33cb2d7946fa91,2536,2808f1,3e-06
12628,train,eb6c495a880ec31c,4887,27cdf7,3e-06
7281,train,3a5cd294167cab11,881,a870b8,3e-06
1749,train,6c96ccaba4cf12d6,11873,232ae1,3e-06
10458,train,dea0a7a8aa24474f,2144,57a234,3e-06
4984,train,8eb86c38680dd3e7,4637,aaba7b,3e-06
3111,train,a0b3d8bd6614b7bf,3066,bd7139,3e-06
6298,train,d965e5d80ad81321,12141,a519c1,3e-06
12591,train,af3fa3a946f9adf3,237,eca382,3e-06
12808,train,cf343d98be7e1301,13317,a79ada,3e-06
1102,train,a8cabfa00ac3331d,11266,9642b6,3e-06
1288,train,87eccdcc3fb76104,5393,ea6539,3e-06
1783,train,87f6ef0d14490c5c,5940,e33d6a,3e-06
8680,train,f08386b744d481d2,14362,464455,3e-06
2335,train,c54b69e16bd4cc3e,7364,0a703d,3e-06
7199,train,9195646e0a5943cd,9363,5d473a,3e-06
5529,train,66abcc25515bbc43,10508,faa5a1,3e-06
442,train,7185d57dec8611db,2252,0fd78a,3e-06
78,train,295430700a728ba4,8057,eabfef,3e-06
12652,train,ac704f67140fa1a5,13997,161e1a,3e-06
4161,train,a9878cc55204f752,7911,f4cefd,3e-06
6946,train,65849b0b9e9f8b74,543,d38e5e,3e-06
2217,train,0c3038a186856896,11173,b1a3dc,3e-06
10646,train,372d7f6500fe870c,11110,ed7c81,3e-06
13318,train,7387d026ea3582b1,10477,f6f628,3e-06
7550,train,d9294ec7be31739a,13347,312fcb,3e-06
1911,train,535f3a25aa9caf6d,7338,31c161,3e-06
7484,train,5e971d989620e830,2590,844e41,3e-06
9024,train,20fc2c50cd9b63bd,4991,35a516,3e-06
8069,train,c985274144ab8112,12758,5502db,3e-06
5207,train,e558397577c2f382,9692,018cd3,3e-06
221,train,39818070ac75df25,11033,4b9100,3e-06
7274,train,d1a5e63a221a8c2a,12159,15ff4b,3e-06
12469,train,bfe171df01e9a71b,7930,87cca7,3e-06
10988,train,6f4e96368a8638d4,9574,399805,3e-06
2210,train,d6db8a9f982abce1,5107,18eedb,3e-06
10745,train,35f77864d85c0734,9248,dbb0a5,3e-06
12084,train,4a2527a7a863a6a6,13937,bc682f,3e-06
581,train,a264db907e379762,4088,63d977,3e-06
5324,train,e497d8c4e513f64c,3284,d4b451,3e-06
8520,train,1563804b7d3f3924,4269,f462c1,3e-06
12014,train,b0bc91f9c70d3a46,1669,e202bf,3e-06
1099,train,f94761172c9d859b,9415,6f31c6,3e-06
9005,train,9aa78fb0ac550bda,857,65374a,3e-06
425,train,745c692c2043f7b1,11223,648cd3,3e-06
3964,train,23abe70fff733dc8,8916,829028,3e-06
8850,train,892055cfff3b6a27,11764,714733,3e-06
1906,train,a9ec180a83377340,13048,bb5faf,3e-06
13848,train,8a79cb9b58c2def8,6418,a3325c,3e-06
13656,train,f2fc33afcd87d130,12674,b379c5,3e-06
7409,train,04e6363cf982dcd7,84,960103,3e-06
7893,train,54828ab58244fc9e,9478,2c1809,3e-06
5329,train,9b464c217cccc6d3,154,d8caf7,3e-06
14794,train,d4885634590084b4,2870,623181,3e-06
10551,train,b91271c86fe47ba5,3869,468363,3e-06
5176,train,6c6ddd6a251c4ebb,6592,236260,3e-06
7007,train,2da592bed1ccf7a4,5055,4ef2b8,3e-06
11854,train,6418bc5fc3030ab9,3676,59f11a,3e-06
3835,train,73dba9734459c9b0,2834,4f6f9d,3e-06
5262,train,977356d65ee1af79,5324,41fec8,3e-06
5218,train,d5d6de62e829ee7a,2462,4a0f1c,3e-06
5185,train,0a456c55c23d7832,7339,eb56c9,3e-06
6939,train,edf8962d61733589,12801,c40272,3e-06
11712,train,a0bf1e8e4ec6967b,6563,73d8c5,3e-06
11239,train,63462de087ec6559,2781,4329ad,3e-06
12229,train,99a6c95e7a55cd88,8777,95e1bb,3e-06
8319,train,af3cbadc0021d73f,14509,7f62e5,3e-06
513,train,494101f963340a66,2856,89e152,3e-06
3618,train,7b9ae82c55c75cdd,4744,5c249c,3e-06
4551,train,bedc1164194e743c,1886,2fa13f,3e-06
12228,train,f821752ff1e30078,7846,a89e2b,3e-06
13689,train,58f45bbf158c4f84,5176,af5b72,3e-06
9507,train,acd37d1108308449,2746,858087,3e-06
7305,train,bc220fe3b909c851,10048,1e5c20,3e-06
6038,train,c013e02f3d47581b,4674,2a5ed6,3e-06
13764,train,cab2288b5fdc6a2e,14150,68c4a3,3e-06
2547,train,4a6b90336679ca35,14551,4f3e64,3e-06
9018,train,d031a12cd054d80e,3547,b53006,3e-06
5214,train,7ead92b108b99978,8713,c3961d,3e-06
5576,train,3ae1bedb01b29642,6450,e009cd,3e-06
11237,train,3a51e1f2c0c30571,676,c8f814,3e-06
8955,train,3cc33e376b855caf,1588,9daef8,3e-06
12312,train,c11c9c7e7ad512a5,8385,78fbf3,3e-06
14810,train,0d1fba9f924fcbff,14032,550539,3e-06
10750,train,e2705fd232fbc3b3,14132,bfbd78,3e-06
5290,train,b278ca86ca8c34cb,11221,85913d,3e-06
4705,train,c9cae5a415ec2005,1636,fb4a9e,3e-06
3200,train,e411590935837d6a,9137,04d205,3e-06
11828,train,ba5f27dbb7276139,3406,1ac93e,3e-06
13450,train,dbca82d2a822b5ed,5390,43878e,3e-06
3815,train,54335697afb92b9a,14330,5b2b7c,3e-06
11227,train,c9907d842c3fc060,5173,a4c882,3e-06
11398,train,5beac99991be32ac,11294,9e1175,3e-06
8177,train,b322846e15bf381b,10726,d87eac,3e-06
5508,train,c4e4b45dd26bf7d3,13006,588914,3e-06
2428,train,fb0bcf3edf66e49e,7605,0d2d5b,3e-06
2129,train,4142ac95b5fc9ba3,10756,71fa17,3e-06
3362,train,4d249bbe79a147ce,12007,9ebbb4,3e-06
3364,train,ccfa4c2b99c7f988,3574,708c08,3e-06
13619,train,962d6ff5ce8c058e,3838,b335d9,3e-06
13897,train,ed0b1250064a4b80,4734,72f6d0,3e-06
6748,train,21ce96aab18c9885,1887,550f54,3e-06
4314,train,d417c5ee2ec41849,14011,3cf498,3e-06
4563,train,51ec9447a91f37c3,1546,15a0ce,3e-06
14091,train,6a1afe318982280e,2814,a9dd79,3e-06
206,train,26c19f18589f847b,7552,5f8b01,3e-06
11184,train,e03f8980b44a6cea,5690,bb4016,3e-06
12428,train,efb49c1deb2e924e,11325,bce548,3e-06
3920,train,2b9b92e6f2b5f691,11481,62d152,3e-06
876,train,7ddc952afc2871a0,5493,6e6cea,3e-06
3784,train,07f1ce48ca9080fc,345,79bb52,3e-06
5320,train,3d5ad9297db96a4a,1593,085ef3,3e-06
10077,train,c449bdba5c3b0472,12768,8ddb33,3e-06
3335,train,c861bf5e3dc99799,9047,9ef578,3e-06
13248,train,4f54f345ef6adbde,7731,ea3935,3e-06
10727,train,9f57d27f694c25e7,7880,d3b9ab,3e-06
6102,train,973aa3cf1c507df7,13708,ce6ca5,3e-06
2526,train,6fc08243a0135816,13143,7f2aae,3e-06
4517,train,90f2561bab518bd1,3908,68ae8a,3e-06
936,train,17b1b764851cf49c,7482,33f6d2,3e-06
9450,train,50e3fbed72890a47,4105,29f860,3e-06
8987,train,f01d4ef6cdf64d58,3745,b682ce,3e-06
5089,train,be104cb2ee2818ad,9378,387dcc,3e-06
11085,train,8daad6d02b47b109,5933,d63f38,3e-06
106,train,25dfbf59edf46e72,13589,0442fd,3e-06
11855,train,0663f58748c17295,12184,85d142,3e-06
9836,train,84b406ea66279c0f,13060,899481,3e-06
1019,train,01f91c6c99f4de1b,3861,03caa7,3e-06
8909,train,612a3d2fe58f6b8b,2775,379bb2,3e-06
7193,train,dc9d7079b9c6109a,1207,dd4b86,3e-06
1360,train,b2db24cf0e14d0ff,4932,23d838,3e-06
1706,train,4cad86b2436c9702,139,4d56a4,3e-06
5178,train,508f8d05c8782fa5,12771,8d63bb,3e-06
10053,train,6e0fa719176d18ad,8106,a836b6,3e-06
7562,train,169fdfc3293a18b6,1796,128502,3e-06
2712,train,d090a0dfd8fc719b,8085,e68fc6,3e-06
6657,train,53e151ffbd15b0e4,6938,1b18f1,3e-06
12244,train,54a023f35702a1e1,11073,465590,3e-06
851,train,218d69d8de90620b,8428,b3268a,3e-06
3641,train,860ca891e90ddf8e,10406,6040cf,3e-06
3344,train,a372e727aa463ad0,6763,5ac681,3e-06
8372,train,ade94b07d6bb9062,3804,e82c12,3e-06
6025,train,fd6d92cfddf91983,14394,a629b8,3e-06
3869,train,af466197111715d7,8844,035dbd,3e-06
13724,train,5e7128c7691a3ed9,653,05b7ee,3e-06
13530,train,a1150937df000acb,10323,3d5084,3e-06
10846,train,1ad8398519133079,11610,a10865,3e-06
13701,train,2c43b52b1d89f4fd,11218,248285,3e-06
2933,train,6cd02ea1d266b4d3,12326,33cef1,3e-06
1822,train,db2953148d7c0dba,790,684de9,3e-06
13367,train,da92570704330d64,3661,dfbc2e,3e-06
9284,train,eac20a841342cc21,8359,d491d4,3e-06
1809,train,77a73e68fee72eb7,2387,64f55a,3e-06
5694,train,266e62b2d854969d,8507,9f7ce9,3e-06
11642,train,ce149839c7f943ff,9423,e5e451,3e-06
9391,train,9e445eb520782978,10763,f44a7b,3e-06
7631,train,b7c16e2a09b56efb,559,82bbab,3e-06
8751,train,7795d171304b2df2,14335,ec2d2f,3e-06
3910,train,ca5acced09f66826,1995,7472bb,3e-06
13780,train,ff06c3ff6926f097,12523,de5a14,3e-06
14750,train,ba799f2191f826ae,2845,95e696,3e-06
13662,train,1534a7b417ecbd37,11485,ff9ddc,3e-06
12863,train,23150a4c11b09275,13322,0964de,3e-06
4005,train,ee03648ca991c7ad,4785,00f33f,3e-06
13172,train,db65317156f03759,454,59a664,3e-06
14139,train,0ba11c6e30fec985,9905,0ab3d5,3e-06
8080,train,c5285b42ef8864e9,1790,695fce,3e-06
10119,train,92b258f674c63d3d,9650,e95540,3e-06
12576,train,01a6ae17cddd046e,14192,0c54ff,3e-06
13824,train,0ea4a46d892ae129,10518,83dd40,3e-06
7392,train,1d4c3bce272d456f,2697,b52d10,3e-06
1171,train,34e1491064bcd0a5,12145,75f656,3e-06
11665,train,e92cccf43ff0ed5e,172,60d639,3e-06
180,train,6bd1fcbff42ca83c,5706,d43321,3e-06
11728,train,f84d5f0cfb190251,8298,6a6e67,3e-06
6374,train,bba1f65b661a8dec,6517,6a591e,3e-06
1598,train,32fdca6b2b2f8048,11644,c0df27,3e-06
8750,train,c22332b0769a1934,3621,4203ef,3e-06
3078,train,63f037c08863b194,9495,3f58b0,3e-06
3407,train,6936c2066a8371c6,3290,2d6007,3e-06
12942,train,486c4ebaad07b197,12830,95fe78,3e-06
2319,train,463cc2a6ff11fa9c,11906,3fc225,3e-06
9990,train,56a9ebf060cb3d60,13745,342823,3e-06
6223,train,d1d2579d821708d7,9020,9ca28f,3e-06
1068,train,7e8350787314918c,5199,519c8e,3e-06
4336,train,d065a89d35ff0e2d,2932,fd86be,3e-06
7230,train,67cee862a5624f05,10644,c90292,3e-06
2579,train,6306d367be5f5899,9999,abddc9,3e-06
9334,train,548f27e603157b3b,13942,9188f3,3e-06
4644,train,66dfca3dd8091ada,8831,0fa0cf,3e-06
11290,train,81bfa474073f7ac8,3643,d14196,3e-06
10239,train,36444297ba044588,3640,3071cc,3e-06
8526,train,fa59345b673bd9c5,2659,a6f825,3e-06
1455,train,a8685475be5c3d92,6814,fd5a20,3e-06
1197,train,978c6e8eb913aec3,5982,dec12e,3e-06
9666,train,aa5309d0f41d4ef2,12074,fa826f,3e-06
7463,train,e3535679cf4cc357,8827,25854f,3e-06
7637,train,557f9cdef29cb959,2872,bf9f1a,3e-06
8293,train,f63bd5f69076b9af,3786,c3b271,3e-06
7200,train,d42f96142617b93f,8884,3bec03,3e-06
1199,train,05778efe31f85fa7,13356,99db09,3e-06
9706,train,6854d58c8cf131b5,4884,9e110f,3e-06
6626,train,44dfb73857ead048,8840,7e8feb,3e-06
13130,train,540448a20e89c9d0,3320,6512b5,3e-06
8758,train,8ba8c85fa82bab65,3628,08a422,3e-06
12910,train,2325a8bda28e6f7f,9090,33367c,3e-06
7026,train,8f26c3fd22db7034,1723,9fa26d,3e-06
5020,train,c7233d4a362c5f90,12506,212e03,3e-06
8012,train,a1b9fdb78ea44e20,3827,02a09a,3e-06
641,train,8d4d5bd57c48d5b3,12183,f2dae2,3e-06
4934,train,7a99589c543ded8c,1209,39f588,3e-06
1991,train,dc1fb094149a9367,14081,26ec81,3e-06
12894,train,40d40d522c4e6073,13076,620389,3e-06
10789,train,e418182ca9ffe3b0,11716,db0abe,3e-06
7061,train,78dc5033f1076643,10253,bc51e5,3e-06
167,train,12e10bdaf590c953,11592,6ac118,3e-06
3855,train,1d5c789ef72b9770,12110,1c3341,3e-06
9421,train,723b96450ddc8bce,7189,e5d85a,3e-06
12561,train,ca74b19f4da79fa1,7574,28c182,3e-06
2849,train,27d79626765b3054,7796,623e98,3e-06
8608,train,da73c429baf173d2,3332,a8fcc5,3e-06
13858,train,637af3ff67b9136c,11969,595987,3e-06
13359,train,9663cb126e0a7930,7661,64a79a,3e-06
2535,train,94e6982153bb3375,3157,2a1a4e,3e-06
12817,train,5ef6cbd87bbe0aca,11588,5e2342,3e-06
11056,train,62ab9fb3bed8d6f9,8432,13fd73,3e-06
6085,train,dc98e5b1e5e63dd1,756,b897d7,3e-06
5504,train,5f34ba4f5c1eabe8,2344,5440ec,3e-06
11133,train,cf6187d7a8b59164,4956,62a3d6,3e-06
13041,train,2818cebfd56d9d9e,10419,e43512,3e-06
6460,train,c2fe8cbc882a19fd,3909,80ceb2,3e-06
10496,train,26596a82e695eaf5,7422,985048,3e-06
3667,train,fe85d91559d7d95b,4007,103b72,3e-06
4890,train,629a7cf4139c3fde,5793,a89e51,3e-06
11102,train,35b5c5ef0238c930,5150,531da4,3e-06
8463,train,5c28c080385bb072,11890,58e6c5,3e-06
12556,train,eacabbe41306f9ef,3523,fb2a2c,3e-06
7923,train,3d78efa44f3a9186,13421,0e29eb,3e-06
2094,train,9e58b223ceefe56e,4918,cd7931,3e-06
3467,train,67547623d92263c1,2078,85cbf0,3e-06
3805,train,0e6caf2d03ec7860,9675,4b917a,3e-06
7588,train,41402de0c82ee43c,7550,ee3a68,3e-06
11982,train,37226c1a28f36c15,1369,8d8354,3e-06
2774,train,a33765e6f0aa6bfe,2638,bf8eda,3e-06
3222,train,b5c2ec3be87534d9,1581,1c9f78,3e-06
10372,train,dcbd4bff1536238b,3927,a1108e,3e-06
8678,train,68c2dbe064b62874,7594,bf2797,3e-06
2085,train,789a1ccb433993ec,11258,f94df5,3e-06
9543,train,f75ba4aa99d24a07,289,1eed86,3e-06
14260,train,e2414446304a5c95,5381,00f634,3e-06
5800,train,80fb5bb6170f7315,12345,2bc46e,3e-06
13872,train,f157ff426ca0a3ad,13559,57b450,3e-06
13984,train,154607782036bc57,12473,ac4347,3e-06
3091,train,68117d7743278975,11434,b699a9,3e-06
1032,train,b65dd8db35c7b0c1,4874,7124aa,3e-06
12404,train,76ecb959b085b354,2460,f8f4c6,3e-06
5993,train,0c1579125a82db2e,3050,ab88eb,3e-06
13244,train,f41aa2f8636c96c8,13480,9a7fe6,3e-06
958,train,ff5c1e3e77f2e1f0,5273,fd7467,3e-06
3956,train,17ae42049fb63dc6,9867,d06ab4,3e-06
8243,train,0c8faad21c1f457f,8037,fe4ec3,3e-06
1029,train,5192b0d4aff1cadc,8894,b0e218,3e-06
3178,train,6369483dbe12d366,10152,201b87,3e-06
13246,train,b358e4bd1a77bd70,10092,d00b5a,3e-06
5414,train,e9b7733a6711bfac,12380,30f078,3e-06
5965,train,5ba4069d28c92885,535,717092,3e-06
7000,train,9d4bd509a0c8fc84,8799,32d03c,3e-06
10333,train,473bdc3a0e04347c,12451,724d64,3e-06
12521,train,530db0567eafb714,11254,98aecb,3e-06
12316,train,3c8a7973a0080916,11737,ede2b0,3e-06
7712,train,ecb16a85b612305a,4429,28da55,3e-06
4649,train,fe5345d25178a54b,4382,573fb0,3e-06
10931,train,5824270434d2d514,4496,1b2d64,3e-06
12495,train,1a937b2c205f57f6,12010,020807,3e-06
987,train,3e0c17d2451f6696,11468,e72d1e,3e-06
11232,train,58a00826fd286b2a,5257,611e8e,3e-06
4957,train,cae09595cab02d93,10188,a2c394,3e-06
11356,train,83fefe6ccdf1adfa,4032,348387,3e-06
10258,train,9eacf013c61c36b8,956,a4e3cb,3e-06
8189,train,86ad0f68691cc8c5,17,d17af3,3e-06
4121,train,fa4c3aff1f79d1b4,11361,ccdb4b,3e-06
1044,train,e2dba4d49b4aeec8,6508,3c76df,3e-06
996,train,bb401cff938c824f,2117,98dd50,3e-06
9835,train,52a704a05862666d,32,378f40,3e-06
1312,train,600063334b688ab5,686,b5bccb,3e-06
10195,train,0bc67cb26be1247a,10761,786340,3e-06
6283,train,a54573e89c3d814a,13957,676e0b,3e-06
12929,train,2ada5cf78c7db618,8701,5c3dd8,3e-06
3589,train,f5c648661a44e415,11628,ffd447,3e-06
114,train,c8c706c00c20a0d8,2208,200280,3e-06
14655,train,bfd74a177c2d7d95,3230,3c7097,3e-06
5083,train,19789dc5fc6e457f,3160,5cea81,3e-06
12952,train,48c60c79a2f1907b,12617,b99ccb,3e-06
14829,train,f4827e75576ee4d2,12291,9dc2a0,3e-06
693,train,901045c639208d37,6928,3ade5c,3e-06
4499,train,3a8bdd4a2dda3221,2541,2779ac,3e-06
5590,train,35ba435a392a7710,12741,706243,3e-06
11660,train,7c5053c513c9cf02,12810,a3c45e,3e-06
8482,train,ce8c8f9fcbf3027f,12361,d453e9,3e-06
14803,train,eb1bdf785794c314,7320,d33cc1,3e-06
10355,train,58438ba00ff7b572,5939,7ac511,3e-06
9468,train,f69124c08ffeeb9f,11575,8ac949,3e-06
6026,train,7aaa58dc5a741955,13742,eb8914,3e-06
14226,train,1f5d9ee9b8509217,14275,6622b6,3e-06
6937,train,18a91e59013e1060,10511,32a208,3e-06
5567,train,a80186858998fe05,10747,e33cba,3e-06
14725,train,c92e41437b91aba0,2431,49511e,3e-06
8982,train,dc85f133a5e9890d,8422,6bd3b3,3e-06
6107,train,4ffa54a7270816af,1743,8bae31,3e-06
5084,train,a814b719f5c672c1,7599,48c515,3e-06
11319,train,7ac35983720a85d0,7351,aeca0d,3e-06
9032,train,3f0c17304c1dc621,14449,25682f,3e-06
6903,train,0652dc47cf635d2b,13217,7de859,3e-06
6588,train,8c3640b3dccae6f8,2783,364cff,3e-06
4340,train,bf8511eee224cece,8876,7a106b,3e-06
495,train,b38edefa5504cc17,6169,a8a572,3e-06
2918,train,6dd2e34ce27f6241,13137,0fa64d,3e-06
13518,train,8b881d9ea557544d,13950,4aaff6,3e-06
6284,train,d3ed5aef86626b19,3059,f4c268,3e-06
11207,train,bd57014fca63d875,1042,8e70c5,3e-06
10979,train,4e6c464887ee9ec5,10016,c53187,3e-06
8162,train,72fb63e6b53d656a,6073,43acc7,3e-06
14413,train,ecc00e305a5b153c,8717,fe8f77,3e-06
4719,train,48ba3a739e2c94b0,8227,4d495b,3e-06
6845,train,5e44c54aa51b3be8,13897,f88727,3e-06
3982,train,a327b849b3d14ed3,7193,89d9be,3e-06
1008,train,e3158a8d2f5bf198,14108,2b3f9c,3e-06
1487,train,c325fcc455d48f50,10266,f80489,3e-06
9261,train,2bfca7314eef23a0,8806,c34f8d,3e-06
9127,train,7efe6f5fd4209e81,13094,f0d7a7,3e-06
8414,train,5fe54cde756662d4,13198,2d5627,3e-06
9180,train,49480d7c61f5e3ef,7602,0f815e,3e-06
6064,train,1266cb5eab8af44a,4652,37ba65,3e-06
12186,train,c40cc7f4209667a7,2695,27bc80,3e-06
8686,train,b0984ad1c33fefa0,10580,766342,3e-06
2567,train,d564f74c9d0fa795,5012,9f8aa8,3e-06
14215,train,d1e30cbca98e9e45,12191,942022,3e-06
5158,train,8e191d325b8348b3,13105,078027,3e-06
13118,train,29058f465ed970c2,11864,838249,3e-06
332,train,8479526f8b0de753,7256,da3da9,3e-06
1143,train,1dda7673d06eb67a,7728,97b7a5,3e-06
4949,train,b65e8a4b246ef1cb,13534,5e555b,3e-06
13191,train,428768cb62ce1d48,4738,ffbf32,3e-06
5685,train,05a95c79ee64ec6a,2115,d3d460,3e-06
567,train,678691d2c2ef2085,10261,22cdc4,3e-06
6944,train,462ed9a85e014e27,12515,51853c,3e-06
12702,train,2ded13e926f72d2c,13619,e8e283,3e-06
458,train,e4f4429702e29f71,6521,4fbbf8,3e-06
13356,train,8997f1f10f5c5991,10279,cfb73e,3e-06
152,train,654a9a0999e7517e,6388,0f631b,3e-06
6506,train,0984dc06d5d62046,6050,9b980c,3e-06
1789,train,9293f031a51a692e,5118,6dae30,3e-06
11608,train,5be0c31db9abbbdd,2994,4e6734,3e-06
11292,train,03eb3b7779c5c9a6,3208,614c34,3e-06
14715,train,f2a860cc584a725a,7735,6a3e4e,3e-06
1281,train,e450745e1d6752bd,2153,bcad8f,3e-06
288,train,3d318e8e6a61e051,45,c11fdb,3e-06
10311,train,f0fd839f1974e835,4196,8da0e3,3e-06
5514,train,7851e4b72dec9bdf,12821,4bd628,3e-06
1604,train,9e31bc7f4231f9b1,5395,823805,3e-06
14086,train,da0a94f052ed2bc3,1001,9db024,3e-06
350,train,5e2673579d82dbce,9722,ef3a3f,3e-06
13796,train,63dbbaf1fa03dc97,2688,c65f1e,3e-06
12932,train,47d614d7f71c099a,4514,2974d7,3e-06
12374,train,c2847e9ade344ed4,877,dce4d1,3e-06
16,train,45f56757f943d5e2,294,805cd9,3e-06
8004,train,71d8a5b0bebdcb2e,13318,939785,3e-06
4377,train,ad699acde9f1c368,469,95c185,3e-06
4955,train,44d7c55fa20f715f,4772,09eff4,3e-06
10128,train,9eb2b15851f33585,8241,219fe3,3e-06
14676,train,8545d5294cbaec11,7425,933ad9,3e-06
9667,train,efb13da37d3024b9,4713,303a95,3e-06
11532,train,8e38d66ed6bf811e,1442,992843,3e-06
4345,train,f277bc1ce723649c,7923,f2e43c,3e-06
10481,train,4076333cf41c9af9,480,22e0bf,3e-06
5713,train,96bfa323c10c499f,9555,86c854,3e-06
10140,train,f1275206c561288e,1960,a3de26,3e-06
9500,train,708b1a65ee5f473d,9009,6e4378,3e-06
10327,train,4a45e3256d68428b,4250,39890f,3e-06
11068,train,d7cb0bff2f19439c,13409,a92113,3e-06
1290,train,32d9c46e442f78c4,13276,cbd501,3e-06
12904,train,bbc21b80c863f4fc,9138,424b2d,3e-06
1252,train,e5bdd485bffb42c9,12457,1b83cb,3e-06
4791,train,06012d3c35deb169,12265,eec53e,3e-06
8800,train,d09f816782ccc200,4763,098a37,3e-06
12856,train,4c1dd5e75ea34125,12861,d638da,3e-06
6278,train,cd6e0df3bef892a3,6030,e19129,3e-06
11572,train,d18a3998eab64d2f,3272,90fa63,3e-06
11473,train,5abc8ee9e4e57683,4870,0a1cbd,3e-06
3686,train,794a9184cb5f7d26,5564,c94c67,3e-06
9530,train,5cdefd98247fba48,13004,8eb565,3e-06
9913,train,87122a1e315d9e25,2628,ac064c,3e-06
8413,train,d73b0bafaa320b54,3654,f9bebf,3e-06
6201,train,731eecea0af896c9,2160,be28d9,3e-06
12846,train,5cebf23551c86697,14338,ff040a,3e-06
13378,train,07a45842698a56ef,9545,9c684c,3e-06
3907,train,e80dbea005c9616f,3532,db1fa0,3e-06
5780,train,3910828a3ff2f445,1039,33231d,3e-06
10134,train,0039d6885fc00d96,4143,3ab7c5,3e-06
14664,train,45139844f3c8fe0a,12150,d0c962,3e-06
13633,train,12b67319886e24a3,909,84785d,3e-06
1909,train,8d8d895857734340,3519,dd2798,3e-06
9463,train,62be3532539dc031,6190,6bd7e1,3e-06
2799,train,e560470ab715507d,8216,a3d020,3e-06
6497,train,1daeb1d085dcb7f1,5322,3cf687,3e-06
4016,train,ae7ae7cbc7254636,13502,62532c,3e-06
10855,train,be259caf08f03557,6809,e4a55a,3e-06
8925,train,87bee1f8a70dce2f,7610,ac8065,3e-06
9321,train,b8494d2c76994be8,3527,1225ab,3e-06
14771,train,8d82c4c2478e4c9b,7723,155dbe,3e-06
7030,train,4582822bb5bcbbff,12634,4646c3,3e-06
6408,train,146f63743ad74bad,10587,fa09cc,3e-06
1467,train,b188157c8c41fba3,3708,088b3c,3e-06
14347,train,13a44b1e6a917a52,7572,924f97,3e-06
9610,train,d977c6b3c6b60b35,300,874149,3e-06
13791,train,6234f40804a369c1,8858,982dc7,3e-06
5547,train,c6d2e1a46777ed81,13079,96f4f7,3e-06
11545,train,718bc7532d929e9c,5641,118278,3e-06
5783,train,7571c9517ca0bb28,10582,667507,3e-06
7739,train,8aecbb1aa02ae36c,8657,318715,3e-06
11840,train,038737f59f8455ce,5699,73e249,3e-06
8913,train,f96cc77b5a9c1d34,5952,6378c1,3e-06
409,train,da695144c8333224,3566,0e41a2,3e-06
12909,train,336303185a6b4591,7269,5ef68d,3e-06
9634,train,8f50fdf99284230a,10347,29a60c,3e-06
5543,train,19a2429c73397b1f,7953,ae6cec,3e-06
7770,train,0cb97fb071fe0411,11828,48e3d3,3e-06
9206,train,3bdf91d5f813787f,1992,92a358,3e-06
1438,train,b6b2938c825b4553,13647,8ce7df,3e-06
6080,train,70fae406d01601e4,651,294d24,3e-06
9845,train,16154e054b634fb7,15,bf8edf,3e-06
6900,train,1c88ace367f35709,14060,c63259,3e-06
11921,train,a92f0173dc8e5bd1,9269,747b1c,3e-06
3655,train,5cbd44c903af70c0,5896,994764,3e-06
2816,train,744c1958389707db,12105,37ee5d,3e-06
14806,train,68e69a98205e85d9,6082,03b24b,3e-06
240,train,e1bfd0b26bd73ef2,2958,d507c0,3e-06
9493,train,f10dbf765f24fb34,3191,8a71c4,3e-06
14608,train,36009b81d4035161,12387,a771b4,3e-06
9149,train,1233cf1a88adad10,8101,8b2788,3e-06
4546,train,33f50a12ff5b0730,8942,72ca6e,3e-06
3160,train,d7490ce3659f3598,13839,e04fc3,3e-06
6674,train,de866fe135aa0f91,2104,734eba,3e-06
14236,train,11bcc308fd7df41c,9926,d2f23b,3e-06
7545,train,9971aa1419d62baf,7759,22f396,3e-06
4994,train,50561bd0fce03ce5,4871,cca5a9,3e-06
9978,train,df8cd3d3f49f5ee4,5048,d9cc58,3e-06
8942,train,20486731c4a3c399,14321,438f0f,3e-06
7262,train,7b33f890fd34b369,6047,0732b8,3e-06
7139,train,b970e9d0366fc29a,9310,a889a6,3e-06
3040,train,30d5f93c5e6f9043,9245,75776b,3e-06
9591,train,63957adaab557478,7457,09cf05,3e-06
453,train,25e0e308d354aa22,860,8baca7,3e-06
4568,train,75b7de0541a4a243,4501,07f6b2,3e-06
4185,train,9f6d20aebaf3972e,7177,213233,3e-06
1798,train,0525bf997e50dc6d,14452,c1c1a9,3e-06
1151,train,a2f8808e8ca2c78c,8004,0569df,3e-06
4306,train,22440041a54789db,2575,6ebec7,3e-06
5225,train,9ec3123493cdd87b,6109,9b362f,3e-06
13425,train,7dfd14cec221af82,3418,9fc601,3e-06
13894,train,d3a4e45a6440cd13,498,f16ba3,3e-06
2234,train,e7f2cb38242012fe,10388,2e7195,3e-06
170,train,9618622b62dfa1c7,12957,bf41e4,3e-06
10487,train,8075a83e58cbcb79,14383,bd80a6,3e-06
1695,train,1e962337e900739e,10408,7d5486,3e-06
4062,train,0ef560ef4d36521e,1197,523ab4,3e-06
669,train,f2e284469f6b704f,569,dd8777,3e-06
10523,train,ad234b58c4d09540,10497,051941,3e-06
13099,train,d9d89a3e1750f893,3275,e5ad3c,3e-06
392,train,bacd727009cb402d,13059,9ade69,3e-06
406,train,bbd8c325da4b96d3,4377,6b20c0,3e-06
10255,train,b82630efa62b0afb,3072,aa1e73,3e-06
797,train,030f9a943f0f5228,7462,21afb7,3e-06
2519,train,e8b14ea5cde80b53,5239,ec57e5,3e-06
3972,train,635d4b4eca446327,11346,cfdea7,3e-06
2418,train,218d5138d9db13f2,3021,63fa70,3e-06
2036,train,4841506f0e754481,12447,36ab47,3e-06
9092,train,aa6173cfd4108cbb,5822,501789,3e-06
1043,train,4e3a8d1191a103b2,3256,8c2b54,3e-06
765,train,b4a3c1168bb35b09,8075,641bc9,3e-06
6701,train,1dd8bb60a4599086,1373,6221eb,3e-06
1680,train,0ccee85bd6ec7848,10077,38f4fc,3e-06
12772,train,e26787b4b413efbb,8112,31ce07,3e-06
10828,train,9290e81b4a151e93,3387,b00c07,3e-06
501,train,2a59e3a738fb5fd1,8793,f9988f,3e-06
1855,train,79d9b808340db96e,3282,6a60ae,3e-06
6675,train,2e114d287121a4cc,9848,267f8f,3e-06
9606,train,2bb7da9204d25cef,143,16ab24,3e-06
14898,train,66fcbfed8e42cd48,7404,cf8f5b,3e-06
14123,train,7e526fb5a532c033,2266,53b814,3e-06
984,train,0fb889e4536077d5,4100,75d13a,3e-06
6486,train,1330e3323a768b91,6262,773872,3e-06
12330,train,2ab5ebdcc39aefb9,7217,d8ec4b,3e-06
9480,train,6cb04a1447a43eb1,13606,e4ef4d,3e-06
3547,train,2ccc7ad2ab4e5d8d,7549,2a9ceb,3e-06
7130,train,19a66476a13dd02c,9281,ed3ee1,3e-06
12537,train,69aec6442f832ff3,14503,139084,3e-06
4167,train,1ca336d3efffa0f8,9000,e9c9a1,3e-06
2882,train,c393904a86037b8d,12060,a397c7,3e-06
1893,train,016e1c7b86e1a165,7511,7bc0f8,3e-06
4033,train,3fc77f314b598719,11518,47a3bf,3e-06
6647,train,dca0e685d86c798c,2772,13a01a,3e-06
7828,train,38529675e5533ce5,4773,d44642,3e-06
6472,train,a4b3335304501a78,8373,38abc9,3e-06
9868,train,2415df45026d5f18,815,1c871a,3e-06
13177,train,d684c14ca6d68aec,11598,2dd9d3,3e-06
11576,train,1202446ce2d2c70a,7375,dee033,3e-06
2270,train,7cd61ab96bc6c044,4931,d54027,3e-06
10396,train,4d60d191319c4122,3615,b5f28b,3e-06
10703,train,772f54622e4da1d7,2652,4f3c88,3e-06
10738,train,b199e226f8af16fb,14293,4d48f4,3e-06
13411,train,e0b368d600d23668,3274,2ca66b,3e-06
13442,train,62cb82407ab9c66d,2466,4451fe,3e-06
86,train,d30e512e2e91d674,8457,56b827,3e-06
14439,train,a0506eef3ad7ce0a,4210,47cdc4,3e-06
7707,train,9994989f1646a129,6405,c617d9,3e-06
8228,train,54a25f834181078f,9929,6b86eb,3e-06
5377,train,d170492d28a41d7f,13083,c4a19d,3e-06
6254,train,222fd5de53bd5d00,2130,808bc3,3e-06
7015,train,d5f7d19170ff538c,5976,00c4f6,3e-06
10348,train,6e8b744b6d897d54,8703,172be4,3e-06
6035,train,2f70e71d29f8166d,6186,b8abd9,3e-06
5204,train,a5d80c03202999bb,3306,54cfad,3e-06
8770,train,37a638941712127a,12713,9a88c7,3e-06
3261,train,149fc7e135e2fa70,7307,6d1eb5,3e-06
2787,train,dc014573539f67a0,1155,a38d33,3e-06
11779,train,016612b0ffebbb5e,1642,e3c40e,3e-06
9038,train,cc5bb6698b898ec6,5613,a5aaf4,3e-06
6611,train,44296c9a1c83dad2,11870,64b73a,3e-06
3861,train,887c88ed26921244,8440,8fdf58,3e-06
7430,train,66394842448db311,11908,4c50fd,3e-06
10519,train,75a205fbd9106071,14240,90f5f6,3e-06
9977,train,cfbe0c01e10a906b,7591,ee3ecc,3e-06
1733,train,9f0b1785f315f19a,3739,647b7b,3e-06
7161,train,1ae9dc30d865847f,5255,dd1479,3e-06
844,train,dea603ba89b06169,6343,0e3657,3e-06
7294,train,2403ea54319bf105,9271,4c635a,3e-06
13221,train,48100a95c0fb2385,10278,c91248,3e-06
11752,train,f9fdcf621e5271b1,13748,9e1399,3e-06
9135,train,210042ef4a56c76b,13392,3cd118,3e-06
14216,train,8fff039138096354,12486,22c4ef,3e-06
14913,train,f5a252e5710e2541,3297,3136cc,3e-06
12239,train,723723872beaf891,2557,c02dfe,3e-06
5319,train,3de2d5bb3119be73,8933,fe3ba0,3e-06
5283,train,661dff1080715fd9,10317,4fb96e,3e-06
1501,train,4c6334c51f2095da,12342,5c76aa,3e-06
3192,train,cd528e44edb0a7ea,6715,1dcdef,3e-06
829,train,4f84600338484b7a,11443,d5dc4a,3e-06
2046,train,64a1337d6832a4bb,12002,5144b1,3e-06
5836,train,22ba11ebc698313c,6968,f0d80e,3e-06
7129,train,d7476d479e251c82,12527,c3486a,3e-06
13721,train,3ef1c0da094afbc3,13944,61e1a7,3e-06
10086,train,28a9eef4783e9cd2,1584,086ab3,3e-06
111,train,a90fba425e394ce6,6782,81a20d,3e-06
625,train,1a080ab06d210745,14523,348505,3e-06
1012,train,ff4fb105204ceb88,2751,e9134e,3e-06
13742,train,3ae6fb5505df8a79,6303,451608,3e-06
5560,train,86e5527afa72b4bb,2913,6ede75,3e-06
7822,train,b55af4f550756f9f,2954,fb53a5,3e-06
11095,train,8bdcfe01c1a9076f,8731,6679d4,3e-06
12705,train,a86091153aa1aec1,9797,728e8c,3e-06
9826,train,8215136aa224eda0,11741,99946a,3e-06
2284,train,e4fbce9f60d84f9c,12104,5a0c42,3e-06
4029,train,b10e1ee5e81f302b,12017,6e3fff,3e-06
229,train,557c0ed0c40859fa,4281,4a8147,3e-06
4873,train,db5a23a159b0f758,14464,a844fd,3e-06
12626,train,8e4396cdbe385774,4673,e75f6c,3e-06
10156,train,f7e543656ee65e69,9731,450521,3e-06
12915,train,dfe75dbedf1ad34c,3411,53d7c5,3e-06
5839,train,c360fcf32a6d4816,3211,5bd3c8,3e-06
4802,train,a61bf2f73e56b4ed,6391,8344ec,3e-06
4189,train,f45c742c90f2a4f9,371,0b0218,3e-06
3002,train,2814da949ccb42c1,4168,d01301,3e-06
11201,train,4e438d7af0a5724b,9315,5180be,3e-06
12359,train,0f61422fcc437dde,8419,b71b73,3e-06
340,train,46762b16ebc6b444,11503,6614aa,3e-06
5173,train,9b516b825da2f1f0,12203,1a2838,3e-06
2504,train,ec3eb409e15481ee,13837,2aa285,3e-06
12891,train,02cf67ed68bfcce0,14565,6bd80e,3e-06
6188,train,215a317a03d75da5,7182,1634ba,3e-06
1716,train,a4cd72fc14b89181,8888,422188,3e-06
186,train,8086a7d0ea815af3,5338,32d300,3e-06
13880,train,0769bda8f611a266,7377,6efb40,3e-06
10645,train,e1c7667c46f8af17,7166,ec261e,3e-06
9457,train,7e552752e30bbc3e,13657,8e8303,3e-06
10414,train,27439f0ee81208de,12956,10c5f4,3e-06
6515,train,b2bf9718b77ef4ce,10352,1d2d00,3e-06
4907,train,23756ce1e52e586f,1930,ac7947,3e-06
13621,train,31bce674c45ffb46,12756,cb3369,3e-06
10811,train,8e13b9a614af1bb3,98,6f4938,3e-06
7605,train,4b50d7247f535017,3777,da9f1a,3e-06
14845,train,49f7256d1e08bc58,203,2bf272,3e-06
14414,train,0c84e4e89a8be9a7,2583,3090b0,3e-06
14686,train,a054c8b20b432ce4,2385,ddbdfb,3e-06
642,train,8c7b736ccee7bab8,13,9a3216,3e-06
4844,train,05908fad3e33da14,3997,84f0fb,3e-06
9033,train,370d891a640701aa,5579,0aeebc,3e-06
9465,train,880bb8ea8205d546,4556,56141e,3e-06
5768,train,97c9d1edc2b76c70,12266,ef32bb,3e-06
10107,train,d5ee87087cc2c802,1846,b9e6cb,3e-06
11341,train,c63bf9fee57fa7c8,3479,2b3d0a,3e-06
4325,train,d03aeba44befe056,3295,d764bd,3e-06
6614,train,a41cad927daf2846,11160,9f15fc,3e-06
12920,train,769937ac7f5a2082,7738,4ba463,3e-06
914,train,ee4501ef65c5e075,13533,e9f8d6,3e-06
12779,train,d06a10f867cf9f9a,6929,e5e76d,3e-06
14026,train,8773d52025b8acaa,4909,ce7f8c,3e-06
10032,train,43757d6e2143d8c6,13904,8f317b,3e-06
6210,train,f33499490cdb5c14,8226,7b4747,3e-06
4004,train,1f5dfd636256d501,6048,0e08b5,3e-06
6865,train,99de946cbe532816,2154,fb92a4,3e-06
7882,train,c583189ab261892b,14460,856406,3e-06
5632,train,72f2cd739326f09f,5208,12d366,3e-06
9159,train,2c4a2de305e5d9aa,2212,8e2dac,3e-06
3999,train,f780137151957c09,5494,3a8997,3e-06
1472,train,05961e7f7bf9f611,9998,b3083b,3e-06
4565,train,9b2e82f436b1bf9a,5934,e837c0,3e-06
12112,train,a72cd32c61cd9cc8,7134,b962c4,3e-06
6189,train,310fa0ae7a1f8179,11963,9720ba,3e-06
5356,train,8ecb2e8ab7b9e325,851,6ba2c4,3e-06
4275,train,38fd68738fa37fe3,5014,dad871,3e-06
11575,train,9d769e37136d27d3,11488,21ccf6,3e-06
8120,train,afd1c3a7d89418f9,8094,a10590,3e-06
1506,train,e7c7f72b7b7a4c71,4284,98d7f2,3e-06
2096,train,0866483a9f016ee3,11770,bc6e62,3e-06
656,train,f8d605a1fd7d1000,11284,83a5ac,3e-06
12424,train,3c3a1035878717da,6758,bcbd2f,3e-06
10885,train,2f3872077fa60539,9894,0774b6,3e-06
14900,train,1f1bc02ae4ab8a29,5287,35856e,3e-06
8601,train,0b0cd7c578820c5b,6911,e66888,3e-06
11240,train,77609c7bff46994e,13378,b9e57e,3e-06
10729,train,e202cb21153436cc,14149,ac48bc,3e-06
13132,train,8fde8abb68508603,9794,cebd7b,3e-06
11435,train,c1ebd9594981c408,11508,2eaa65,3e-06
4369,train,f37837221985d010,12258,4b3d39,3e-06
3095,train,ff46d49270c11b24,5185,9f1127,3e-06
9782,train,2eba84f7e89c7b4e,6716,57824c,3e-06
1006,train,9913f528afa53743,2459,638d35,3e-06
123,train,8afce611c14c0296,1186,c389de,3e-06
12843,train,ff9d17fa6115ae06,8077,4d3eae,3e-06
1137,train,113bf41a2cf89849,2629,5d70cf,3e-06
282,train,73684a9a751bfa09,242,6ed380,3e-06
7303,train,474c89fd7e0107b9,11991,ac99a8,3e-06
5186,train,5ecc3330abfc9547,10898,5977c0,3e-06
751,train,f83e90680f501380,2120,e8af30,3e-06
4615,train,caf03d6064527f8f,1761,68dc48,3e-06
3135,train,f7715a73f7da58f2,11776,8c5f52,3e-06
1141,train,ec22ff0472f2697a,8435,208d32,3e-06
1056,train,7043da59471d33a6,14387,cb88dd,3e-06
4193,train,e4c1c7ca7c212b9d,3163,46eaff,3e-06
14801,train,3efbdf95e203125e,2930,2288cf,3e-06
11638,train,2c0882f38e77b0d3,11368,4b40de,3e-06
3346,train,8d19bc8bd2332769,10589,537124,3e-06
12847,train,8a58a91b0e5baeb4,5079,95de2e,3e-06
7629,train,8037b855d61ab344,6723,83964d,3e-06
8691,train,9dc0dc4d886ee7ca,5972,f8436e,3e-06
10571,train,6195a926e9859b12,14200,23732c,3e-06
14248,train,522750b54d22518e,7467,812335,3e-06
4764,train,0724104f89fe8250,3639,ef11fa,3e-06
6667,train,9f1f0872a8476682,11462,77f104,3e-06
9277,train,92d7657836a59818,6302,1b5538,3e-06
12147,train,1aaf83fd16fe4d86,5327,dee5ce,3e-06
10106,train,d724c52aa56949e3,9450,64fe9d,3e-06
10444,train,069de04018b4fc62,8515,d45cf0,3e-06
8407,train,81648125dd96c42f,4131,fe6a23,3e-06
4583,train,4bcf87d48516b70f,2979,ea865f,3e-06
2263,train,b1c70035ada580d3,5577,4b76b8,3e-06
13941,train,437972c06b811dcc,9993,44d5f1,3e-06
2197,train,22874d96f783116a,10118,321869,3e-06
12387,train,2afc0ca6e393893e,11446,677318,3e-06
6177,train,53667afcad21a2c9,3709,5d6558,3e-06
4757,train,24a9552c19d76a34,8848,9e7ede,3e-06
10701,train,d4f062def877a073,586,95d6c2,3e-06
14408,train,1e01cd80b6ce57ed,3296,d62c52,3e-06
8086,train,28cfa4baa3e46266,4814,50d95e,3e-06
752,train,df7a33f0bcceb13b,5960,12af2e,3e-06
2931,train,2ae1be93a4a99fb6,10140,4add31,3e-06
14195,train,813750c2e39fc291,1660,0d0dd5,3e-06
11769,train,e56ebdfb41791d12,12608,d083fc,3e-06
12989,train,eef46fb6def699e3,380,22f2f3,3e-06
2682,train,a5e21a03071d7099,3529,e2cb8a,3e-06
13111,train,fcaba9fe35bd5ec8,11375,c8a19f,3e-06
10161,train,cce2fa0813f5ca68,1370,b6e145,3e-06
4788,train,ed6966866a32693c,13940,534b67,3e-06
10928,train,7f49914f4b68b11f,11767,2bf55f,3e-06
1811,train,8d4bc93550854087,7160,fbcba6,3e-06
9151,train,ec396430cafd784e,9792,5f7196,3e-06
11924,train,656ab8c35f9fc686,8200,432dff,3e-06
7227,train,a4f2696c469351fa,4347,663efc,3e-06
4686,train,f11cc48707eb43b2,12190,6d1871,3e-06
3877,train,bf790fec2eb49590,10563,6bf8fa,3e-06
13348,train,8da0cb9a375c2195,11522,83d80d,3e-06
10951,train,3a9e04e79670025e,10606,6984af,3e-06
14839,train,fb9fa8f051aee96b,1470,09054f,3e-06
4278,train,9ac7575b17992214,503,b8c9fd,3e-06
4634,train,162149b6a1135ea9,12940,480687,3e-06
9571,train,bb2763d8acc2c829,3713,7bc0fd,3e-06
11497,train,fafe024ae22bdce5,777,2305bc,3e-06
90,train,c8b01f7feeb16158,14527,21a89a,3e-06
13037,train,32655d6118d90ee8,1013,79402c,3e-06
2886,train,b9b0297ba33fce71,13272,ca68d5,3e-06
2710,train,80c559ccc9aa04b4,2501,41a8a9,3e-06
6872,train,b08bba59ed2c984b,4432,c9945d,3e-06
6610,train,6c8d83b205344e6e,10924,3c7188,3e-06
6769,train,172da7f5167ed89b,12425,fe964c,3e-06
9019,train,a7854b91b2da685f,3246,fd9099,3e-06
2967,train,ad0a63f7388297cf,720,ce59ff,3e-06
6688,train,aa7c76661f75c45f,218,61146f,3e-06
9329,train,fa01dff1cfb11a37,1504,c1b287,3e-06
2052,train,eb4f4cb1fdc57fb4,9117,008248,3e-06
7837,train,f6099f1b65febeba,10954,6c859e,3e-06
11495,train,28d20bee61a9f3dd,3922,3e8d9d,3e-06
11954,train,7dba3a6087882b22,6823,4b1916,3e-06
13051,train,d5b7353be4dbe6db,5044,ff183a,3e-06
7962,train,5fcbad5f2eaeba83,4834,ee6b91,3e-06
12276,train,a199c1fa259261e2,2422,f5147c,3e-06
27,train,5bd760766805bdc9,2181,85310f,3e-06
204,train,d0897eb903a1dc0d,14546,f1997a,3e-06
3252,train,9fdd6793f7933331,14470,474ab4,3e-06
13199,train,daa862dcd4c88bd7,7772,c7a0d5,3e-06
10576,train,581bb2f7b3e50fd2,9697,066ab4,3e-06
994,train,9a29550ce8f4f9da,12877,5f93ef,3e-06
3194,train,1d24b88495e50bf8,14175,d24a06,3e-06
7914,train,28c5ab9721150e3e,1666,c984fd,3e-06
11535,train,2b8b7f988801592e,12098,2196c8,3e-06
1646,train,b0ccee92ca81d20d,4891,63cd09,3e-06
7255,train,31eee2b3c15e6722,487,65fa98,3e-06
6222,train,d647c8775a0088a8,8119,c46d6c,3e-06
895,train,819a313a3ccf8a3d,5220,614f72,3e-06
13008,train,889c3681d5df977b,12568,55bae6,3e-06
12002,train,4d2212d8d82a42fa,4854,2e2280,3e-06
7402,train,3e988b16abe5ba92,5798,7d00f8,3e-06
6120,train,29f158a175af9a21,8468,c4115e,3e-06
9236,train,782144f8d58d120a,8290,01452c,3e-06
6093,train,a3914e415f44a23a,14513,8d2539,3e-06
6888,train,8eaca43a6ab65fc4,10100,445445,3e-06
13807,train,9c6a780b6b08ed0a,7949,1c0b5b,3e-06
950,train,b9f147567cec32d4,6583,02b454,3e-06
12916,train,1db1eb463230f09d,12860,4d9d78,3e-06
2584,train,2b764e91d9d56b37,7367,59c403,3e-06
9721,train,806596cba31274d0,9234,84da62,3e-06
3953,train,0c3201225c1f0dda,8757,972370,3e-06
1236,train,40d74641cb082121,3143,e0eb7e,3e-06
8011,train,87233ebefb66a5ab,3556,befdd9,3e-06
11174,train,04d91e255da2f858,11727,dc5df3,3e-06
13237,train,2f7a7256a5c6c07b,7908,6067a3,3e-06
498,train,4472650de444ce6a,6622,db8676,3e-06
14401,train,0fe1f86643ef61f9,13796,824552,3e-06
14493,train,cd9d5f5e9fc5b28a,3534,04c4e8,3e-06
12734,train,b148d9402a7eaddc,1613,79e641,3e-06
9818,train,d94174a9d6caf33a,3957,4734a0,3e-06
1136,train,141163f579cda466,14121,08ef13,3e-06
4880,train,b9dd0e61e5f0c06a,12166,d50392,3e-06
14524,train,1060c5f3e8f56c72,10451,4f3241,3e-06
13294,train,f16f9456023442b7,5059,aca4c3,3e-06
6248,train,93971e64b22e286b,8917,6cb087,3e-06
2707,train,402316cce2723d3e,2947,4875ea,3e-06
1086,train,3def68f54bf2a48d,3475,e7c636,3e-06
5303,train,88593c49370aa72a,10570,279e40,3e-06
8207,train,67b9d8d36d007fb6,7935,2db04a,3e-06
10022,train,b5b206c5aacfbfc4,213,22e41b,3e-06
2644,train,5c325c3dba3502e1,13684,9a53c1,3e-06
11948,train,1b06c4c8a95b0ae3,10956,6e3ac8,3e-06
826,train,82fa626f0f17e24f,9398,be0eec,3e-06
6761,train,5ed726175b13e2ef,3075,6b1dae,3e-06
13089,train,2480bdfe7db7d4d6,13166,efdec4,3e-06
5362,train,9ad600852257dd61,12780,a34172,3e-06
5299,train,717278f42f6d6f90,3040,5f6e2f,3e-06
11362,train,b2df69c9633a3b41,7965,fb5cbc,3e-06
2226,train,d067b4ed85301807,279,0e4ebb,3e-06
7171,train,34b45935ffe90c29,11352,75c801,3e-06
14069,train,f0b6d745ba22aa6c,10271,d8fb4a,3e-06
9424,train,5944574c8148bf52,9146,d0ece2,3e-06
6684,train,aea75c796e296601,8821,87cc2b,3e-06
14819,train,41a3ee210819b631,8334,92a736,3e-06
2483,train,00fc3d13b9856aab,4619,bfddca,3e-06
3437,train,5a02faee18f081ad,13127,2d94ec,3e-06
7789,train,6c8c868be960d513,4544,472edd,3e-06
2652,train,6b3d7ddcd8fd6a65,1475,73f0b5,3e-06
12906,train,540b945751fb3f70,796,003b10,3e-06
6570,train,91a5130a5695cbe2,2671,eb932f,3e-06
7317,train,a601757cd512a81d,3958,96213d,3e-06
6225,train,da3e44395e243421,3563,a1bd94,3e-06
6668,train,d5b99b91e5a89bb5,4551,cc3857,3e-06
1365,train,7d338c7a9253b5f6,4579,f78e65,3e-06
11847,train,5bd101b3f2cee58c,9701,dcde5d,3e-06
11540,train,2f1b3ed878159771,7041,fa7c65,3e-06
8403,train,2de69dd3bbf6721d,914,8e8379,3e-06
14145,train,cbec37ba0160347c,11451,6b5207,3e-06
317,train,21c61eaa404cccdd,4022,8a8458,3e-06
8886,train,7a765e31c34d2324,7463,1d2c65,3e-06
615,train,e28a23338c3b5efd,13995,4b33f0,3e-06
10182,train,64ae34e048c589dc,10728,0c4419,3e-06
1114,train,27f1ea4bbc8e5518,3546,8e3427,3e-06
9411,train,bc93c941f3b4953d,4418,4658e9,3e-06
8221,train,e22181dd7ee6f11c,2817,5ddc7a,3e-06
10755,train,3176d66b201cc007,14046,60b330,3e-06
1067,train,9412e863f60a3f67,7509,25ec19,3e-06
1744,train,bb9d8524c30e65c7,2461,b2c0ca,3e-06
3657,train,812e3f2b24f3b08a,1741,6bf1ab,3e-06
9242,train,ff002d536010689e,7657,f06a5b,3e-06
12443,train,3dd0e9751a2c0944,9470,2799b5,3e-06
6815,train,e6145740f06936ba,10139,004792,3e-06
11059,train,d48de36528289685,1342,bdb03d,3e-06
12458,train,78e96a4e87c6a473,10285,fd1bc9,3e-06
1045,train,c1c2439c0de614c6,13219,c29b75,3e-06
5273,train,251d662261755c8f,6249,c60be9,3e-06
14121,train,da62d2f02fafcc32,6620,91a688,3e-06
4459,train,fbd8a73c2d8267af,10245,39260a,3e-06
6139,train,6a7b851382257111,1447,86a062,3e-06
10863,train,60d4e98f8ae1bd95,6577,a4f560,3e-06
8939,train,fe996ee4460d7bc1,11308,920c27,3e-06
4612,train,7f9565dab887edae,8815,03b0d8,3e-06
10709,train,74070faccb1da3d9,4392,7d2f6a,3e-06
14508,train,a4d77e7e340faa3e,12968,b47d98,3e-06
999,train,71aa0b91ca310665,2100,13f761,3e-06
2454,train,1dbe64fbfe4c2abe,5387,2169e4,3e-06
11851,train,19511a80bae6482f,9488,efc62a,3e-06
7119,train,6682a34e6aa79ce5,7102,f3094d,3e-06
2592,train,6dc11a6e9e1804fb,5779,4fe6eb,3e-06
14147,train,66acef0e0e616e68,8516,08ad73,3e-06
8983,train,e11ca8393e7c0b7e,11935,9519c0,3e-06
13078,train,6a6a487f92fa6745,12641,d64070,3e-06
3708,train,0342fec7358cb173,10838,d9e03c,3e-06
890,train,17cabea04615b786,10088,35bec4,3e-06
601,train,0afb2ccd1143659d,4178,0d2147,3e-06
3541,train,3fda600ff87d9d58,3778,ed31f8,3e-06
8095,train,c9eed08bcb4b796c,9115,d9c9e3,3e-06
11669,train,dcf48f70bcccac54,5583,159c70,3e-06
13113,train,075c2c22faa07d4a,7250,37fd82,3e-06
12926,train,a0f6048d417757fd,3685,aedbc8,3e-06
2333,train,f932ab3d8fd462f9,5483,d6fcaf,3e-06
7410,train,6ad4165b841d862d,159,5b8351,3e-06
7741,train,3f0321345ac74dec,7164,96e4db,3e-06
8663,train,71b0e0295c123a3d,6306,07785c,3e-06
9640,train,f62ec68f07b03e1c,14069,f49be3,3e-06
13303,train,a849a086b12931f7,902,f5211f,3e-06
6305,train,dbd13e2f7d255996,14309,3e17b8,3e-06
7829,train,128a9b3b45103578,3324,d7788d,3e-06
9304,train,ba73c9892491763a,7585,3099e1,3e-06
8316,train,a70db493c53f2a45,5447,64d0df,3e-06
6483,train,a12b2f9387b410be,6625,f27b54,3e-06
1378,train,e1aa7feebe7b732a,2961,c9ce63,3e-06
11041,train,3f8ac4c5b5301845,1855,f6eca6,3e-06
12243,train,40373075d5aba3b6,5157,cbdbc8,3e-06
5858,train,6aa3344eb2c3e1f4,4522,0eae54,3e-06
10463,train,c43756334337cfdd,6800,61c115,3e-06
9512,train,d2d9e7934aebcaec,10504,8607e6,3e-06
4961,train,33181473f8158aaf,5231,3ffc0d,3e-06
10801,train,f71e8592dbba319e,3235,4bc45d,3e-06
7468,train,17ae8d175ca46bb8,6980,a47086,3e-06
1178,train,a0ccf0ab07e6e647,5726,a83ca1,3e-06
3735,train,80a5c84860d98aca,8520,82bb73,3e-06
5315,train,15f5e388674cce52,9564,4475ae,3e-06
4119,train,600ff2b11f1c2068,10390,3e8cf8,3e-06
4919,train,d59e9fb318495987,13894,01526e,3e-06
7352,train,abdcc17771db146e,5184,163ba3,3e-06
5304,train,1d37d4b802424553,10130,c8a373,3e-06
6249,train,8b629f0d584fb8ef,10863,73eab2,3e-06
6584,train,bc6db230fe4e54b5,6412,3be7c4,3e-06
13,train,a7b724c0374013b6,7669,6ac38e,3e-06
10181,train,ac47c6bdcdd0b81c,4904,262ec6,3e-06
13224,train,21562359f5836062,7363,1e1a8c,3e-06
7089,train,bceaf957f6ffa6ab,7300,a74a5d,3e-06
5659,train,a78eb00b5965966d,369,66e80f,3e-06
3284,train,681f0299a0186962,725,814c12,3e-06
12549,train,da404ae5e94e1b9e,3204,5883b6,3e-06
4318,train,b5a3dc0137c143be,7638,4e8305,3e-06
6953,train,56f5015a22ce74c3,13797,335492,3e-06
8416,train,846d9af5f43804df,9752,a9deb3,3e-06
10574,train,0db917d7fbed896c,8912,9ca651,3e-06
5884,train,019b1aaad31aeab9,9577,11a9bd,3e-06
12115,train,d390fea13e2dfc3b,6751,28b9de,3e-06
4048,train,89ce85944171a441,10712,6379a4,3e-06
4581,train,b15df66336635426,12108,51da80,3e-06
3813,train,fcab7cc3eabc5907,9690,f1bb18,3e-06
4233,train,0665c4248802fc69,4768,2d97af,3e-06
2147,train,6344736c08effd2a,3936,10fba6,3e-06
4421,train,d274afa109daf34c,12152,cae721,3e-06
1884,train,6cbf15d9691a8253,6681,72af67,3e-06
9630,train,ebcd0636df3dcb6a,11967,5aad8e,3e-06
1351,train,870c7a5cd16789ce,4090,c7d251,3e-06
12896,train,66c62b648cf8f769,1495,c675fd,3e-06
10012,train,547b1c7f20f326ef,5025,47ac55,3e-06
12966,train,0ddc3546353e8deb,3823,222789,3e-06
4415,train,6f3446520cd160d4,11937,cc5b16,3e-06
9948,train,37bd257b2b2ab55d,5922,bca79d,3e-06
637,train,b38f6e0745c3bd4b,5104,841328,3e-06
10380,train,d7d6acf872a81c19,10832,f16101,3e-06
13413,train,0b1fd84dcac1f155,10558,434d48,3e-06
10723,train,9c7d75ce36ac2f45,3039,5c9495,3e-06
3540,train,bdb8d0396f1b99ac,8231,31ad8c,3e-06
12825,train,875d1c3e9009141a,13934,63ca5e,3e-06
535,train,62842cb897e0d72c,4724,c5c7fa,3e-06
11259,train,332cf9f69ba9aaa8,13815,94c455,3e-06
14833,train,7232320ddc1afcee,2211,0a560d,3e-06
6507,train,e36c0947b1817cdf,8673,a91061,3e-06
7481,train,c4e4914230e420a1,7130,bdc09a,3e-06
1355,train,f85871c61234a26b,8901,9e32c2,3e-06
6266,train,a72e129f6f7f1831,5535,3c56a7,3e-06
398,train,0fa8c7fde91bef4d,9628,904a99,3e-06
14853,train,320f689db7280f38,6470,7b1c66,3e-06
1545,train,98d2d45d0376431a,3110,2888ef,3e-06
4871,train,18370bc66403f3e9,2636,e485d4,3e-06
9802,train,3e878afc4d1dfe5f,11463,c5548e,3e-06
6959,train,8566c1dfa17444be,4253,6054f2,3e-06
13488,train,719644d24faacd0a,856,0dc576,3e-06
10992,train,cc37438092b0247d,1432,adab88,3e-06
2616,train,6c83c7a16eeeefb9,124,a3b361,3e-06
11038,train,57d476ba26329b12,6079,1f5489,3e-06
8555,train,251516dbff004e44,2022,5009a3,3e-06
5923,train,5ed79239fe99be91,6926,5f11d2,3e-06
3533,train,6aadc0eb29d9e1d5,11939,57718a,3e-06
11891,train,5411f1b7746c089d,13564,f9a17c,3e-06
2211,train,ba2af89385f40dd8,2407,cc87b1,3e-06
5869,train,1ef77b63992b3d44,9796,95241b,3e-06
12660,train,1532ba6b62adcbd0,8978,512e11,3e-06
12305,train,ec6729359e6787f8,8404,09cd96,3e-06
13090,train,6469e0ff51ca29e4,1895,f9f2a3,3e-06
11418,train,08cbbf2f6811e577,9445,82f402,3e-06
5899,train,4205c7b416e87ea2,9482,6e0294,3e-06
4423,train,bfff7d1197a1ace4,8286,6962a5,3e-06
13156,train,77c8c759611ecdd3,1775,a4c64b,3e-06
14425,train,9ac79bdff1dc0bca,4613,63e75f,3e-06
12885,train,d6fb5d002a44932a,5064,810032,3e-06
8315,train,d7faacbd19e099c1,4850,8839b6,3e-06
9938,train,100b0644819de266,5888,74c69a,3e-06
4434,train,fc2b46c89d2aea2a,12503,15a822,3e-06
6799,train,35bc0a0308b53982,6878,0111db,3e-06
6569,train,cfb6967ff3338ade,1284,320087,3e-06
11082,train,a700b188c40e7cd7,11971,1dfec4,3e-06
13891,train,f077af821c7cce18,3469,a91c7d,3e-06
10386,train,6b9d420775a90ea2,5561,e15526,3e-06
8706,train,4d5414325314316a,6794,ce0423,3e-06
1535,train,e49ca949840089dd,7383,aaf09a,3e-06
6510,train,327c8eef989b4cf2,13743,12b31e,3e-06
8090,train,c370f74a841efbaf,9911,d73085,3e-06
2338,train,32ae2fd208880275,3812,7be578,3e-06
9027,train,38dd1ee852cfe10e,4707,971dd4,3e-06
2956,train,af8ba58c62528c6d,14547,39099d,3e-06
10731,train,189048b6f6d95136,4540,673ba0,3e-06
4625,train,20dd9bdb0b6aaa26,10469,bca1af,3e-06
3759,train,58965dd2c0bd9bd4,2765,61ae82,3e-06
8160,train,c70602b14fb7c04a,6962,d8b03d,3e-06
6563,train,3ddfa372d6c9363d,8256,aa74d6,3e-06
10825,train,ef82c557e021b2a8,1329,01591c,3e-06
11895,train,363d33f93b21348d,14328,1b0e20,3e-06
5902,train,59e8f5fdbb5aedc8,6977,cc8e13,3e-06
1882,train,230e88c62cf7840b,6037,31e03f,3e-06
7521,train,0d52cf453ae955a2,7845,06ce80,3e-06
7074,train,0317aad0b6ce9edd,1154,fbbad1,3e-06
3729,train,855f02fd473253ab,6416,b1851a,3e-06
12598,train,404305a17b9784aa,9002,316735,3e-06
4089,train,e2a72f15b5f74261,145,ae0e02,3e-06
1559,train,5c33d6534374f7e4,9325,c5421c,3e-06
696,train,35d06cf2804bf8a4,7360,9a571f,3e-06
4061,train,0e000d5e51ad09f8,11732,e0d9c6,3e-06
107,train,a98864ab4860ec8b,9584,157464,3e-06
6526,train,33b32ac972da6b52,2348,16b6bb,3e-06
7097,train,9d71df3f573785c8,12998,c6daf8,3e-06
388,train,de43cd5707b8b854,485,d34537,3e-06
6342,train,b45971d571dbd541,2408,efeb2b,3e-06
6851,train,9593416b71b63a0b,10019,1080c6,3e-06
9545,train,2fea7b6326a050dd,4442,69a271,3e-06
13793,train,84f310cb87282295,7226,f3035f,3e-06
12955,train,407d0c1f76195ac2,8955,c844cb,3e-06
11258,train,57fa39bc0a2784c7,7807,71f9a2,3e-06
7566,train,d6f6886deb0e5c32,6347,570128,3e-06
2762,train,4ebbe05e6d7fa237,2090,ac7822,3e-06
13661,train,00857780eb528cf4,12605,161b2d,3e-06
10613,train,3c505a97b86d1874,366,57441f,3e-06
7875,train,95202649bb0d41c0,2842,d0dc7c,3e-06
11271,train,741b5334b3d178ae,9028,023207,3e-06
11673,train,87fbec6a396d9138,11948,4608c0,3e-06
2030,train,aecab596086d0eb0,10142,d4ddcd,3e-06
8102,train,9a784408c0016948,2159,dfe930,3e-06
2073,train,7c8a9cca9406dfa0,4919,cacf54,3e-06
7249,train,493909f8bb174ed2,7533,d9de6e,3e-06
5398,train,7e8c71ca11d0184c,3302,208251,3e-06
14340,train,94f90f0926503d0d,1020,5c3ddd,3e-06
17,train,ea3e5c59bf6ca031,4643,0aa370,3e-06
5615,train,b348609445fea521,1469,16bc25,3e-06
4805,train,54b400abe1c5bd09,6579,69eab3,3e-06
14462,train,f17e5a1847842a88,14123,3463a2,3e-06
13313,train,c4d45d74b2d98277,14197,524f91,3e-06
6419,train,270a516892214d1a,8587,6014b4,3e-06
2766,train,705843a6dea30221,1627,05e2b3,3e-06
3318,train,207fbf2666ccab7d,6334,5c5d6f,3e-06
2514,train,34dce86579a514b3,3743,dce647,3e-06
12195,train,97e1fcc7dda55b55,2823,42795a,3e-06
9422,train,ad1263131edbce3f,1714,95eb19,3e-06
3239,train,acf66d2cbd279787,13300,963e96,3e-06
8621,train,e0f3aa5cfdce3512,3618,882873,3e-06
4444,train,5e11b8562afe63a3,9424,13b8c8,3e-06
2501,train,787a97dda605b83b,13371,3e3e67,3e-06
8629,train,a225470f5c7e4a80,2513,f74755,3e-06
12153,train,7ff742d53c072287,4426,3f1008,3e-06
6907,train,b46bde1041c34681,13639,54acaf,3e-06
5699,train,b84784240a4908fa,7389,91a422,3e-06
2860,train,8c222cd1fc8f4120,4149,59878f,3e-06
9188,train,8c93423a5111de7d,4753,cf6202,3e-06
11501,train,7af731579d9339c2,5638,a97e59,3e-06
3929,train,db05c3b86d47ae50,1874,aab73e,3e-06
12642,train,60c7aac463762a0a,12320,f7c708,3e-06
9240,train,b3cbd0566f2e000a,10085,d5bee2,3e-06
14711,train,624f4cf84be0d92d,12513,78e7c3,3e-06
516,train,80ef5d0ce3c06e55,5375,26b715,3e-06
1740,train,ff97e2a15a9cbd73,13245,c5b336,3e-06
10376,train,505ace52098af4cd,13703,f91edc,3e-06
11715,train,266f24828af77698,1399,46ecb7,3e-06
3193,train,e7ab61bfea429541,10635,c5c324,3e-06
3771,train,8078a8c223e3bb8c,12975,2ac9f0,3e-06
2502,train,5afd7333be15024a,5993,15c51f,3e-06
9766,train,5e12df888a80091f,11666,8f9bc5,3e-06
2777,train,5b572769aa20a781,2128,56e1ea,3e-06
781,train,2680f61457048a4b,14426,c472d5,3e-06
7126,train,92c699fbae45fb5c,11339,8eb98f,3e-06
10441,train,897eb2249edea1b3,9023,af9101,3e-06
14442,train,8dc1926a7999a981,7513,e6eff8,3e-06
3028,train,77f91984481a557c,7969,c365a1,3e-06
5009,train,9b2aa773f320ebfd,5205,babe77,3e-06
11767,train,cd4b74c31f7aec1c,2812,7e4dd6,3e-06
2216,train,a2a778a3b1111e05,385,97ec4e,3e-06
11972,train,fa970cc77f32869b,10013,81b49f,3e-06
12453,train,0947ba6461112899,60,4956fc,3e-06
9895,train,31a7e53f431e24f1,5932,ca6312,3e-06
9720,train,dcacb1a485bb958f,2728,6a4612,3e-06
10419,train,54edd3c2ad401ec5,6292,91fbdd,3e-06
5807,train,d2e05b4259dcbb3c,12808,c3a950,3e-06
12726,train,848b49a2a11283a1,4631,d88e6f,3e-06
960,train,dd560f9d0ce82d53,6341,39d540,3e-06
13973,train,5e39b2d23623cf8c,12065,462fd6,3e-06
3246,train,633ccc0ac005d866,5160,bac1cc,3e-06
274,train,1dc37c48fa37d5c9,3061,233558,3e-06
10627,train,645e3f650c98d8ba,12317,7c290a,3e-06
4866,train,282b476aa0618c1f,13241,6d2863,3e-06
7016,train,0f6a20bbe9eeea96,3113,3d9f36,3e-06
2475,train,7fe7b8d94ad728dc,8604,a23f4b,3e-06
5179,train,041d06d9fd57a613,9108,393311,3e-06
4134,train,e69cdffca3431060,7586,7f59c3,3e-06
2170,train,28f018eb2614c7be,1380,558742,3e-06
7461,train,e7902f393bc566aa,12396,314dac,3e-06
7918,train,efc5735e0f5d1235,8280,67a3a6,3e-06
10674,train,d942245c6f6b8cd5,11250,10b610,3e-06
3934,train,d91c2b5ea06e71fe,5414,bc2869,3e-06
9691,train,3828cb7d3ba514b0,7357,5978d9,3e-06
1792,train,a52fddb4e49e9016,11302,1a562c,3e-06
4696,train,08dffae00df4e936,13374,0671ea,3e-06
1132,train,4673c626fc4680f3,1285,7ecf67,3e-06
8314,train,8f8f037cef8dc037,5391,b6926e,3e-06
11231,train,5093452eb18bef06,11875,e1c94b,3e-06
13043,train,2fd481bc463766d5,2830,edbebc,3e-06
6504,train,8919bec888414c44,13407,2fb34f,3e-06
14410,train,fb105982f97833ca,3057,1a69d1,3e-06
10208,train,ecc2c5b8d802b4f5,4154,cdb350,3e-06
9841,train,29166d6ed2501d9c,3144,2c051f,3e-06
3375,train,92f1929e4a1da1fa,1067,aca2f4,3e-06
12956,train,1ef77c76297b3649,5703,1c50b5,3e-06
2271,train,55046ea3f6daedae,7446,16faa7,3e-06
6,train,8dbc045223f9bd8e,10670,3ac9d1,3e-06
10100,train,d13c24b8805471a5,13325,de009a,3e-06
444,train,9e1935a8da2cd299,6178,b2f989,3e-06
3180,train,5caef3a2a29966a5,8728,ecabf5,3e-06
10262,train,a83b0b41ed3600f6,11557,c78144,3e-06
1461,train,7dfb83ccde9945b5,1799,8369ab,3e-06
3086,train,95c206e06ab9fe21,861,80dde1,3e-06
11925,train,6c861f903183569a,2832,10f3e8,3e-06
2568,train,0f9928080670e9ba,2904,005657,3e-06
8343,train,f8388aabcc8cb650,3816,ebf6aa,3e-06
4155,train,33bc42a7c1e1310e,14023,a4587f,3e-06
13036,train,a441058810510d87,11901,df0344,3e-06
1870,train,28c998700de9879a,6944,7deb60,3e-06
3652,train,6d7f0fc62bb067dd,14532,2db57d,3e-06
5378,train,bb724fe58a0e2b60,13622,182804,3e-06
13868,train,86515ce04307e042,187,54a4d8,3e-06
8632,train,158fcb1d6d17309b,7830,b8d602,3e-06
2,train,3cf37416a32d120a,5492,2c5c5e,3e-06
7755,train,b478516d2c53945f,9674,7cab0b,3e-06
466,train,451d55232e810380,3581,654c2f,3e-06
9436,train,67ddeb25928ce5fe,514,d021c3,3e-06
2927,train,1819168913bc4f46,2052,dcc29e,3e-06
11768,train,3ce685c66990cd92,4833,397a06,3e-06
13501,train,a3c5883d08871b5a,13010,24ad12,3e-06
7194,train,2ad381fba1a0e8d8,5311,4d3c3d,3e-06
5241,train,fccac4c0f5d845fc,3340,e3c189,3e-06
1429,train,1fd38db00b064531,9801,c4ead3,3e-06
10824,train,8b96427443621c60,7123,710169,3e-06
14371,train,2a6255632ca29ebb,5293,804afe,3e-06
5904,train,f804714b0cdb54e2,11534,3dd51d,3e-06
13155,train,c73ee8824ac06c4f,11976,56a3f5,3e-06
1608,train,8aaf7c8b71133016,11200,3ef8fb,3e-06
3445,train,a7ebc2d651294afc,13414,0ea81c,3e-06
2553,train,5d3e72ee302e1cd6,7992,a72493,3e-06
4924,train,f44b181109dbf42d,9925,1c4cfa,3e-06
13437,train,69b7da7f822a4f0a,14164,0bc319,3e-06
9824,train,1b3b950ea80e7bac,11581,a3d777,3e-06
4385,train,47935b42f7fcaaf6,13222,ff64b8,3e-06
4257,train,ca92bfde50f80651,990,2bdc0c,3e-06
6411,train,729188b9405200a3,5304,95c78b,3e-06
226,train,7e7c541c5a6977b1,997,3dd518,3e-06
5789,train,62d8015f6fa7819f,1022,a16c09,3e-06
1965,train,5029b97207925e12,11113,2343b7,3e-06
2631,train,ee33a434a4d428e7,1685,8c357e,3e-06
9522,train,9054ca42759523c9,5140,1020a0,3e-06
5276,train,24dd7d0dac7ad394,8157,156f3a,3e-06
3446,train,bb275b929329c034,10544,23eafa,3e-06
7057,train,901a9a21d6f9913f,2921,1931e4,3e-06
6704,train,01a78a9e705c1802,1314,f22386,3e-06
5629,train,295741e85515b55a,14432,d263a3,3e-06
6117,train,15e5ef3e119fc062,12532,02b266,3e-06
2273,train,0580406ea98c5a8d,13434,bbbafb,3e-06
638,train,bbf79c510a8d0a24,8437,695a75,3e-06
13935,train,47b28260a1a543e8,491,998a7c,3e-06
12566,train,2c7e794cc728fa6e,493,854ac8,3e-06
2017,train,841e04f51b355ae9,1572,5f6bee,3e-06
10265,train,de210e8c2b712e06,1007,2158d5,3e-06
12907,train,e585e4ada10da965,4831,06b5e5,3e-06
8961,train,6504d98f0e5b9292,4273,919324,3e-06
10328,train,691f9b0401e315c7,1979,c156b6,3e-06
13505,train,4ba52cd4b124b2fb,10723,b63566,3e-06
6860,train,7785d4e9315d30a1,7620,f15e36,3e-06
12594,train,7f150738a8ae4781,4521,90793b,3e-06
10788,train,f08c9d1acb22a282,9914,ad6b5c,3e-06
3605,train,a802eeae1c0574f7,10697,8711af,3e-06
4904,train,9ec6c8b286cb29f4,13075,1eb203,3e-06
12140,train,957b5795bc35a03f,6908,8d12cc,3e-06
14348,train,6c9785e1805e9c4e,4547,6b7f40,3e-06
1200,train,5a16e38ccbe54588,8293,baa3e8,3e-06
1866,train,4d6754f157a98599,12566,df0d47,3e-06
4206,train,0b7840d9874c226e,4114,b27b7e,3e-06
1854,train,54735a8a61359152,8078,814b3f,3e-06
5295,train,94028a8c1ab9c6e5,8535,2e41bb,3e-06
2999,train,87bbd518cd695fb7,4297,d36c5d,3e-06
2822,train,917625045b9ef99b,9665,eb5fe2,3e-06
3978,train,936ccb51e62a7a37,598,ca7910,3e-06
901,train,5d5872a9dc73c38b,4649,f446eb,3e-06
4393,train,257c9a7a3cb1be9a,7889,9c2a9c,3e-06
10888,train,96e41244f81283c2,8177,54b016,3e-06
3677,train,8130a1bce24808c3,11329,ab3a71,3e-06
9761,train,c78f89ae0389bd91,14451,902f5a,3e-06
6905,train,3f95b6415ce6c1fb,3421,8a9965,3e-06
13082,train,60b0d4698f45e625,3335,15d662,3e-06
10582,train,9349e8cc2c6a1fa7,10930,e03c58,3e-06
14394,train,e954537ef00f1c99,4855,af8074,3e-06
10625,train,d443c234b837be35,4021,d18a30,3e-06
1129,train,41ccdb467f41daa0,10927,cab59b,3e-06
14460,train,30c09cccaffe46e0,14493,ef82b2,3e-06
7240,train,e722b239cc97f11b,10072,8871fd,3e-06
544,train,33b1b7bc9e772cab,2520,88761f,3e-06
101,train,cc589bebb5a5e288,9941,59d54a,3e-06
14783,train,3bbd57c83d2634da,14084,d1207d,3e-06
6310,train,b0d4d9c9bd3ecf82,11326,80e3b3,3e-06
5406,train,27c6d59d50b440f2,2572,e83cf4,3e-06
5878,train,040b84e6597c6c5d,3912,b0f43a,3e-06
9611,train,2899bc810b4c0187,8807,4d04d4,3e-06
7543,train,8ce6600d64f57589,1257,222a06,3e-06
4030,train,6857d10176b0a416,9854,5f9e60,3e-06
12022,train,15fa45c78f39b878,8273,525696,3e-06
8976,train,5a6e7b2d1b0df33f,1676,ce9df5,3e-06
8170,train,310c38236bd016e7,2818,00e741,3e-06
504,train,23ead5386a53b7cf,11706,73c8aa,3e-06
3384,train,cba95ad2f523c840,11333,df874b,3e-06
12508,train,46e154152d6dd157,6858,3cc36d,3e-06
13961,train,5dc417ca7ad6b395,4003,f85d8e,3e-06
5894,train,0a6f9536fbd8d6c2,2195,46c62e,3e-06
13676,train,db4277518883ab13,121,593ba3,3e-06
7022,train,31bd99dc5ff00744,1813,6dce0e,3e-06
597,train,2e0be5dc658e1c55,1338,b2b78f,3e-06
11027,train,41b82e408d9489fc,7131,ce0ca7,3e-06
2215,train,e8e00e936ca0e84b,6619,a49a47,3e-06
9505,train,fbbe5936bdcf2632,11479,616938,3e-06
13981,train,b2b0e374066e4f62,10160,141c7a,3e-06
1964,train,b9d1ffee91de4be5,7342,95806c,3e-06
2119,train,513bd03ad86fc954,4215,5586ed,3e-06
11481,train,84a7b4aeba2b5977,10523,4089a5,3e-06
6481,train,9977fc2ef7c99923,9481,5fe6ca,3e-06
11304,train,6232fbb57156e4f9,6844,6394be,3e-06
2499,train,5b159a3c3fba5f11,11788,eb4962,3e-06
8085,train,f896b297e75a16c9,11492,c24335,3e-06
8653,train,8eb7fe0f68903540,4812,038300,3e-06
3389,train,c0c25ec50cd2387e,3702,383e03,3e-06
955,train,76d838e0a21ebcd6,8410,d8e405,3e-06
7549,train,d6d7dc3bf572c933,5270,0f6985,3e-06
13515,train,d928a769398f3b99,12927,20ebc8,3e-06
5163,train,93a1c942db2e5c2c,3852,b43d98,3e-06
8697,train,94befaa769df6220,14361,ac4b85,3e-06
11853,train,04f3b231f8ae1343,12773,878b7c,3e-06
3195,train,76083dcd41be51a9,7028,125df7,3e-06
3019,train,1a8400ca70bb806c,6991,0e1970,3e-06
11433,train,88967538b78e107a,4150,605af4,3e-06
83,train,fabe6a6f53c94474,3890,c1ff81,3e-06
1935,train,6d130722892b3538,10793,f2e945,3e-06
8664,train,ccbc0098fe5a7547,12206,9c3590,3e-06
4878,train,0847856fbe09b089,3679,8e795e,3e-06
5743,train,ffda6d6e86374123,8377,ce85e8,3e-06
7496,train,64bcc49d185a5c43,11483,264e74,3e-06
4458,train,fbfe7199c84e3652,7211,3b78d6,3e-06
5665,train,110b694ce54a54fe,10047,cca02e,3e-06
4621,train,77cb090eb0e83ef9,5512,3c3a09,3e-06
2995,train,49928d2c75fc248b,6276,5784b4,3e-06
10647,train,08339c92fc8af75b,1806,e8964f,3e-06
5298,train,0b28cdedd04c2578,2825,cecee5,3e-06
7576,train,c9e8a6501cce0335,1421,247e5a,3e-06
841,train,0eeaaf40ab1de4eb,2110,1acc09,3e-06
6027,train,8938b8865982bfe6,11444,d5c951,3e-06
3408,train,11fd3dcc48745eca,3082,76377a,3e-06
6770,train,fabe116f6d37454c,2658,cae9ed,3e-06
10661,train,093abe31fec4638b,1251,9bbd05,3e-06
10286,train,cd415f6c5785cb5c,9367,56122c,3e-06
3619,train,ccdb05ced4685ba2,1374,aae4a7,3e-06
10241,train,28b7e8d0ebf9c33d,11036,1aa663,3e-06
12657,train,83d13ed696a15016,2600,26c180,3e-06
11598,train,0bfa98b2739c35d9,7297,e0372f,3e-06
3190,train,27a4f7ef1422d432,3510,71ed16,3e-06
11295,train,fd07562ed396bbcd,6777,339526,3e-06
452,train,28e784802376f99f,14533,505e68,3e-06
1175,train,4c355c73900c08f3,1624,f65b0e,3e-06
4137,train,99e55c1ce8fa1c40,13124,bbfac7,3e-06
4111,train,a027e3c54dd5b235,4241,93dee8,3e-06
3908,train,bae92a1b346c57dd,3925,92798b,3e-06
10250,train,0bd95c70f6b6d06c,11905,1f47a0,3e-06
4346,train,f0ed45f317276708,7388,44314c,3e-06
1697,train,928c386324c7321c,13523,083338,3e-06
5764,train,99f8da1d868d600b,9460,816309,3e-06
10932,train,8d24612da0d6c0ca,6150,748bf1,3e-06
3719,train,a89dc428e9672e7b,4903,ca8ce4,3e-06
14672,train,0f63de3835917a0c,1977,041c1d,3e-06
5792,train,ceebe0c1e8e9e2dc,13235,43e73c,3e-06
11380,train,ef6605eb61779e10,8586,244f6b,3e-06
12087,train,43aa5b56d9f6228b,10781,025fcc,3e-06
982,train,479ec422bba89a87,6404,952921,3e-06
7267,train,bdc59731d0dbb7c2,8517,45f1b0,3e-06
6450,train,e7e930e8dcc7761b,6006,f18530,3e-06
8523,train,22940bfb498e289b,295,d6f8f8,3e-06
13647,train,f5dedac24f0bcd48,6998,bba71e,3e-06
1603,train,e1c3fe2e7567a666,6342,10f653,3e-06
4491,train,2f6a2a12b33c848d,12753,b1c526,3e-06
1033,train,511ca3471547c767,2848,5cdc57,3e-06
10021,train,f0640778bd355d51,5411,c56cee,3e-06
13874,train,926e1da01e3360e7,2696,019d13,3e-06
11571,train,3fc5562f93734d2a,8724,3bd839,3e-06
6317,train,d22f2b6149f1e6b7,2584,0ac0fb,3e-06
14045,train,50d20484f4ac7847,14051,ed6756,3e-06
12088,train,f6a30dcfdb481633,8320,de03a3,3e-06
10447,train,a33ccd80d1d4409a,12351,22c308,3e-06
1899,train,f798773527c8891b,7786,d2ca5b,3e-06
12617,train,af7ae6816664f2d3,13577,c56292,3e-06
7107,train,f6630827021326f6,4058,de1f93,3e-06
577,train,f69df471b62014b6,9995,4aa898,3e-06
14301,train,f727d5c7d3c0d863,14424,1c4ab2,3e-06
10759,train,4201abf54b7b9d11,3351,66e76c,3e-06
1261,train,61643e84a66e5370,8486,fa4237,3e-06
14044,train,c1e7102a0c2f4ead,5689,b63208,3e-06
6710,train,53166f59babdd48a,9209,363c58,3e-06
10513,train,cb6987fe24099bc2,5449,3d7115,3e-06
645,train,a5e4697869d85792,6461,f833f0,3e-06
8992,train,7ec6e723dac6b10d,1144,104e57,3e-06
14706,train,de8ea3308bbb4f16,7400,d156d1,3e-06
2057,train,ee06b6a9525327fa,6184,0618ff,3e-06
10180,train,5e01160a7e2569cb,8051,b2880d,3e-06
13059,train,0137d2777c84ce08,9266,6cceaf,3e-06
14418,train,f0fb1a25efecfb39,11781,75b2cb,3e-06
2146,train,d73b1c6cd83f5d48,5072,05bb7e,3e-06
10554,train,43802e371d531072,7392,0e0bb0,3e-06
10514,train,6db0ddbb601973b6,3472,893d8f,3e-06
11094,train,c46a493433a97d62,4735,e51ad7,3e-06
875,train,69b9d1d9b8600328,12958,c61609,3e-06
13033,train,3eb9f849dc2efadf,11286,f24bca,3e-06
2110,train,c71ce752bb8707ce,3928,d7a11d,3e-06
1257,train,44a8c68be447a3ca,6170,e37fba,3e-06
7118,train,48423703e48dceaa,14519,1cc7d0,3e-06
14057,train,a113a9ced49da743,7057,5c9ad5,3e-06
1925,train,9fdadbfcd1175936,9106,352f93,3e-06
11165,train,debe1b12bdd70da4,10097,e14873,3e-06
793,train,9e4c0bf9bd329374,7592,121e47,3e-06
13893,train,36e0d5cb1fd0195f,12483,d1a5a7,3e-06
4692,train,5734a16868311dae,6155,a35630,3e-06
12520,train,ea7c7b9eb18dd612,4358,0a4bd4,3e-06
14323,train,d3dd7203f6aa4118,1935,6671d9,3e-06
13335,train,2d12f57722afb57f,1980,0476bd,3e-06
2979,train,43a89551a2e64fb9,3259,75e1a4,3e-06
13372,train,bc206952c417f357,9780,f944e7,3e-06
8911,train,107bfc3192e19b35,1300,e39aee,3e-06
10602,train,66d3e6d3d1a784d4,10505,2c5686,3e-06
372,train,ed4b62e1f01f0820,9056,22c53a,3e-06
13806,train,80832baf25345021,11577,d922b1,3e-06
6426,train,6292ceef4e0df146,4122,c70119,3e-06
2342,train,34a0436e15e2d654,11491,3ee283,3e-06
10457,train,ec43d5b0ce487a5e,3084,f16064,3e-06
4355,train,8db2513f76109f22,9375,3cb5fd,3e-06
2161,train,2e574a76eb7840dd,13976,7ca46d,3e-06
12257,train,8202cd77a118c4c7,3536,1b24c6,3e-06
5246,train,1faa50eca3901b97,5585,8d1ed0,3e-06
2249,train,856f040cc14f59a6,9831,9e8615,3e-06
8418,train,68451d89547b4d14,10325,6b26f7,3e-06
4823,train,54ff3f31fd15d70e,13507,9800e8,3e-06
9007,train,359721b0d86a52d8,4145,68842f,3e-06
1987,train,713dbe097e0cc6d2,4459,91439a,3e-06
9989,train,1f7817755e4c05a5,13136,9b7dd4,3e-06
3586,train,f626852ff8badfb8,1328,2cebf6,3e-06
11297,train,c75dcc4eb8347dcd,11842,183bdb,3e-06
2646,train,2a8c610ca1694216,8877,b57e46,3e-06
11622,train,323dfe4c0fed5afa,6019,8c92fa,3e-06
2845,train,643de995d3160601,1299,9068fe,3e-06
9553,train,e62db70da68e82f8,11213,661dc7,3e-06
14276,train,88482407e84e288e,4043,9b5854,3e-06
3755,train,a5c3b151c2894802,10244,91a333,3e-06
4440,train,8da576829a8d3f60,4889,7d6a22,3e-06
7662,train,cd4fa368f8aec038,13688,b91f23,3e-06
10038,train,a3ddb113c0571c47,7782,d55152,3e-06
548,train,3c163f1ae2140e4c,4321,2813af,3e-06
5496,train,c73443745c96fcc9,1955,4bcd80,3e-06
7349,train,15ed4171458b96a3,249,1461db,3e-06
1256,train,fe439fb1c3d1c665,10145,bdc621,3e-06
1359,train,c5cbd22242f34f46,3769,64d661,3e-06
51,train,379a0dfef7ffc26e,8630,a1d2cc,3e-06
11310,train,2d27ba77bfcbc308,9237,14e4b1,3e-06
4723,train,71373cb414edd414,11098,e8501c,3e-06
8953,train,ebeae213f7f50e5f,13967,774989,3e-06
257,train,bb7769f1ca79aad5,11591,af3bc0,3e-06
10578,train,96fc8618b9ab37dd,10379,fd12de,3e-06
627,train,17074a2055ff85ec,12990,a1350e,3e-06
2848,train,a912320f271001bd,13863,298046,3e-06
5200,train,2547342e2e6845de,4708,0b2b31,3e-06
8868,train,f7508e12ae8b7f22,7760,20210b,3e-06
9384,train,55466350eaf8fb34,9522,8d96ff,3e-06
1831,train,6b95b841bdf2dede,4938,ea144e,3e-06
7953,train,695dbf125ec90865,14232,7b3e04,3e-06
14661,train,51e535e0ea37334b,3342,d05fad,3e-06
9939,train,8a4ccf9e8b07cf4e,3959,9691fe,3e-06
5035,train,c03cdd5c90867965,3871,19d945,3e-06
7370,train,b58a9700cd0674b8,12620,82ca50,3e-06
1754,train,ae1c97918dd53a26,2909,8f56e4,3e-06
922,train,f2c8679e82feb450,281,5ebf69,3e-06
604,train,87141d835d775fd7,11579,ca62c7,3e-06
1406,train,7ef385cb39291191,5361,e2f948,3e-06
6719,train,23ef67e0a6340811,1927,3a4af3,3e-06
2813,train,dcdafad0329f4021,11568,6f9d27,3e-06
8498,train,3595794c20937994,9442,2adf94,3e-06
13671,train,5da0b7964b317b9e,5902,68cb0a,3e-06
4633,train,b27e6113cb718ad4,11613,881acb,3e-06
12538,train,b138843f4cccf7b9,3876,2d32c2,3e-06
7399,train,a8dd39fdcbe46dc3,671,ad0da6,3e-06
9100,train,ef9cc481944e7fb3,8687,7d8d9a,3e-06
2600,train,f52d45f75f153618,982,a9d951,3e-06
13207,train,6e9408588d79806f,3222,2f7e6b,3e-06
4504,train,1ada5b9098f3f8df,10889,911712,3e-06
10707,train,c1dc5367997d9895,2816,7cacec,3e-06
1507,train,7b58a0d7a14ecd54,11970,6fbe95,3e-06
5260,train,e193394c8fa72c96,13022,5e1f0f,3e-06
14403,train,89256e7c59105f46,12333,acc396,3e-06
12704,train,db82c8328010e752,6202,36fabe,3e-06
1983,train,851d1e91503ac42b,11066,f6c081,3e-06
10873,train,c78061a5b9092cae,1076,f63410,3e-06
4496,train,9ada50e2c7cc09d4,5416,de077d,3e-06
1903,train,9e44c07f83ca0505,7312,b2fb1f,3e-06
4489,train,02506c0584f51b20,13867,80f6a8,3e-06
4999,train,315599f10062da7c,2828,946515,3e-06
959,train,6d151d81cb1c7622,4469,5a23d5,3e-06
7915,train,87dfff7c40d74d35,1075,edb647,3e-06
5906,train,38152f2bb1b225a5,12174,4a96ca,3e-06
3092,train,13f0cd2ce91f0890,2640,679636,3e-06
4668,train,ae2481519a20935d,5389,92747e,3e-06
9758,train,e90a3243f5fec770,12127,3a9b6b,3e-06
7434,train,e4bbd19136e60b05,9360,327c2b,3e-06
13469,train,fe69a22ccbff370f,4073,1e78fc,3e-06
2445,train,400cac6501fa24e2,766,8e4ac5,3e-06
5998,train,640efa3535a26e00,11546,9c66c6,3e-06
688,train,977f7c268ea11311,8491,5fef17,3e-06
2050,train,2899b86f52b221ce,1985,34917b,3e-06
653,train,6b4ebb1fe6512460,14336,29eb49,3e-06
3664,train,615f00eef8422bd2,1668,41dd00,3e-06
12245,train,3bc5635d8bcf3050,8476,9633c1,3e-06
3453,train,228e5b4c7b7869d1,200,3934f3,3e-06
6954,train,ae6f15b3c4f9dd14,12300,f31a64,3e-06
4402,train,a9e62cf5c5237501,13380,087e07,3e-06
6331,train,47b4558e9418db50,5781,2a4844,3e-06
14926,train,0c582d04b5f82277,6433,0e5ba0,3e-06
5332,train,20c46ea025da3315,2279,f7e138,3e-06
4740,train,b3a7bd4eba410977,12720,6193ec,3e-06
232,train,757ef8159cd9aef0,5636,2e96e7,3e-06
9864,train,505d970855bcda68,8705,224402,3e-06
9771,train,ffa7f67438fb6d6a,9776,34e26c,3e-06
12526,train,8acd9a64fdb31780,9185,c981ca,3e-06
3794,train,6cba29f24de4db11,9724,5cfd0c,3e-06
4664,train,3cf1265e1e589b5b,3568,6a4a82,3e-06
5598,train,1ba3ac6df1971455,10493,bd2761,3e-06
5394,train,1ffe8b1e5c58da63,7108,26ecfb,3e-06
5142,train,c66f5dfca11e5023,4495,8476ad,3e-06
14074,train,512340673f70836e,1518,f9739b,3e-06
322,train,8631ef91b4f49b5e,976,89a845,3e-06
1400,train,1597a5bae7fd0333,12667,1f1ffe,3e-06
5174,train,b3b7115ff6da7fd8,13744,d912e5,3e-06
8665,train,2944c7af9e475765,2446,f3e7a4,3e-06
8607,train,ece2a48fc0f140e4,9544,79b9c4,3e-06
2549,train,988353ce2437d419,3740,842e89,3e-06
12402,train,4d7e346130cda66b,10180,29fa8c,3e-06
8945,train,c3443beeb39c27a8,151,e99864,3e-06
4448,train,3366734a1d94ee2b,580,2b0ead,3e-06
8400,train,9d16ee0b67a18306,11140,5ccc3d,3e-06
11989,train,8737fb4202a3a271,11144,9f2acb,3e-06
11173,train,f9dfe7911ca02ac8,6536,698209,3e-06
6152,train,dbfb36338490cd2a,2281,3fc848,3e-06
12587,train,59d12e97220e5244,10989,82edf3,3e-06
354,train,1e958fb2ed5994c0,2525,cee690,3e-06
5027,train,2b3c1ab5b7a1168b,7852,6945b6,3e-06
11754,train,865a6e8fb0e6fc34,24,da4fa1,3e-06
14178,train,6814472384b06f4b,12726,e11bac,3e-06
7440,train,270ebe78d9f3bb2c,2938,c79f11,3e-06
3185,train,6262fa875a929ea6,12169,e4b80f,3e-06
14225,train,9682112b018e52bd,8311,ecbd5e,3e-06
14727,train,453490111153a31a,8392,e9f1fd,3e-06
7554,train,6ebf2f99f0ad2c71,11951,c77cfe,3e-06
8379,train,1894ee2337bf3278,12648,4465be,3e-06
3809,train,1aeb16302e5a0199,1015,37bd82,3e-06
2317,train,370cf1f7e5ed77ea,7691,d7b234,3e-06
620,train,b9b2893422cb77eb,5873,9c39cf,3e-06
985,train,e579ef58c159b087,4523,647e0a,3e-06
8195,train,321985e730cb11e4,1830,e995ee,3e-06
14423,train,79caded894f39a4f,5858,5a8717,3e-06
813,train,f3df9c0e0a39a873,5359,419ae7,3e-06
2220,train,de494a879a2c3720,10623,53af15,3e-06
2388,train,94d6d6b80206bb52,9287,b7cd0c,3e-06
263,train,b3dde89501b2b079,11735,b09821,3e-06
7807,train,362e327e2ea67b8f,5759,32b218,3e-06
13391,train,7f9f9c9fcb5acefb,13605,e47f39,3e-06
6869,train,d6ec0577fb69da52,6540,fe3318,3e-06
13261,train,f88af4f73d8601c1,6749,b9de97,3e-06
6439,train,6bef4b5d21df5d94,11465,127305,3e-06
9359,train,4ae2c7ff95c99a21,14059,701679,3e-06
13227,train,e531809cd4d79ac5,13984,c556ee,3e-06
9191,train,28ece4207b03aac4,5227,c3df70,3e-06
10511,train,7ceab031b8b12edd,9131,f9747c,3e-06
7148,train,f3e58c7f6eb4f1ff,3491,375fbd,3e-06
6150,train,aac465c3fcea3c52,994,a14d6e,3e-06
2792,train,e2649a54b04278b7,13512,65ae56,3e-06
7963,train,c0094f733c4c8288,1351,8ce533,3e-06
12783,train,dde7d7bdb94668e2,1522,317ad5,3e-06
8106,train,d5a9fcc9799623dc,6771,c35606,3e-06
188,train,d7304ef52a591f6f,2539,5a741e,3e-06
5335,train,07dff4b0c93527ce,4330,91f143,3e-06
2503,train,a7b4a8ab8bb430dc,8994,0b4db1,3e-06
3149,train,8b638c28dbcc1480,886,8587ec,3e-06
8114,train,913b89ec30ef917b,8734,e5d0b6,3e-06
5211,train,241abbbb7ea6f86c,1198,b60005,3e-06
3543,train,7204948d71e2c371,5031,68269c,3e-06
4979,train,767aff8d30acbaca,3973,295d08,3e-06
9043,train,a20683b9785b4b6f,1777,0f02f0,3e-06
3727,train,12c18858c72f4a6a,8718,09823f,3e-06
12838,train,5c214fb2cd49452b,11436,e40589,3e-06
3165,train,8416f50c2733595e,6659,90ed18,3e-06
10253,train,bd29ddbb53da4b72,2544,145eaf,3e-06
10891,train,6feeb18ced7547a3,12832,c17a1d,3e-06
3739,train,e1e0fd094aa2fced,5548,dcebb7,3e-06
14085,train,267ca167a0f1edb1,1082,5a1331,3e-06
11449,train,66884c10f84c2a46,2546,495b85,3e-06
119,train,4679c1ddb6b52ec2,12411,7590a9,3e-06
3296,train,117293e040bf44b9,13891,07859c,3e-06
11301,train,74271f3927559dc6,14198,860bfa,3e-06
6061,train,cb0569e523492fbb,4788,bc62f7,3e-06
10442,train,c969da7f0a7309e8,12570,10b70a,3e-06
1519,train,6cf7ffa141613ebc,5836,56b744,3e-06
7606,train,6a117918f00986d4,8182,4f5b54,3e-06
9970,train,ae117ac3c9768f2a,5426,9a66d8,3e-06
2846,train,9274f986bc6d25f4,8740,37003d,3e-06
8470,train,eeb4b5acf4041be3,4699,6f2f34,3e-06
2639,train,a3c7a64b6ebdb6ca,2202,c06431,3e-06
8679,train,a6c8e1c420012448,7733,5407fd,3e-06
14572,train,5305cfa28df7cb86,5557,604a54,3e-06
12123,train,6f56c4c925422527,11931,ba0118,3e-06
6534,train,ef4c3f993f1352bb,12846,80c258,3e-06
290,train,441009f865a7b3bb,8289,ec9b6e,3e-06
6174,train,28f52275e7cf3067,14515,a20634,3e-06
4461,train,78364992e743c28a,12785,a80771,3e-06
309,train,449b5af0552f4f95,5680,d96475,3e-06
10961,train,95e427d848f9fcac,4374,ff1dfb,3e-06
2402,train,f8d29e285bf49398,14036,e62c9c,3e-06
14098,train,b0e5a6501ff8b440,4861,1a283d,3e-06
6158,train,bb8a53083a3147f3,5143,45ed80,3e-06
13694,train,859dddba5c289291,5991,b14967,3e-06
93,train,6dae49678c5dd3ce,13812,d2303a,3e-06
14705,train,2516af95ae84a06c,12406,b134b9,3e-06
8185,train,43d46d739e67a5b1,13752,573320,3e-06
13497,train,b4239d8781dc8f4a,2907,053cc1,3e-06
9282,train,cb646f7c74ed6bb2,3224,06a91f,3e-06
12355,train,bd5eac547abc00c9,10150,107b31,3e-06
14813,train,79e1db271b1db893,3382,0dff76,3e-06
4160,train,8d616f8ed7311ae2,14106,bca9dd,3e-06
14870,train,8b3dc60b5659e904,7990,25719d,3e-06
1023,train,03af656fdab436d0,13207,c198ab,3e-06
2159,train,274ab711aeb32fc9,2988,bf9998,3e-06
10926,train,b8eb4f11b01a0569,2416,c0604d,3e-06
10104,train,6819a596802133b1,1315,f7ebe0,3e-06
1719,train,888bb3436c74d0e3,5356,a47336,3e-06
3037,train,71f1a7f05a629813,9530,eb1117,3e-06
5697,train,034cbedcd6a35476,134,62e8db,3e-06
6488,train,1e514ec79cdd4d12,3697,3dc1d3,3e-06
2598,train,9cfe2e106eed76e4,9842,91137c,3e-06
4000,train,ca09b48accdb0073,13988,48f718,3e-06
1263,train,309c38d03aa43e26,2894,808ef4,3e-06
6401,train,edaf48a528e76f8d,14488,d71198,3e-06
4946,train,1ee08775decfd282,14251,89aad3,3e-06
14615,train,7fb5e7153c3c32e8,3783,420daa,3e-06
7874,train,db70aba8ca076c21,9567,cf8bfa,3e-06
4722,train,282de505cb37e34e,5408,43c5d2,3e-06
10948,train,cea4d85fcf9119fc,12736,7e993f,3e-06
7358,train,1669636c793d74a0,5194,2c9b68,3e-06
4795,train,145f0601410770ca,4671,a5c012,3e-06
2154,train,e7915184646a5baa,12781,8e512e,3e-06
2116,train,24dce4ff5ff4a4f4,10901,2f743f,3e-06
8662,train,9efef157d4069e6a,1906,feaf75,3e-06
476,train,b0fabffdb7ca1a07,3626,95fe02,3e-06
12679,train,599af38d9792b4a9,8798,65dd3b,3e-06
8674,train,2993b24d2772f124,12163,e8dfe8,3e-06
6885,train,a24ededbcd28a371,10029,cd4c79,3e-06
12126,train,e39f40bd362b701c,729,0d444e,3e-06
3555,train,0c04a7fa1c72b3a0,722,422556,3e-06
10005,train,5903504e4bff8600,5347,62011f,3e-06
81,train,90b71c28881c22b7,625,0499fb,3e-06
11525,train,39d54bddc234af64,13679,902ef0,3e-06
9413,train,f1d165956b2a930d,3634,3761a9,3e-06
5921,train,6c36fe69bcfee9b8,13883,83ada4,3e-06
4190,train,eec8883fc5d74672,5068,e96239,3e-06
1581,train,b450289b10187de1,5842,fa1b30,3e-06
2100,train,c3badad35ba9cae9,3843,c2701b,3e-06
13955,train,ed22cf6f0d9d3213,7531,c491b3,3e-06
565,train,007c6b824805d195,1104,23e70f,3e-06
8156,train,44e27c4b11bae72d,13201,1fec01,3e-06
7793,train,8455b50ea029fda3,9435,0b0576,3e-06
4354,train,522d3ee3df3b27d2,10440,4d78da,3e-06
9740,train,a4800e4ae2247930,4626,dfea80,3e-06
9017,train,3796efdda1d84dc1,10733,b96d6d,3e-06
5341,train,aecf39d03dc68346,7091,ed4e43,3e-06
686,train,a26a8a0037e46373,101,ce79c4,3e-06
12762,train,3d5d3211eb716ec8,13991,4c41b4,3e-06
1479,train,b829a39a2dc3b05f,2887,33c158,3e-06
5523,train,1401291bcdde6ace,3407,d4db80,3e-06
2214,train,c3edc5efa5693596,5475,8cbedd,3e-06
4570,train,5226abed0c9b8619,995,a5e93b,3e-06
3880,train,1ca70d4e0e01d0a1,5795,ffcc25,3e-06
8726,train,1f2d41659a2cf982,7709,24b96c,3e-06
12925,train,96e768d0b383e8e9,319,6aeb84,3e-06
4782,train,866b961dbe684320,880,857e88,3e-06
7721,train,59fb0bfb14970b99,9094,2c72ac,3e-06
1728,train,adb1bfe6d5268b5c,4427,74f91d,3e-06
12075,train,3cf4ed6bf16ba87e,9493,d65f79,3e-06
8501,train,4d69d5d952c6d0ba,9135,df48bf,3e-06
11719,train,ba631f8e7fd5a890,7337,a445e5,3e-06
12773,train,6e4c08e2fb9e5ad7,10358,34db69,3e-06
12334,train,4db92cffd3b9ab45,11608,dccfe2,3e-06
9848,train,2f6849818699ea8e,6158,31947f,3e-06
11656,train,f9ffd6f1304667d1,3087,4d1812,3e-06
13494,train,e00ca3ade94075ce,7717,3c691c,3e-06
5855,train,d067d7981f4051e1,5007,5e785a,3e-06
1755,train,fb31230ad080e3a4,106,e442e2,3e-06
10557,train,4535fbc4c2596d7f,4689,8bd7c2,3e-06
2140,train,1c8252060d173a66,7820,fa67b7,3e-06
13549,train,17e89a070547e4df,122,a77813,3e-06
1478,train,b99a3f56033bf57f,13615,57d2aa,3e-06
9129,train,b5051dba95a0f460,8114,d09f8f,3e-06
3277,train,143ce0a6a6551d3b,7864,80a92d,3e-06
7031,train,724714b904ee0269,12078,31c683,3e-06
2259,train,6add746cfdde503f,6236,053cc4,3e-06
4070,train,50b17811116a0737,7813,2921a4,3e-06
9269,train,6957d6f71a76c14f,14078,fc9cee,3e-06
12380,train,f5dbeba584f9f98d,9619,b071dc,3e-06
912,train,1d72c6bbabdc03b7,10163,bbd550,3e-06
4259,train,1e3c87e432910ee4,13099,b63068,3e-06
8387,train,b31a2b6d0e5a7d41,14202,4e6ba4,3e-06
10713,train,93adf4d2f8c8652d,4851,c989c2,3e-06
6989,train,105ba0a049b2eb60,8098,e9a0b4,3e-06
13475,train,792bcd6ca1ade97b,6856,3679a0,3e-06
11419,train,ca9f66d2cf2d8976,12436,d7b351,3e-06
661,train,dbcc18a146d3347d,10601,c4b3d1,3e-06
6549,train,d74ba45b107409fe,2009,ecfc8b,3e-06
8348,train,3e3dbd873a70167e,7393,454c4c,3e-06
648,train,ff8287c36c0bb09e,7867,316949,3e-06
4201,train,787eb3ffaf59e990,1463,129cb5,3e-06
671,train,783a331805412a09,10579,f436ba,3e-06
9037,train,eb808cbe1dbe7395,1665,fda7e0,3e-06
8768,train,7d673417a6334171,9408,1224ce,3e-06
10410,train,30400040ff38a488,9317,1017d9,3e-06
7777,train,142e7429772b2434,14498,2eb1f1,3e-06
13165,train,a939885d75581d87,9973,2182b6,3e-06
13392,train,3c47bddfc536ea62,13871,e9d2bc,3e-06
11885,train,32609dce37b307b4,2898,df9961,3e-06
9664,train,b8df78e2dbb4d438,1453,6e0f61,3e-06
8531,train,997d5f261f2daa01,12743,633c23,3e-06
6617,train,a3b3b808bb8ebbff,11029,cdc46f,3e-06
9128,train,fbd433260e4e2597,628,a7c779,3e-06
2399,train,0cdc590eb6fd75c4,7231,14c2c7,3e-06
12135,train,e8bca125051e55b6,10632,4ca0b2,3e-06
9491,train,962b88231ba3cee9,6374,1ee958,3e-06
3788,train,942beae1a41be9df,3629,f06d0c,3e-06
11748,train,b692d5a2ce5ade12,2299,25cdcb,3e-06
14815,train,f711f30e9b82f803,13666,b43823,3e-06
9614,train,991d34c99ce74927,8492,d94c89,3e-06
5203,train,7bc95dfd9762f2be,4046,c70c60,3e-06
11200,train,d37364e097a29ff3,11772,f5a18d,3e-06
14635,train,984228016880fe20,2223,11f30f,3e-06
5424,train,998f9d53dc323f4e,13729,680c3c,3e-06
5421,train,4aa2242217f4a5e7,8109,1fa9ba,3e-06
12393,train,12fe5113858f3ff5,12461,631710,3e-06
10399,train,934d8397be101dd1,2228,58ef24,3e-06
12680,train,3136ab2c3b3f6de6,9515,b81ea1,3e-06
8604,train,28ad5c523b1cffd3,1206,0694be,3e-06
2382,train,88d5003aa0ab6538,5051,fa3572,3e-06
2031,train,bc5059820743b2dd,7479,bb8217,3e-06
12699,train,0421fc6d4911d360,142,0ee32d,3e-06
9833,train,3abc490c1c0968c9,7784,ea2f12,3e-06
9917,train,34e7c89f37b2ce52,8531,552169,3e-06
10293,train,54849a09ed43d56b,4435,e5961a,3e-06
4917,train,fe1292678402cec5,8951,2c96db,3e-06
12650,train,c5bb7b01750b9fb8,11121,e9ce8c,3e-06
4326,train,d5434be1966589d8,4015,25cd47,3e-06
6763,train,d0709bd91543d1c9,12803,4b77a7,3e-06
1534,train,a9cefa5979253ae5,10531,f56260,3e-06
10145,train,05563005959d71de,14466,621b1d,3e-06
10869,train,469811eabafa2a64,9086,5d962e,3e-06
9501,train,52708272347d2dc3,9372,3782b5,3e-06
10705,train,0d004639071fe4a5,6623,0da64d,3e-06
14616,train,47a4e5b95c7cc310,4983,7d3828,3e-06
11302,train,440ca13451edfb78,2108,59881a,3e-06
7804,train,6075ce99ca46a856,8624,b46291,3e-06
10847,train,49f1c602f389362d,14391,d46b89,3e-06
5453,train,e0466e0cdec92063,11469,72cf60,3e-06
11296,train,d6b2760f0a7d5b49,10062,10940d,3e-06
2375,train,7a3794eb15392d51,5776,3be4f8,3e-06
14161,train,f0f407613e5f3c7c,8176,be67fc,3e-06
10082,train,30e95fac4f2346c5,11473,d804ea,3e-06
8478,train,bcd86a66ab33d84c,7174,5d19da,3e-06
1830,train,e03ccfc0a531b4e9,8603,c5543e,3e-06
203,train,2b8de3b0a4afe278,3364,cf4a84,3e-06
12200,train,8568654ec1a17661,13077,fe3936,3e-06
3566,train,3592371dc519486a,13064,3ab027,3e-06
3915,train,aa96ead8b4e5e416,9376,6e52b8,3e-06
6752,train,f584d1f7e45f7a5e,257,006495,3e-06
3764,train,5146bf3c1bc6324d,11829,5aedc8,3e-06
9717,train,a23b6707ab5bb967,10660,698a04,3e-06
397,train,a380a47ce069ad0f,11945,5182a4,3e-06
9328,train,47a74d08005b87a2,8294,ffeb49,3e-06
4715,train,7652d91239e4eccd,10614,19bda5,3e-06
13573,train,17a6c6783a1ea679,7680,535a6d,3e-06
5583,train,bbb05a6b330d26a7,13163,d8e328,3e-06
3876,train,353e09487fd58702,9438,ac31c3,3e-06
863,train,0b9d48702df02ab1,13905,416f13,3e-06
10761,train,4e22276e9d492046,5713,3a26d1,3e-06
8088,train,f1c95b2e909bdce0,10627,1eb5e4,3e-06
12996,train,1d86e7a646019a52,8399,341f5a,3e-06
8219,train,2e9b699ab475b91c,3809,bf6b8b,3e-06
11229,train,f07f0ad63455ad4d,4992,61b66c,3e-06
3662,train,1ce9580a1706d8d2,3447,a1edbd,3e-06
14106,train,f1becec28dfa64e5,10873,8b7c1c,3e-06
5072,train,273db2eb4c989caa,7595,22121c,3e-06
2585,train,a9bfc7de8fb98278,9524,03eb33,3e-06
13492,train,7bbc269abde0bfa3,5575,c5f6b1,3e-06
11551,train,1e5ae8e475a1d5ae,6930,cfc1ae,3e-06
9654,train,50b842bc56dbd6d7,7601,71ef0c,3e-06
14080,train,a30d132b3700c620,5334,c0b877,3e-06
7749,train,4bc5fd37fdb92ecd,10595,0b29dd,3e-06
7647,train,9283a86057647e9a,3780,8c2093,3e-06
11579,train,3a43f72344d7d317,10435,d35907,3e-06
6062,train,2af64b1f60458e13,13279,d5a9e3,3e-06
13168,train,f449fcce7f2f2603,1630,ce8a02,3e-06
4727,train,abafc18a021fe543,14284,35377d,3e-06
8908,train,c2e93492e23a8506,12463,978827,3e-06
10209,train,72b87b7e082d9036,5026,9e5f85,3e-06
8730,train,9a9c0d4745ce9b3c,6818,b53a11,3e-06
10505,train,003ff10e08648964,1872,dcea5b,3e-06
11120,train,f0f4d0fcd28368d9,4400,d638a0,3e-06
3697,train,05dabaace8a0880b,2605,6ca855,3e-06
2316,train,0c20f6ac8466c864,13721,ffae7b,3e-06
8495,train,c2a68ff650816dc3,10209,b7b0eb,3e-06
369,train,b44f47bc2fe0005f,5440,3d023b,3e-06
2768,train,57b31b60184649f2,12715,9e81f7,3e-06
3243,train,f6409a738ccafe53,13302,7f8bee,3e-06
1641,train,e19e504101b4b769,7571,2819b8,3e-06
12879,train,3d736b844fd1f4e8,7868,620884,3e-06
14640,train,e363d6925ac27e1e,5436,5ce060,3e-06
3575,train,03f0250771c21049,13912,6ee8d9,3e-06
1992,train,0251eec4a8b43fd2,14559,848557,3e-06
7247,train,70a7f3d86f36b2c4,3064,bffb76,3e-06
4693,train,474a5b03c5ec2128,9865,14789f,3e-06
8389,train,d48b5aeb8ada6de6,6196,dc30b4,3e-06
13603,train,ff877ba902260768,10700,a7340a,3e-06
4801,train,a2cce8ca9a495d67,13362,1d3be8,3e-06
14521,train,fbb262c8b87fbf1c,13607,4a912d,3e-06
14602,train,962ae13fb592f082,6695,00cb5f,3e-06
6364,train,7fc0bb75976d5290,12338,dc8603,3e-06
11403,train,27183fe05ab89bec,5038,05437f,3e-06
8206,train,117c30f9e7f84bf1,9480,9a39d1,3e-06
8048,train,7afdc678e3901694,14414,8eba7c,3e-06
1848,train,7b33617439491ade,1937,777ef0,3e-06
268,train,51b04f7f22be90b9,7015,d3449d,3e-06
7116,train,79b0d780481d9220,6999,d64638,3e-06
8594,train,20c8feea33e69b51,9890,cdad89,3e-06
6084,train,2a87ef9d7e4ca86f,2890,e0bd1a,3e-06
13777,train,f09b986ff414d560,7378,391d29,3e-06
13001,train,cb800b94411144e6,6788,707826,3e-06
9642,train,fb59f3028e4a86b5,12267,43964b,3e-06
11605,train,db474e657c31778b,1336,10d279,3e-06
2299,train,69e0b7c02544ef66,6091,e2478d,3e-06
14018,train,be34883b28d67203,7761,ddd22a,3e-06
7845,train,b6d628be4a56f86c,13186,e8e65d,3e-06
12517,train,025f07f910198452,1961,a5de88,3e-06
12813,train,5a893e4638eff08a,3425,4ba4ef,3e-06
14138,train,8e8b810cf4966995,8108,fa16c5,3e-06
14501,train,70c3ca252c0b14e2,12520,b3c596,3e-06
7066,train,50454d4936c63cdf,1910,4c7d83,3e-06
6516,train,2ee0fd1e2dbc30d7,10547,94d06d,3e-06
14427,train,872e88faf1f5b91a,8000,ec6527,3e-06
5919,train,8904d98072c666fa,11057,04c802,3e-06
4665,train,880e2d41ef0ebfbf,9713,f91a02,3e-06
70,train,2f5982efebada110,7754,76e6de,3e-06
26,train,19b78599222f86c7,1232,11844a,3e-06
11555,train,0e5205987aba78bf,2339,0a7e3b,3e-06
9075,train,7b242c4c26b41dc7,266,04d1b5,3e-06
7830,train,57050bcbd85d2a8d,14096,150ba0,3e-06
6343,train,2bca41c283b4532c,11429,be81eb,3e-06
14162,train,c22264def3273d76,1888,794692,3e-06
14520,train,ea76d45bf0de022e,97,11bf13,3e-06
3646,train,1375a497e0988e90,2980,669acd,3e-06
1633,train,a2235427677ed9be,1602,a3c29a,3e-06
13755,train,c9893f47481deff2,11888,51cbc9,3e-06
11421,train,f1466890a2aa8a1f,306,466632,3e-06
7560,train,fb41dcfa7374536b,11541,f135cf,3e-06
2954,train,1fbcfd78cd6035b2,10257,7414b7,3e-06
8781,train,83abcfb51afb0eb7,2734,f27059,3e-06
7716,train,3dd0af61f0374682,6229,f1f9b2,3e-06
14499,train,f7d1be1435e5d45e,5810,aedc2a,3e-06
11315,train,4611e4caface0f1f,605,b4577e,3e-06
3582,train,5355e5ab75cd9086,7941,4ebcbe,3e-06
13304,train,f4a2afc27ff651d9,3161,f1c33e,3e-06
2651,train,d7fceeecab052aa2,6815,707461,3e-06
6422,train,60003c5c2aedb9ad,713,2d9fd8,3e-06
2911,train,95b38201b680096e,9638,bcaeb6,3e-06
1391,train,5eba4cf49f3a1713,13250,e1260d,3e-06
2716,train,d1f1bcb4e5e05c83,4399,eb6657,3e-06
5128,train,af1ea2c84871a13e,9705,0c7365,3e-06
5210,train,d9744d4ff8393c58,5642,de3df1,3e-06
1897,train,a1ccd5fd4adcd930,5279,336650,3e-06
8276,train,b2b2d2f63a046ef9,3586,13cded,3e-06
13666,train,29d5562b68157f2e,13052,5abf84,3e-06
11305,train,ce058be189da5376,12316,37e6d9,3e-06
12347,train,570812e84ea5c624,872,2a9835,3e-06
554,train,5f9b87c6bdca3037,12209,e6f50c,3e-06
335,train,b40fa27592d9503b,4558,1eebce,3e-06
11708,train,df17e9239c974d9c,9744,52bba2,3e-06
8009,train,c4d2f97e09992021,3023,222f77,3e-06
6378,train,ce5a2535567e7d24,8883,ddc852,3e-06
13580,train,3fe4e62f204d8adc,9018,6361bc,3e-06
6576,train,bc3872b61e6fb0a4,10027,2aa0e5,3e-06
1504,train,8e6dbcc7c6d7b456,3828,16cdde,3e-06
363,train,b46375c17d9f64db,14504,17a5c5,3e-06
11369,train,924cd8b25db54d54,6107,a94845,3e-06
4641,train,ed2f88c0f2b07a3c,3883,769a23,3e-06
447,train,bc79053902bc9eaf,5328,9cd3f8,3e-06
2748,train,2cac4408b54ba765,2426,f690a8,3e-06
1890,train,7af4a73389c73e52,5563,5ab1be,3e-06
14872,train,0e6ed2a9eb2fe799,10028,afe7a8,3e-06
4938,train,fe5453625486665b,13633,60ebe2,3e-06
6452,train,9e4935deff450691,8448,0701bd,3e-06
9001,train,0a083f36a8258b77,1670,1f5940,3e-06
3836,train,564a707202acbeef,4719,022640,3e-06
11453,train,e02692780b277acf,1537,5dc45e,3e-06
1108,train,fad7bf2429ab8961,11942,37dd80,3e-06
12337,train,017fec1aaff38c66,11010,da4c52,3e-06
1396,train,ca032eb547aeb047,5211,78c393,3e-06
5984,train,7e896c8085f1ae9e,11661,df3558,3e-06
9167,train,bcd7335e5e3d0caa,12970,bb8d82,3e-06
14498,train,a75a8d7c68c3e167,12653,14df1b,3e-06
3951,train,b5b61dba653fc353,3956,556fe3,3e-06
8274,train,1981d9e60a2a8c79,9149,333e0b,3e-06
8564,train,11d40f30d433d019,14354,57f416,3e-06
12155,train,da5011f6020592b0,13791,92225c,3e-06
14165,train,4bac4bf97ffcd178,606,336ba5,3e-06
5982,train,062acc7a39449835,9278,2f2c1b,3e-06
1364,train,9e804c2f1172235a,8430,301f3b,3e-06
3007,train,ab677b12261259d0,6067,6d4be8,3e-06
9427,train,28d8facf952e8c49,14085,71a175,3e-06
12283,train,e362b89771f4b3b8,9093,67c2c4,3e-06
12579,train,5e2900e11dd76060,3089,2a7202,3e-06
8879,train,3c59544e5c22ffe6,14469,e062b8,3e-06
2124,train,a7cb497bd845f9d3,10628,37150d,3e-06
3528,train,4e66b63c535650a3,6915,ef3906,3e-06
3066,train,7c127aa0cda8d11d,6739,43ae51,3e-06
4577,train,d16899ab4fe269e5,14163,7250fb,3e-06
5183,train,43af9cab7c3783c3,11093,9ee7b8,3e-06
8461,train,c825e6d12965ee01,9198,0dbd9a,3e-06
9599,train,7c7024edf08075d5,14322,e461e5,3e-06
9731,train,ba22cfc3583836a2,3277,4837cc,3e-06
14443,train,893977a9c0a875d1,7745,a2d251,3e-06
9982,train,be356eceb628bfd5,2369,e9e1ed,3e-06
1101,train,b0cdaa6d2724616a,9510,48302b,3e-06
11888,train,aec1bee95814fec5,13476,6a2436,3e-06
3333,train,6171a17969adfc55,5962,f54a9c,3e-06
5247,train,342a64a314ffe82e,658,1be5c7,3e-06
8390,train,9dd32829bafded77,4499,a19814,3e-06
1037,train,eb00caafd044eb5e,12704,42b5ab,3e-06
4424,train,46d931d4202dfb42,9339,835deb,3e-06
3117,train,f88adb9ff45f2ce2,7421,7482f4,3e-06
1185,train,c650c8b7f66a37ac,5429,17ba40,3e-06
10393,train,0602910eb56d4b2b,12262,01469c,3e-06
8695,train,da0bdf1856fcbe4f,10468,58846d,3e-06
13982,train,2c7d0cda4ae3a99d,11742,73688a,3e-06
24,train,20542ff1f7898fa9,12446,6b8744,3e-06
10054,train,025e01a951b5c2a2,10499,f52389,3e-06
7234,train,780a40e8506c017b,2929,798cdd,3e-06
8260,train,11e00fb5432742a8,2222,4a8e24,3e-06
2152,train,c8a7c683ddbe0a49,12526,bb6ee4,3e-06
2988,train,ab753dbb795f1d2b,4349,e8dcd1,3e-06
1097,train,dae6e2567b3ef473,1808,c81389,3e-06
12609,train,748c2b6c204a7cde,10818,cc48f5,3e-06
7135,train,656bf525451c45c1,13442,9085e4,3e-06
9095,train,819c64b63d800791,14397,8f84c9,3e-06
2435,train,f916d3c70251270b,3458,6dad85,3e-06
1572,train,8db0f189b7f144b4,2188,082cb8,3e-06
9876,train,920ea52aee99d903,5495,a2d5b6,3e-06
4500,train,8260111f0486eda2,1434,e97f6c,3e-06
4375,train,ceb6a969ef6770a0,9889,cdca69,3e-06
4269,train,9dd9e443cc985e1f,13580,fbbfa0,3e-06
4628,train,b7564460cdcacb8f,2424,df003b,3e-06
7077,train,cf6aa3bac7d1f9dc,8931,c963f5,3e-06
9519,train,cfef50786ee32c39,12365,b2db1d,3e-06
12067,train,2179454ba8a535df,7014,58dfba,3e-06
6558,train,de6185bad9106c34,3587,cc429d,3e-06
5454,train,734433c1d454f496,13827,cb4d7d,3e-06
7177,train,35d5993871dd6198,9770,260b39,3e-06
14171,train,c2b619123802305d,13740,e84e62,3e-06
9466,train,336455e87cf48b7e,3100,96e11a,3e-06
8824,train,f4f656325a18712e,5572,7a3d10,3e-06
1126,train,42ee2516f46a9fb0,12660,bc8124,3e-06
7860,train,fe7aeef579f5ac86,8449,6a1507,3e-06
10944,train,a782499b49d9b80b,13339,e03886,3e-06
12132,train,4d60f9ef97147209,11304,dcd5e0,3e-06
13455,train,a8e430f35e89eef7,4162,1af8f9,3e-06
4198,train,d0873da30fea7c0a,14009,b4442d,3e-06
4586,train,49617e03dacbbca0,2272,da0212,3e-06
7444,train,28f7488c1d2340e4,13331,4a193b,3e-06
13454,train,14325456620b21d6,558,0de671,3e-06
2515,train,709934cff21d1676,12698,a76423,3e-06
7492,train,95239ee35e0c4359,7081,d6212b,3e-06
10238,train,b6e04fbdc8cb357a,10094,f6ff79,3e-06
10751,train,0412a21c7ce2c3e2,10973,e4a277,3e-06
13770,train,f075c441ce1a21b6,14454,7a17f3,3e-06
12605,train,bdc6efe9df51ce7b,10760,3d10c2,3e-06
14488,train,d327bf871ecde380,13121,e8b03c,3e-06
938,train,b7e6469511513998,6018,203969,3e-06
4320,train,9c9714c9d60b021a,14286,2d299c,3e-06
13734,train,62da3788e4fe7536,6519,075e2f,3e-06
9283,train,fa2ff98dfa53a2d6,6990,a500ff,3e-06
1732,train,772a8723d135bad3,4901,5b6e77,3e-06
6623,train,87247166ec39b710,672,f596b7,3e-06
2836,train,bddd1f7206fc3daf,14179,ef8f47,3e-06
2835,train,38f43448870d06df,4314,c01ccf,3e-06
9445,train,09da53cb4bf97dc5,14350,a4bbac,3e-06
13677,train,cae8e3b5987ad1c9,9924,850fff,3e-06
9478,train,efecbf5bf1c2d316,13530,aa8c1d,3e-06
10085,train,281a19e99ff51de2,3386,3f2e20,3e-06
4021,train,24131ca7e94fe0e0,2948,fb5bd7,3e-06
5636,train,c4e7cfb8365465d2,7398,53fc8c,3e-06
13057,train,3b7b38256db98812,13953,926165,3e-06
5226,train,ba6314d78ea72705,13669,c81265,3e-06
2355,train,ff0d8ca4d5bd95ee,6243,e76829,3e-06
11911,train,117869bbc6f58e4b,9330,df5cc1,3e-06
4313,train,a5e7a741a4deb9f0,14001,81e0a7,3e-06
10642,train,024cd7875da0e329,9041,342e14,3e-06
13433,train,b8cf72485bd602f5,9277,75b615,3e-06
12530,train,1136d600d2dc9823,6003,2d0687,3e-06
13560,train,5879b64a406c3869,11521,eb14d3,3e-06
1319,train,b2214172663fcee9,8019,f3e60b,3e-06
333,train,d02aced35607e7a4,1132,03faf3,3e-06
8277,train,5a7c464fe0dcd544,4967,7e669f,3e-06
4456,train,3c0283d84bed294c,6494,137560,3e-06
7069,train,40a1fffa91cb2ed0,2487,75fac3,3e-06
9822,train,60e8d45f892be33a,11187,1962f1,3e-06
13986,train,6c879e26f07d3d00,4430,bfeab3,3e-06
11404,train,b409cd5852c31d0d,11024,ab4ce1,3e-06
10308,train,5271b33f63dc999d,8537,8acac0,3e-06
5942,train,eaade41fa7232f11,13777,6f88b0,3e-06
5021,train,1b9951a715de4ceb,1290,a37bc2,3e-06
6050,train,a5bce60f023d1805,1441,47d776,3e-06
13053,train,f47d2845a53dc82e,822,79956f,3e-06
7460,train,70901667e1464837,1521,91aec3,3e-06
3347,train,385b7fbd25c31d66,11500,6b27ae,3e-06
10015,train,fc954c7ada6a95d1,13755,ab3726,3e-06
13784,train,601911f641e0d90f,13531,866f5c,3e-06
14665,train,e8089f6f20b8ba87,1589,160f53,3e-06
2176,train,b9232eade1c26e7e,3644,7fe625,3e-06
6078,train,6fc0f50b74f28606,6254,2eb52a,3e-06
13230,train,745894610396cd5d,7065,38a3c4,3e-06
2810,train,9c60fc9127d9af68,11903,fd7f15,3e-06
8548,train,f08c33989e6b445d,608,a11f1e,3e-06
9618,train,15c96a599840bf64,12278,11548b,3e-06
1216,train,c94aa860111831b7,9260,c3815f,3e-06
9811,train,6b11d8082e3b3313,1255,82504c,3e-06
9620,train,db1086bc7d8bf9bc,9569,aa2eed,3e-06
7144,train,7ecf73a8123bcb8e,5034,835ba3,3e-06
9515,train,2c53bdf58d3d0c49,12997,1de141,3e-06
3620,train,49a3542aa86daebe,4780,245b15,3e-06
13931,train,26406a814cf470c2,10292,a19ba4,3e-06
13081,train,36c39249556bc800,12493,178af0,3e-06
11543,train,f7cc2df284dde74e,5274,3e90c8,3e-06
12029,train,637e6a3eca2fd25f,499,7f0bf0,3e-06
4457,train,3dcb5abf6b61831b,5734,397c34,3e-06
5972,train,a920ee1812eeaaaf,5593,5d3d8a,3e-06
4818,train,2679ae62a90eec60,6894,1a5ba3,3e-06
11630,train,497f18c028cc53e6,11204,d05c24,3e-06
5712,train,9c2816c36bb5e464,3327,c36e1c,3e-06
7510,train,d7d21ef6bdfdbedb,5872,96c378,3e-06
8790,train,4250784e0c0a2636,10213,261e58,3e-06
1966,train,28593a187cf0f3c4,2952,6db365,3e-06
13852,train,14f1cd76645723b5,9630,c866ac,3e-06
11993,train,8c1f69bc007f4d2a,7841,5ea6de,3e-06
9897,train,6873590c83477607,9380,a9bd7b,3e-06
12083,train,7dd33af0ad8304ac,12806,626c58,3e-06
13849,train,25a9d6a0e95e2804,1648,acdec3,3e-06
1036,train,308770770f818325,7711,dc25af,3e-06
13021,train,3bd3fa24f25b5f48,4782,c1df70,3e-06
12056,train,ace00c7316565f7e,425,8bc922,3e-06
14221,train,cd823ab798411d29,3314,75f5da,3e-06
12188,train,1baa354ab1578afe,3669,ffd149,3e-06
7110,train,4b34c1d1e1608461,7216,a27f4b,3e-06
8508,train,8b94a44c8239dd58,11053,435a0a,3e-06
12479,train,6a0948a262af2239,12455,f8d598,3e-06
9264,train,ef9094f69010ed43,1988,e8c9ca,3e-06
8612,train,a52e78aa9fb92727,4036,45a30a,3e-06
5223,train,ae3d1a95f9f202b8,14345,5c6258,3e-06
189,train,a7a30e2ffb656fcb,4060,3a6af1,3e-06
13688,train,3f71cc45497a0dc2,12225,4d19bd,3e-06
11650,train,3a2c425187af05a4,4441,08b060,3e-06
11187,train,72a6170827d21f34,1159,422dd2,3e-06
419,train,341f8eb434121f68,5994,845c0d,3e-06
7329,train,00871acdc0e0c21f,8725,f4584d,3e-06
2985,train,8948b203c08055e0,522,2e4c4e,3e-06
3005,train,d1409840fa416081,10302,9749ec,3e-06
775,train,b7db7d7e0ec8e32e,7547,044e6d,3e-06
11256,train,8c41dcf9d7e1e48e,10902,76aafe,3e-06
8044,train,1415b7d407cd78f8,10033,73058b,3e-06
10201,train,54c6551948d88bdc,11833,11e6a4,3e-06
5682,train,a52c6235eebb1adf,11960,f1e260,3e-06
12857,train,64e270f5e15d6c89,1500,fb9211,3e-06
7998,train,3b56f223a6f07fb9,10527,e3df69,3e-06
1582,train,142a104ef4077333,4659,6a5a22,3e-06
7881,train,2acc9e605f3da018,11543,7fa184,3e-06
1473,train,6ebecf4f5e599d04,12094,4c860e,3e-06
9732,train,7152e3690a2d80df,5743,5200b4,3e-06
3010,train,fa3746731bf718c5,13768,d00a8a,3e-06
916,train,4035eb7b159430ae,14246,205cec,3e-06
14866,train,925ba98f758abfe4,6208,ae5705,3e-06
12235,train,0e654d7cd3f53f74,6832,2a66b6,3e-06
6791,train,1b0e04a17e64434b,13179,bc0ed5,3e-06
10162,train,3390f46cc4ad2b0e,3882,46ffe1,3e-06
9230,train,c5ad16e331e9336d,9631,43b429,3e-06
13802,train,c05dde6cce02e7f4,9089,40ea2e,3e-06
1823,train,ac1176fe7db765a7,600,d51689,3e-06
8446,train,5186916dfb35eaec,2286,69344d,3e-06
4003,train,cac226232901f78a,2519,b8ec02,3e-06
5913,train,6e35ba10bf97674a,12565,8b92f5,3e-06
6269,train,c911b18d67a2dce2,13712,167599,3e-06
7734,train,0f2977bc1617b133,14049,b58924,3e-06
4766,train,a273a4e2554a3430,4757,2621a0,3e-06
9940,train,35f96239976a5c5a,5378,3b1eda,3e-06
2194,train,6f7dd95e8d1109d3,13540,f3cfab,3e-06
2731,train,3e235b3a25b005cc,11047,6c4cd4,3e-06
7076,train,883840d4b73a44a2,6890,9a3e86,3e-06
2640,train,5013656b7a5bccad,10810,f2cd6f,3e-06
9074,train,34669441054cd05e,8716,da861d,3e-06
3489,train,ac6548fea234c539,2021,8503a0,3e-06
14831,train,2ee1ff87694d4f82,10847,680477,3e-06
5466,train,86fe0659d9817118,2413,67c446,3e-06
5321,train,34d0d6db44762ef4,6032,31741c,3e-06
12073,train,3de288b53cce712b,7764,b53df3,3e-06
11330,train,b3fcc961f241896c,6009,35d6f7,3e-06
4006,train,0037ebf21c6319cd,14229,07be75,3e-06
168,train,97ff4aa371423858,4219,276a73,3e-06
6112,train,7dbfafcf5afd59ef,7025,038196,3e-06
202,train,dce4180b644f7324,5897,7d88eb,3e-06
2098,train,92bece2c34bd95d7,10574,6e6834,3e-06
12967,train,19b1e89005323833,4826,4d7f3d,3e-06
5474,train,ce0ce20d517e2985,13107,70d402,3e-06
14324,train,d8f48d1848163d85,3465,3619d8,3e-06
9346,train,d13322a3bf711124,13989,7d98fb,3e-06
11451,train,941c594cf877c162,6270,8314fc,3e-06
5730,train,646cc87eb0a8add5,12602,cb7fbf,3e-06
13138,train,13f3cccfb628690e,6320,b27607,3e-06
678,train,547348fca75b47ff,14258,01530b,3e-06
13160,train,b2894308d60e3de3,6083,9d17da,3e-06
10126,train,eb570b5c3e94c402,819,b7da81,3e-06
7665,train,d0a81822fbdc4f8b,11178,811bd9,3e-06
2156,train,aab844d91126b856,5187,674e85,3e-06
14471,train,75f23d955cf4b432,5502,99658a,3e-06
336,train,86cbf78ebc5b78d1,8633,534ac8,3e-06
3733,train,cc905325c496c308,3810,9bfade,3e-06
1802,train,4f58ffccf16bba5e,9061,8d1e93,3e-06
8180,train,42b027bbf7403cb8,13655,caf0d3,3e-06
11061,train,4294408183693c34,5037,fed0ce,3e-06
6666,train,a15927ba4636bb99,12554,a478f4,3e-06
14381,train,c27d3a2e527fa4af,11179,ce4990,3e-06
2634,train,af02cfe766057a44,6983,efddf8,3e-06
11725,train,12f9908948e8c50b,8940,645b79,3e-06
9363,train,9b7f0e035e1e9f63,974,77c3c6,3e-06
14159,train,c9e91f89931b5ad4,5086,63f569,3e-06
1687,train,7fe874b38f5e18fd,8039,cd5a94,3e-06
4316,train,abb0c1678da5181a,1483,04ce30,3e-06
6205,train,6255249ed683fb1a,11687,067ef3,3e-06
8151,train,16d4c51ced080654,2504,8fad16,3e-06
7320,train,61d670cfd4488096,5045,29d488,3e-06
2574,train,46033e7ddac93fdc,12992,6f6d68,3e-06
3865,train,bd0deb2bc947dc2e,13539,e4b6c6,3e-06
10552,train,35491336658f409f,7155,3a9408,3e-06
249,train,4e517b8bb0d92c01,8021,c6f89f,3e-06
8196,train,7a31e5a8314d63ed,5629,038c63,3e-06
13919,train,eb8bf70cfcab34cc,6761,9190a8,3e-06
12623,train,114c8fc71d59395c,11920,dead09,3e-06
9211,train,8fa5a4322b0772ac,1691,10546c,3e-06
12279,train,71e749a67cb6abe6,4644,db5804,3e-06
14312,train,50ae3ea203debb72,8111,f684d6,3e-06
13576,train,381482c7b5018d8c,12390,1b474d,3e-06
2484,train,55ac41c5d959bf3e,4366,832a58,3e-06
14760,train,600c1762baaad710,10631,df6293,3e-06
12723,train,7efb2b9b07aa6732,13312,9f00e7,3e-06
12662,train,76e36647fc12aa6a,4705,49fe61,3e-06
2814,train,d178d5f2b9ee3ee4,5052,875884,3e-06
14778,train,2e2bc59196dbcd92,12932,813fa7,3e-06
11839,train,9f23bf6b2d32faf1,9295,5e24a0,3e-06
4562,train,97c6da48d4105699,2811,4ae6d8,3e-06
10940,train,ccb5c0577a848cef,14564,cceede,3e-06
13253,train,29ddcad4a7a00ce1,7831,364a41,3e-06
12438,train,ce4be8e715f942aa,9836,8d9e8d,3e-06
1985,train,812dc8f44ce02552,11980,ee0f87,3e-06
2557,train,3d2595571907aea5,5659,9fb144,3e-06
6589,train,d11ac117d318490c,13309,48732e,3e-06
1311,train,b38b8b59e57b6c88,5639,19f49c,3e-06
3509,train,492d0b79db606d7e,13625,ae2ef3,3e-06
2478,train,317c329baa053e77,1989,7b71ad,3e-06
8681,train,8d769a224569211b,13066,4ee769,3e-06
137,train,6237c486920cb536,7452,86b04e,3e-06
11169,train,dcdc7fed97dae6d3,10737,d3f602,3e-06
8708,train,32b7400b86226919,11848,abc183,3e-06
6706,train,5f6579de7574ebec,8059,db4715,3e-06
11097,train,71aee32479c8ce1c,7727,b12640,3e-06
1829,train,f5eca9fefacf855c,10055,37ea83,3e-06
13599,train,18dac04870e59a7f,10932,ce7a4d,3e-06
11772,train,1c20027c1b3bb187,12248,094c22,3e-06
2309,train,07e5a5c4cebbbe50,12000,68512f,3e-06
11084,train,d348d2a29b4b3dd4,4272,474e6a,3e-06
14756,train,3c3a48cd56efa502,14178,62581d,3e-06
1818,train,033af350f104b0c1,78,8e22b5,3e-06
414,train,94478adef37cf5c8,13164,146806,3e-06
5221,train,c1cf09a1cb953bb4,4620,bfb6bf,3e-06
12249,train,c259c0622103afd3,1604,d2bdae,3e-06
3052,train,e8d55bc43997242f,10553,d88ab1,3e-06
9401,train,37b0718674decb23,11206,fcee29,3e-06
5829,train,b9529ce561713fe4,12114,27e428,3e-06
1474,train,8c9de0fc82a7704c,9184,c314d6,3e-06
1794,train,ccb9f761231220ed,3662,64c346,3e-06
1241,train,f4cfe31d778cb50c,6658,778cf1,3e-06
2213,train,76bc60d610f0b033,5975,1517ea,3e-06
7253,train,3db674d5aa2c9ee9,5282,ac8143,3e-06
3443,train,8a2aae2f660081be,13938,32335a,3e-06
10725,train,697acfe13b62f34f,2207,c03a09,3e-06
7417,train,d2ee4881180d03f1,8564,2a44d4,3e-06
3571,train,e8d6920c2d142fdd,11498,450e9c,3e-06
7694,train,483f5de61a63f438,14254,8d7147,3e-06
10976,train,23f4457d0e6b31a4,2850,aa6f01,3e-06
10199,train,ac597cdb32b491ec,11886,5d28eb,3e-06
13473,train,cf11eeaf243640f3,1106,bd1367,3e-06
6153,train,42c4ed4a6a6aae0d,4304,1a3f7f,3e-06
11792,train,6045fd9257b157d8,7977,b23085,3e-06
13566,train,acb75ae46c975be4,4179,50e669,3e-06
745,train,9c8976c919aac931,8663,597be0,3e-06
8130,train,ae5977624da1c11f,9512,d7ad01,3e-06
2409,train,e4c8c7cd38daab32,14516,2dab2d,3e-06
13322,train,7e214b706f014d89,1346,09eb50,3e-06
4515,train,f671720eb8be1305,6100,3df863,3e-06
10737,train,707e4d01c1db0d22,8953,026308,3e-06
12618,train,350fc9416f1c27c7,4950,b0c46e,3e-06
8081,train,5510aedadbaf893a,7449,712ad6,3e-06
8518,train,9652682dacefe808,4384,2bf7c9,3e-06
12211,train,61db5492f04c0454,10099,4c7fe6,3e-06
8125,train,a666737dac25917a,7436,44ff51,3e-06
2265,train,d52257dee884123b,3233,757b77,3e-06
5267,train,d47dfdfcd94a3102,7598,726239,3e-06
1530,train,43b13cfb8e3625ec,3291,a52ad3,3e-06
8337,train,bc9285476418b7a5,13919,620e06,3e-06
11406,train,20f1df035c6ecf78,2224,012f05,3e-06
7872,train,30151eab750caa48,1247,b4f4a8,3e-06
2047,train,1aaf14ea36e4a8c2,2186,104b23,3e-06
2011,train,86473160e34640d9,5857,7d61e5,3e-06
10736,train,8e8f1d08a4856c4d,2081,7f25cd,3e-06
9733,train,3024752f3d01ee94,14264,e958b0,3e-06
9585,train,f64386ec87f6554f,3253,4d972c,3e-06
3215,train,0139775b8672b6e9,6439,ea7022,3e-06
7778,train,2b096a8e816b468b,4917,790149,3e-06
13828,train,c6651034e5ecc742,2860,3bb6cb,3e-06
9260,train,e8f7bbfcc1b10cd4,9585,d66212,3e-06
11179,train,19067c549f5764dd,1502,20853f,3e-06
8332,train,d5e00a6ecaddeca5,4440,fe08f1,3e-06
9141,train,9dc8c4bfc70516c5,4209,36142d,3e-06
399,train,f04f71692eb7776b,500,1787a7,3e-06
11601,train,7796a729c23f646c,12301,29259e,3e-06
7575,train,465002fbdfb9547d,3665,192e61,3e-06
11268,train,6ce47c508d3b0bf7,5084,62953c,3e-06
1601,train,0e1a91524807802e,6793,59b089,3e-06
12476,train,9c54f7fbc4158ff0,2521,9eef54,3e-06
6086,train,11b25cec73a45bbe,13885,96c302,3e-06
4706,train,d54e74af0893e6f0,574,b79b12,3e-06
5742,train,4ba4f5c581d965e6,3538,e3e975,3e-06
2885,train,ca99d95926f7dd2d,7900,348e77,3e-06
11843,train,90b5884f946db46b,630,7cdd9b,3e-06
2561,train,9b929477f076c7db,11427,151d71,3e-06
6803,train,deab96d52e4fae71,8710,4fa8ab,3e-06
7421,train,5f24a040eb3ee848,10951,4f98b9,3e-06
3029,train,cafda25413df4afc,79,992112,3e-06
5864,train,bc44e11b4716c4cb,8240,bba807,3e-06
10400,train,dee90281dc38f832,1368,749084,3e-06
2453,train,19cd6158fa527a9e,5016,f917f7,3e-06
9987,train,44f8b24525ca45ba,10646,624808,3e-06
162,train,ce7019c8e95546d9,1803,8bef12,3e-06
8921,train,2df9ed8daf5c3d3a,9215,e6a663,3e-06
7047,train,9c0d7c94076eb8c6,2268,618fdc,3e-06
8288,train,d994a1ea283146fb,6192,1c8037,3e-06
9379,train,f94f3bee7d40419b,1264,cb56d5,3e-06
13646,train,3a2e848bcc599dbf,12873,919fb1,3e-06
12233,train,235b10ea94e609af,4039,9999e5,3e-06
1231,train,bedf9d4379201602,11889,df1be9,3e-06
4556,train,88c0a9cf257b07ac,5714,02e98d,3e-06
12295,train,1b56fcd17fd1897f,14540,720d22,3e-06
2760,train,6f5312a8fb20ea0e,6001,4a3619,3e-06
5323,train,700aa5fbd3fb5756,4664,873c64,3e-06
9603,train,43b1fb01b52d2035,9819,732d31,3e-06
7080,train,145c0f2b13c36304,9657,66be6b,3e-06
3490,train,5bc1c1239144d848,13412,9891c0,3e-06
7186,train,94d8cd1949d6209c,1393,63ae82,3e-06
277,train,e01e9ad2c6125193,9407,171993,3e-06
7539,train,cbc9af2a13b22089,6440,8f287c,3e-06
5318,train,e733c5432a7ae032,4132,cc283d,3e-06
1335,train,7659e5afae47f612,7012,82cd7d,3e-06
14589,train,5af9769892298b78,926,a4c25f,3e-06
11618,train,354f6b74a841b213,11174,ad47f2,3e-06
10553,train,a6bb355040a00e4e,1464,1dc931,3e-06
5753,train,64f5eeb01b301fed,8008,1ae9ca,3e-06
5558,train,a67024209cf0b17a,2001,b8bf17,3e-06
584,train,34620dbb23669e63,12987,c4ad81,3e-06
2250,train,c9357d37f16f4b04,6305,72f36b,3e-06
7426,train,9881c2ad7c5972db,5245,20a4ed,3e-06
11337,train,fa5cbc2e4c8b0fd2,9565,d03df3,3e-06
5995,train,12228905cf19c300,1214,b8c852,3e-06
13275,train,7d9e04fde5e9fd96,11101,1e2f4d,3e-06
7887,train,39db1a9b93f5306f,9648,127aa2,3e-06
8801,train,cce7cd828e6463be,11616,1bbea5,3e-06
1079,train,5debec3a6fa69715,25,288352,3e-06
14328,train,4844e9fb6df701cc,72,7cf20c,3e-06
7910,train,b07065d79294dfb1,2075,f1bb62,3e-06
8346,train,384225404c01b79e,9595,3252f7,3e-06
4998,train,2d1c7e33e2c15eea,11526,fccba9,3e-06
3938,train,743288bd13cd64bd,9273,fcac75,3e-06
658,train,c957f5e3e8ccf339,1218,b41fc6,3e-06
1458,train,782250fcdeb6f266,14333,b41697,3e-06
8724,train,f6d8ee6f844a3208,10089,2bc831,3e-06
5409,train,54471c3d912eae16,5188,3018d9,3e-06
11160,train,008104e6986a41c7,10577,41b047,3e-06
8756,train,52fbe6b25a0faaa8,3821,ae28bb,3e-06
2029,train,89198da794e07fc2,3824,e5c8fa,3e-06
7285,train,c7cd7e502b9b119d,12831,f29eb0,3e-06
3886,train,70516ab031414e4e,272,9fb74f,3e-06
4505,train,b2560234f9792b0b,10918,bc0245,3e-06
2808,train,8921999a96770b48,5403,310200,3e-06
7064,train,57334e15c53b29c7,12552,dd3af1,3e-06
8619,train,58d6e3b7dea713e8,13229,1a63c3,3e-06
733,train,d937df0648a67996,12136,61406b,3e-06
1696,train,149ace684cfccfa5,4133,9224e2,3e-06
7968,train,dfba10e4e57147bc,6075,fa05d0,3e-06
881,train,a4eb1c0205bb757f,7894,ddec78,3e-06
11521,train,24085e9300a201d7,12084,fe949c,3e-06
2965,train,3e4c99b754b97aba,12149,d4ffaa,3e-06
10192,train,82b426f5873eac6c,4774,ff6d59,3e-06
8545,train,75d2b13dbcd5f216,821,b6f2dc,3e-06
1490,train,bf8816c81e420ca1,4858,72f560,3e-06
3839,train,7bd2095a8285dd00,11645,af715e,3e-06
8716,train,299c4fa8557e189d,13157,d0994e,3e-06
4022,train,1fe2c0b1eff86126,12881,994c2f,3e-06
13907,train,1b5667578ff8ec86,1623,a58cbe,3e-06
5870,train,85102f2c9516b1bb,6672,fd656d,3e-06
12131,train,ccc132f4b8260f37,9154,86eb99,3e-06
6276,train,5de9a50efb648399,14444,4df46d,3e-06
5749,train,a269cfe8e49c9810,8195,e5a848,3e-06
2350,train,f45bde52746eb84e,3558,b162d8,3e-06
11413,train,c4b9138e1390150b,5773,582189,3e-06
12196,train,bb60a308a4c073a2,243,d66490,3e-06
8247,train,851d5be3c26eeb67,9596,61cebc,3e-06
9692,train,467aa834d2d6e9d7,10022,69f2e8,3e-06
9273,train,c3eb6a4a0b0d13e2,7284,85b2db,3e-06
10839,train,29f39e14c121bb56,12420,7154b8,3e-06
3312,train,e11f5d8fe796f4a5,13315,d89928,3e-06
9408,train,95eaaa5625ad29d2,13153,60037f,3e-06
10409,train,042e096aa24b1e20,8669,99f577,3e-06
12396,train,9a93685079c5a84e,3800,223570,3e-06
990,train,0a3ac306961e317c,10907,ec18ba,3e-06
13232,train,3bae7fc6c7e4abfe,2681,71687c,3e-06
11374,train,e427d39923a5d98f,13457,4147ef,3e-06
9527,train,75aae4c9b6593877,1774,5042d4,3e-06
12468,train,642124a10a23913a,6093,9e2307,3e-06
11693,train,611552a5ce7399a3,6357,326aab,3e-06
13837,train,011312cf62f577db,1222,b14b7d,3e-06
3750,train,59d7c611551f5fb4,6038,036de9,3e-06
6772,train,cb978008ea103a3d,7481,a42eea,3e-06
13173,train,af82c138edeb9724,12334,509075,3e-06
10036,train,f0159b1e5fbb9e25,2432,952253,3e-06
7451,train,010b06d25475c96e,14204,7f222a,3e-06
14692,train,3f309c59d3e7361c,11757,029d07,3e-06
11563,train,bf50233ef3abb40c,13257,76e90d,3e-06
7515,train,838e01b97565d98a,1656,9da30d,3e-06
8155,train,53b5ea7b0e9d934d,11240,6be282,3e-06
6984,train,beda082f69bccf7f,11454,b4a319,3e-06
14777,train,739f4bac75679fa3,8600,790c80,3e-06
4451,train,c12cf7f2fca88bb4,13283,9d6a7e,3e-06
287,train,e411574193012ae3,11639,53d147,3e-06
1103,train,54e57f3f90b2a9c2,7221,69fdf1,3e-06
4829,train,80f1a8db0a3f1bf7,1759,ee0af3,3e-06
4460,train,5fa53b84843fba34,5549,6210df,3e-06
3143,train,958c2943d1e7cb97,2056,1a40c4,3e-06
12272,train,0f4d9c052fbf30aa,2595,971aba,3e-06
10887,train,9070782bc52485fd,397,d651b5,3e-06
4930,train,9bbc1a1a73e037bf,13706,c998cd,3e-06
977,train,b3f1b84f55fa914f,6840,3e3022,3e-06
13441,train,65d15461fbb10c13,2559,395861,3e-06
14461,train,8c5f10bf24858d1e,12490,56e003,3e-06
14799,train,32149e12360bcf03,2069,1b8715,3e-06
14003,train,b15d20ce82c6dd20,9856,0fce8d,3e-06
2636,train,4a8afb5f468d4edd,1509,8103c1,3e-06
2770,train,b793f52851860648,601,0927a1,3e-06
4743,train,653291b5b45cece6,1321,05cbe0,3e-06
4595,train,45d583977b3a4e6e,3119,181b2f,3e-06
8820,train,98e619954f0b1154,7271,7ffc27,3e-06
11270,train,f036e1b2e4fbaed6,645,8da291,3e-06
7490,train,3e408050481eaac0,2593,14e627,3e-06
3493,train,ad95b22ae4b59def,12525,5676f0,3e-06
8242,train,09874b98050e35dd,3189,9b0a91,3e-06
14625,train,b971c7c13ab8eec8,2959,94ee3f,3e-06
11422,train,c5f9c36f9294cd43,2916,a2b1da,3e-06
5618,train,66b7792635550a6d,10204,03d353,3e-06
7965,train,ddc248346fd76e64,11150,773343,3e-06
200,train,4ce94891afc5b020,11896,c775d5,3e-06
929,train,4ae866b83b944f5f,8202,6821f7,3e-06
4432,train,ad539b822fc0bae3,11747,490ea2,3e-06
2752,train,9160d02ebd48d2ef,8463,27a99b,3e-06
11986,train,398f0d9a61e85e2a,83,baced5,3e-06
8652,train,8e60c98f55add7db,5802,15b789,3e-06
9155,train,4382a5209347d5c7,14386,9dc153,3e-06
13648,train,82d52bb1edad0ea0,4911,2c0705,3e-06
3266,train,9a6f1a22a5db72ad,13746,0d168b,3e-06
14454,train,fff8f1282af889d9,10193,f97177,3e-06
13695,train,3e8ac0d57232c09f,10354,49901f,3e-06
4091,train,989e3c2921470414,10492,145066,3e-06
12093,train,6f386bda6056487d,6812,e33ffc,3e-06
14445,train,e9c61200c7d999bd,8003,c63160,3e-06
4236,train,562062f7a8ff762b,9580,697557,3e-06
10626,train,6c0c12bb8c7553b5,5457,a86856,3e-06
329,train,581994e68b4e2fd6,7302,63f0d2,3e-06
9552,train,9f42ab3318af0d69,6335,6bf50f,3e-06
10155,train,aa0278f882dea973,11378,763311,3e-06
568,train,98eaf98394a138a8,5376,116e07,3e-06
9248,train,1af1efeffdcbef8b,12996,e23953,3e-06
3447,train,4816aa203e8877b6,4045,cba178,3e-06
3773,train,2733e4bd2fe06ce0,8690,0479a4,3e-06
30,train,7c3355dcddae4aa8,1968,394bc1,3e-06
7568,train,46c38cb1acc9ec87,8667,840e7d,3e-06
4331,train,21dffb9b1d27d4f6,1343,d5d561,3e-06
7806,train,81c710c95c60578c,12475,cb2531,3e-06
14746,train,d25ad659958d4818,1523,733d94,3e-06
11522,train,440b4df6e382802b,5893,e46f56,3e-06
2285,train,e358aa235c3670a8,1706,3e7b50,3e-06
1674,train,8b63ad7927eb99f3,6024,73dc1b,3e-06
14484,train,27e08deb44ed2fc2,2809,36845c,3e-06
11098,train,ddba5f4987ee5ba3,3579,856663,3e-06
4685,train,5da6979156d45df8,12989,f6fc8a,3e-06
13152,train,d0930b81f33a5590,9808,cb3a42,3e-06
13105,train,68a472e781727609,8007,1e80c1,3e-06
219,train,4dfd70823cd8926a,4104,e22d2d,3e-06
3583,train,75490f8f111c724c,11393,93d094,3e-06
7277,train,fbaf08ebc291ac94,5524,a2710b,3e-06
3274,train,f299c69c92d9140f,1142,be168b,3e-06
11298,train,cf6ed13dd54183f8,10025,8ec38f,3e-06
3975,train,4384096c40e592d7,8959,f252f1,3e-06
6393,train,d517e5cb6b4a8400,14315,e621e5,3e-06
5840,train,b7eee0fd1dc9137f,12410,bb424a,3e-06
9523,train,d10773a637b4de30,13265,a888ff,3e-06
14291,train,5856f6e1cf209b16,12915,6af2c5,3e-06
8171,train,e866246d40540a81,11505,19a4a2,3e-06
6413,train,a944fef0317ee761,8904,ef1e53,3e-06
5063,train,f3b5a3b5eb17b708,11210,0f0090,3e-06
13154,train,7a30de3518e3522b,2380,1a7048,3e-06
6947,train,f96336108eb0b090,6961,61796e,3e-06
13462,train,fac20d180aa11dff,11455,ab31cc,3e-06
7060,train,99a97e686df0c173,14048,cefb75,3e-06
12440,train,7e55ba4d6a81ed6a,14311,1ef4bd,3e-06
7565,train,54c1c0e77210d06f,7957,0da3f6,3e-06
14796,train,b4065cd4f8c4523b,13739,c60c0b,3e-06
8037,train,16a143fe24e3e666,6531,6ad39b,3e-06
5086,train,8c6d690219fbca1a,6135,daf9a6,3e-06
6547,train,27b33cc3da1ef0ca,2619,7aaff7,3e-06
616,train,3b1f13f15b6c878a,13277,fd7c6a,3e-06
14155,train,16f897d72cb50420,7308,b08ae4,3e-06
9292,train,46417973cda55742,2866,646c3c,3e-06
9091,train,57d0708072210d19,1279,ebca6e,3e-06
1142,train,0e5f0ca374457216,4217,6118c6,3e-06
11524,train,53c98fb53ff497c9,12665,b403b0,3e-06
14719,train,759bad01f49e8549,10430,d50ab9,3e-06
6878,train,4ee0923c11b86e03,8963,aa2278,3e-06
14626,train,f409d982e0f13ca4,33,6c0953,3e-06
13920,train,bcbc56dc4f5b81b1,238,033c9c,3e-06
9186,train,e53002d57d27345e,5666,892818,3e-06
2658,train,45cfdf8a586809e9,11013,c67457,3e-06
11810,train,478e5590b6377115,786,d86fe5,3e-06
3198,train,7101e27800368a4c,12143,b64043,3e-06
355,train,ca66fcbb6cdff31a,8302,b572d3,3e-06
6384,train,5f3c0eefdb353113,6885,5e0f1f,3e-06
502,train,c03a76d691168c5a,193,54b1c6,3e-06
4521,train,f2647df005cc6296,4137,557ad3,3e-06
7557,train,de0c4da36f34298d,5316,01c728,3e-06
14292,train,4e010fb7f68c2d59,14064,15f028,3e-06
8266,train,40aad3b47446fb17,5310,83369e,3e-06
13727,train,c9f4315d92baf050,13017,c6360e,3e-06
13722,train,d0c3487465df4e76,10350,67c979,3e-06
9636,train,826af912e7d7abee,924,3dc2ef,3e-06
4778,train,4a12653a1247ec34,9232,8c2552,3e-06
12851,train,15e693f32dfc5973,9021,aaf5ee,3e-06
13381,train,464f5a21d77a81f5,3950,ee4054,3e-06
9062,train,8ae8ab3ee8ec7d99,13142,ab0b40,3e-06
11317,train,c2aa0310865f46ff,7309,974a1f,3e-06
7438,train,12bfd30fccc09b05,6699,2861e4,3e-06
9777,train,5741346d5e3e750d,5404,50bd82,3e-06
4622,train,876d3704d9ce0e90,10269,84f365,3e-06
12128,train,c1796c007cfa9a5b,1274,dba72d,3e-06
5601,train,b23b35aee0a77d93,3989,f8579c,3e-06
13522,train,c01bc3a668f2bc28,8301,18b4dc,3e-06
8064,train,dde7ffa0fd86d3a4,8417,34e927,3e-06
134,train,a808ce838c01c87b,1549,1e1a2e,3e-06
5587,train,21d1fb091636d858,3602,65c098,3e-06
12525,train,08c9bf5a2f216379,13547,dc5006,3e-06
3414,train,24386f93c8319c7b,8431,88b00a,3e-06
242,train,7b0daeb817ad2abf,3562,ce77c2,3e-06
2601,train,ef2703373d10db0d,11001,4ffcd0,3e-06
6171,train,b4c2f7a968df92fa,10310,34b18f,3e-06
7261,train,8e84de817c8a264c,8133,a76f12,3e-06
5638,train,d413d0d5e0e3e6ae,6754,3e6d72,3e-06
917,train,e2db912458626e1e,12541,0988db,3e-06
11918,train,db9ebd16c88f1f65,8271,0cacbd,3e-06
11624,train,165f7874a4c75053,2481,a2bb44,3e-06
13282,train,0f8373036b3ae141,12838,c7fc9a,3e-06
2408,train,8b70fd99af3c6912,11891,de7e44,3e-06
9234,train,3a9a1f054b1c8ba0,12886,0f89a5,3e-06
8258,train,007b6910361f7b0e,1364,094f5d,3e-06
4629,train,29aed08c937715e0,4414,f88c9a,3e-06
13058,train,bf73b7420d5a5495,3557,32e5d3,3e-06
6932,train,f7d28eabace9e8e0,13734,13cd61,3e-06
14591,train,036040dcb68cd35b,14562,74831d,3e-06
9941,train,2d2cb617fccd32c1,10284,608201,3e-06
12585,train,a588c42ae5533849,12234,9efb38,3e-06
8466,train,12ab3ffe15bd3251,4033,74f30f,3e-06
7450,train,d4dcbee51b54a3f1,4467,946783,3e-06
8031,train,9bb04824c710a454,12564,dad4e1,3e-06
2925,train,c9d961462dbe69d2,8641,419225,3e-06
210,train,6efefc0a4aa05708,2147,dbb5d1,3e-06
3944,train,0ffd51367b8c4725,7954,246878,3e-06
4165,train,6cd5c7e2b621c4f3,5471,3656fd,3e-06
10964,train,75a51b0801c4486a,13782,6bc444,3e-06
9800,train,6c83b3311278f86a,9791,18c310,3e-06
3486,train,1cb3b9749b6c67a3,5108,7aa773,3e-06
12410,train,55a1049e689ef176,6868,4cd1c5,3e-06
13572,train,d9033bcbb33c54a1,11895,e35237,3e-06
4507,train,49106f04372b2c61,5092,b48a30,3e-06
13198,train,c7402844a502dda1,12654,5c3028,3e-06
5070,train,e45138dda400bd0f,14228,627e28,3e-06
6751,train,c58d721a49d554cb,7469,c98146,3e-06
7841,train,881f52c763a1bb21,5198,b9592d,3e-06
12218,train,32a075a5d3134163,7348,328d2f,3e-06
7977,train,35779349051582ce,4255,eb1b8c,3e-06
1345,train,1be598fed57ae587,13548,230fae,3e-06
14899,train,9defac9e6e02f551,8742,3b0bc1,3e-06
8184,train,ca371261325a7599,10463,8fe944,3e-06
14814,train,fdb4f949a92045ea,4802,be8676,3e-06
10533,train,23f1c75630f8ef9b,13020,41a182,3e-06
11121,train,34935c9e518157ad,13674,d90320,3e-06
6226,train,7d19e25d72454957,6524,90aa85,3e-06
542,train,19f0ffa64e413d65,11818,d5a0c8,3e-06
2109,train,e6fab4c443a48ee5,13854,ce229f,3e-06
10452,train,1621b06afa68f888,4316,f7f546,3e-06
2869,train,4c51e57cac58a9d7,2095,975d92,3e-06
5641,train,f5972a050e3772e3,4285,9c7d57,3e-06
10597,train,45b97e76f06d12c3,13353,bc791c,3e-06
5879,train,e5b884c5088d8aa9,14183,deb5e2,3e-06
13645,train,9a2f855c96bf54a2,12961,12bd18,3e-06
633,train,c6e0891a5e2f4367,10071,89f930,3e-06
7767,train,698e38ba827fe353,7496,7e5b44,3e-06
7634,train,98b4addf3b42c18d,577,a2f2df,3e-06
13096,train,fbaa8b5f302d326e,13992,dfb4c2,3e-06
12588,train,09f3170cc9d8f256,10321,92dad1,3e-06
5947,train,302d26ed94ac7519,4960,d0d100,3e-06
12081,train,e0aa406bc4463d36,13790,46f426,3e-06
14535,train,7e354ae192cc63be,1175,b5d2b0,3e-06
10573,train,a89239c40a941615,4993,fc2e71,3e-06
732,train,c8b88c5218b4461e,12118,3b9fe2,3e-06
8227,train,faab96ee075ef88f,4477,2d17ce,3e-06
8331,train,54ce345a8ed1a927,8499,1049f3,3e-06
11172,train,bb9ef4558833f74d,1920,4c7d70,3e-06
11822,train,8d2afe38d6dcdf4e,2260,06b810,3e-06
582,train,d6d0aa3afde965cd,6726,e83985,3e-06
10413,train,2566ab872f102cf8,9049,489995,3e-06
3050,train,c088836dc16be7f2,12427,a239c9,3e-06
13763,train,a72cbce3ab0e8e9a,2232,387126,3e-06
10215,train,a07655dec9fa747d,12955,881f86,3e-06
6777,train,5f89a8bd60624736,2292,cfba47,3e-06
2023,train,c5d0ed1c0fd1d28a,13478,5cda65,3e-06
9957,train,c4b43a2cf610d55a,9265,7750b7,3e-06
7442,train,f3e1dd1548106742,3412,731b2d,3e-06
7690,train,6e875d17423310ef,13427,408a2c,3e-06
14017,train,3fc4c08b47904ed3,14412,4a3cbb,3e-06
2806,train,3dec869906dddd73,12502,870742,3e-06
995,train,f8475716a26a0427,1324,814759,3e-06
2745,train,5a1797a517e6079b,11225,efef8f,3e-06
11917,train,31980467be900d8c,2366,eb4207,3e-06
7708,train,adaaa4ee3ce219b3,9174,de376a,3e-06
13331,train,78a3e6c7bd3597d4,4148,d1da19,3e-06
7,train,c8863673c110742e,13057,d3d22d,3e-06
3431,train,39130d67b21d8190,3219,e36754,3e-06
1408,train,5af2e06733da9c82,4686,d8a9b6,3e-06
7343,train,28f31120a79fae67,4691,54526a,3e-06
5494,train,3dbd72bbe6b3ab5b,5193,0324fe,3e-06
3310,train,b0de358875d6d3a2,6120,72c96b,3e-06
1051,train,33b0ee3a8b8ea51d,9755,e75215,3e-06
1880,train,0893c9d687112ef2,10391,256ac3,3e-06
5708,train,df8da2102bfd87fa,3966,3577f1,3e-06
6967,train,9ca624214ad94252,6513,0db661,3e-06
12583,train,ef40a59f493b5391,11799,1b02f3,3e-06
7166,train,f8b29ab37bb94f93,1839,5e1594,3e-06
5242,train,093f41b099c71db0,13029,d2ce30,3e-06
9156,train,2e9ed96731481391,9500,4004bd,3e-06
14503,train,161509c2d8222832,20,276786,3e-06
8265,train,17d0fd80f22c8302,7323,4ab958,3e-06
418,train,cd137940e6e65141,10992,857a56,3e-06
1062,train,9b72a4504374da90,13930,a69407,3e-06
9560,train,e23502c6d8f5a6df,1471,47d1f4,3e-06
2786,train,c9b68e7e5b09b8d3,10694,bc12e5,3e-06
12284,train,b3feb11f6e2593d3,9078,d10fd6,3e-06
7382,train,b2777a1eb57fbd8e,7664,faf0a8,3e-06
6681,train,2fcd9ff391b8338c,6289,c25063,3e-06
5222,train,3ad4ecb6e126fddc,667,145f89,3e-06
12686,train,6819967b57ac55bf,8585,5551ce,3e-06
3573,train,86616c6fc867ef70,11249,8608ff,3e-06
4918,train,9016649ff3ff4f50,9422,1cf69b,3e-06
14502,train,88ca01a2527d96ec,8473,362d98,3e-06
6430,train,fe9d747734b984e1,1558,2787a3,3e-06
14064,train,cccf98e2575f8659,13388,90dbcb,3e-06
8521,train,4604e9aaf4c3c634,8541,ecfdee,3e-06
685,train,33b6d80d17155e46,7477,062de6,3e-06
1379,train,ab6b06fe99dbdffd,7247,7ee9e2,3e-06
3059,train,98ebaa73bc9be1ce,4234,e9ff31,3e-06
4997,train,0f9c30f834efb587,6534,ae8059,3e-06
3853,train,afeb71e30c5fd297,10314,f9e811,3e-06
13474,train,0b792c65be8c4713,11531,22b598,3e-06
13779,train,f82d06f337b2fa83,10453,df5566,3e-06
4991,train,2ab174ac7c851849,8477,e3801a,3e-06
3058,train,9bd817e631e676ac,10065,d34e45,3e-06
7722,train,b679602221a3678d,8151,addf41,3e-06
9361,train,2a5274460f09e630,2550,8488a2,3e-06
7618,train,faed9b0a7a02c4c0,9686,dc6e54,3e-06
12606,train,5ca7816770047454,1488,9a8590,3e-06
9687,train,74007381762167e7,5894,8e1ad5,3e-06
3747,train,0fd20b62b1b2233d,11285,94dfbe,3e-06
13940,train,3c8672d6335222b6,11722,e49eb3,3e-06
10802,train,9b1b56103dd52e6b,12133,af21c2,3e-06
7517,train,88f2616a607b663b,13296,54ad89,3e-06
1419,train,54a7cef948b1075c,5545,7f29e8,3e-06
9932,train,c544bcb2e6d52b2e,3352,166e84,3e-06
3382,train,a96f36e119b1f05c,9314,169fae,3e-06
7386,train,afc8ec99dbbe4c50,11975,f35a58,3e-06
1930,train,807d14af4a20f147,8478,d6562d,3e-06
1891,train,552e599dfbb9b464,3301,d09fcc,3e-06
812,train,d638890be958ceef,10764,54623e,3e-06
10989,train,af2c82edde5709b7,1362,baeb55,3e-06
463,train,0f1e7069a3392393,8943,ef6c91,3e-06
3797,train,0379673c118a7dbd,8382,7f6d83,3e-06
13446,train,7951373acbecb549,9402,3c50a9,3e-06
3022,train,2ad422f534f295c7,2305,4759e7,3e-06
10147,train,2c53629064611e48,6056,8e3b8b,3e-06
14659,train,2cc667b0facf1f8f,5619,1e5d45,3e-06
3594,train,9d5cd640c34ac3ab,453,b162a2,3e-06
5192,train,19064fa9af7c7e28,5306,a4fcc7,3e-06
2498,train,c0de5fc5442dee05,724,112c5b,3e-06
2870,train,ac2fde6bf7051754,681,21e733,3e-06
7750,train,129d9d90445f95cb,10890,f3bbd2,3e-06
11880,train,bd4ed3c856505521,13701,0a7873,3e-06
9637,train,f161bb12dec4ff94,12167,f736d4,3e-06
12111,train,381742876d9567d3,13074,ab847e,3e-06
3287,train,166cc67be6424af2,7521,83626c,3e-06
3650,train,9455466ec7b4b45c,7188,d54c3b,3e-06
10699,train,f2c9340db52d42cd,12368,81e231,3e-06
11554,train,f3668051f6aeebc5,9200,b5f655,3e-06
2671,train,55731ce43dfe1b53,5341,5df69c,3e-06
865,train,3a7e8d7b379e3e7e,6512,e527bc,3e-06
5852,train,b0c599e972a4421c,11415,e64bc9,3e-06
4077,train,c353ec4ddfc48abe,4679,b616ed,3e-06
1957,train,aaed611fe65edab6,7419,a396e4,3e-06
3850,train,2600d6e4461d2b34,13772,e99276,3e-06
10037,train,a0d02370a8da696d,4605,caf103,3e-06
2993,train,d11d977cb53633fb,3427,59dae6,3e-06
4645,train,cbfe8a55425fc0cb,7891,e198c8,3e-06
7004,train,c37c1e564d2ac1b0,5265,36e380,3e-06
7856,train,ecde70c32f0a62b3,8326,17401d,3e-06
13471,train,418fae24dd1305e7,9062,42bc0c,3e-06
11733,train,a98489468cea0609,7417,470444,3e-06
9476,train,5e489a106929fd8c,4798,2d2dce,3e-06
14319,train,593350f6258519ac,5981,548a9f,3e-06
9882,train,b31959eda1b9bcac,1957,3b963f,3e-06
12324,train,875617f4438be252,4604,b3ca3f,3e-06
3683,train,d187dc4313d0987f,11111,8af991,3e-06
13718,train,eca5847dc93bb37f,3267,ce6e86,3e-06
3881,train,f5989f80242ed7ae,3875,a4753d,3e-06
6884,train,a81d54d04b490de6,11353,2c5d3b,3e-06
4538,train,37ec1f0d7bd59de1,3436,396d8b,3e-06
10516,train,5669d457c52a5568,9195,313640,3e-06
13995,train,7e60543a51e861c6,13102,24190a,3e-06
14701,train,4260cb986872ab16,13474,fedbfa,3e-06
9270,train,d9ed3985c54965a0,7409,140e86,3e-06
7527,train,1e5e1d4f7ad4e2e5,5230,eee89d,3e-06
8774,train,b2ef0dfde81e359f,5748,e128c1,3e-06
687,train,1df11ab31dd699cb,6688,6910eb,3e-06
12707,train,b227605ae469b423,2217,14b1e9,3e-06
14465,train,2a22fbb63765093f,1853,ae8f3a,3e-06
14184,train,b8f3f21de1e73048,13391,b689ff,3e-06
13884,train,0acbe275044a455f,9019,dabfee,3e-06
11110,train,4f7cab347ab11b17,6572,6713d0,3e-06
13720,train,646207497580ea68,8752,986971,3e-06
4020,train,51d729b00a0a82a5,6071,d1890c,3e-06
11759,train,bc1309ddf84adf56,4097,fd4dd7,3e-06
12957,train,3b1a46d1af9c8e2b,10205,45cb3c,3e-06
14583,train,458387e842d8727c,13173,216687,3e-06
14337,train,a007328a00b6050c,12822,fc1dd6,3e-06
9066,train,8afd4a2a33c45204,10361,7ec830,3e-06
13460,train,ab1fb7a85dcc3f83,6736,e52ccb,3e-06
11354,train,93633532321f22e4,12548,c07b9f,3e-06
847,train,8eb7fb96bcdbe56b,2691,ed1518,3e-06
11757,train,cd0a826cb9dd062d,12042,6c27a1,3e-06
8350,train,254377b2c501587f,14390,424d65,3e-06
9773,train,1a81af6721138f31,12702,ea2337,3e-06
13157,train,d83e3fbf6b972df0,13253,408f1b,3e-06
8916,train,4f2b1281eec02456,10690,40dede,3e-06
7435,train,edc0f70a8f5968e2,1705,5cdbb0,3e-06
434,train,f18eed3f7b386ab3,10240,b85184,3e-06
3595,train,918e949a675a9be1,2560,851808,3e-06
5859,train,3c82179c4af561c7,2017,330b17,3e-06
7093,train,0ea5d268ad8669ed,4160,d11170,3e-06
252,train,89a3d530b3bc52e7,1646,0f77e9,3e-06
13639,train,cc6431acff59f141,2755,6311d4,3e-06
9461,train,4c548a4a9e206f46,2888,f38cab,3e-06
310,train,84da823328954109,8145,7cc649,3e-06
11008,train,15c4579fdcb7921c,10916,c5249c,3e-06
5229,train,13dfdcdfccce8edd,5348,00df21,3e-06
14731,train,6b0a07d6b716d063,4118,7400c9,3e-06
11036,train,4ecd17a10052bba6,1600,637adb,3e-06
822,train,ccf689a43cee7ad1,8048,62890c,3e-06
11291,train,cc5f4c049d2a68cb,11122,1fcdd3,3e-06
889,train,1c5f2bdacd42e006,1805,cb3e9c,3e-06
12484,train,1414bf565bcc4e64,11717,6205c1,3e-06
2915,train,c48f0b7e2658dcb1,2241,d7b1c7,3e-06
12735,train,4ae57a904daf4bd1,12354,1ce073,3e-06
14417,train,e001bd535d90c4c3,7855,df0b0f,3e-06
12727,train,fefca6f99c2ca78f,13175,9ae910,3e-06
436,train,b7ea9c11bfa26462,791,50b645,3e-06
2262,train,4a293fc5b90a6693,7491,f9b992,3e-06
9187,train,1eadcd6a73806fea,12919,2b30ff,3e-06
11785,train,2acba44998283cbe,6867,3a9d59,3e-06
11514,train,5b0c29a7711a5000,5101,01c293,3e-06
13420,train,62d497ff32f9a9fa,14165,f58811,3e-06
2708,train,6fabe18d1f87cca0,5250,c82a39,3e-06
4781,train,dd5ccd7ed0901cde,4709,c4f6e6,3e-06
11204,train,1aae554fad5c7c80,10959,d257e3,3e-06
13932,train,9860148d234d9e88,1837,fb6d47,3e-06
5129,train,887325506de95ab1,3200,bce046,3e-06
5013,train,42d0bdf2d2648483,9161,11b8f4,3e-06
10522,train,d9814f342829683e,1158,951a33,3e-06
6264,train,e4343f0d813bebe1,891,864fee,3e-06
5895,train,a8c0c663f66f12a3,2646,eb49c0,3e-06
722,train,9a9ed93eff482318,7870,34e762,3e-06
22,train,ace9de7157d1461e,10573,f30bdb,3e-06
5095,train,3660e0f3ef340785,12085,c20dba,3e-06
6137,train,4265f5121dc0dae2,1234,683f9b,3e-06
12216,train,0c01628a00e8dee8,12088,7a83af,3e-06
8174,train,25956089cf8d60a2,4249,175bcf,3e-06
6063,train,8220f6dd8a1c99f7,12543,bd9bf8,3e-06
8613,train,87701d6529389b32,1320,545650,3e-06
14100,train,634cbb7cdbaa7ba0,10564,93ce48,3e-06
14129,train,175910abbb9e745f,6955,c4e41a,3e-06
7049,train,3755e41aa05f645a,4371,2ee645,3e-06
12398,train,203d8c3ae9852d4f,2291,06da4e,3e-06
190,train,91e5f05f05f1fcb6,9769,b3166b,3e-06
5563,train,a4d1594c5e12f880,10063,e2fb52,3e-06
14154,train,1938b519c63858e3,1998,ef2e8b,3e-06
1745,train,ab975f4a734e7b70,3060,5ac768,3e-06
1399,train,0ad06810cfb22926,2119,888c7e,3e-06
7818,train,bce6287cae3ac0fa,10105,4196fb,3e-06
12887,train,7270bcb05319195f,1617,87f465,3e-06
6416,train,bef23bf8aec265ce,11830,4d3513,3e-06
11353,train,052b4cad11d05ab7,4497,a147e2,3e-06
13263,train,0a1d1dd3d460b6dc,957,e3acf2,3e-06
9339,train,c7370d0f3b63adc2,9841,aaf130,3e-06
1597,train,87e715b0b45181c1,5710,91711e,3e-06
2009,train,43568b9152482b8f,9029,349935,3e-06
2237,train,30779ca775c33e86,10454,adb363,3e-06
6966,train,628ec6cf5599b28f,8839,7a66fb,3e-06
4755,train,e31b3ae381bb2516,3514,9fb70c,3e-06
12322,train,8612dbd4114b2af6,5134,9afde2,3e-06
8229,train,4d4367bc3c2464f5,4997,eeffb2,3e-06
1528,train,710da1239811845f,1725,bd847d,3e-06
1304,train,bb15baff93e084f1,384,2b60ef,3e-06
12489,train,fe72e2df91088121,8207,a7fa12,3e-06
10832,train,b7f428ceadaf9669,3948,d0bccb,3e-06
12063,train,5bd3b5c5af6ac9d2,2719,354969,3e-06
6354,train,858278bbe804209b,10312,893757,3e-06
10336,train,c08e309ec93b4a64,992,5943bc,3e-06
7558,train,fd78c9f57b169c01,7192,f6e0ba,3e-06
10580,train,4286144eb01d02f2,6648,2e239f,3e-06
2221,train,b3944e3c6a17594b,13101,e76102,3e-06
2894,train,78ba1c2ceb1e0b92,1689,f9e363,3e-06
5657,train,37bbb1e6d85c48d5,2010,773260,3e-06
5415,train,3e1915b9d7e7a6b0,5938,2f33d8,3e-06
14916,train,8a78c720bae38572,1093,437ff5,3e-06
11664,train,f0f561b81c196444,1304,bf3c7c,3e-06
14133,train,ccb5569de1f5410f,406,efcded,3e-06
12065,train,ec0f996883184e24,11807,4401d2,3e-06
4344,train,56d4ce45adb7d1b7,3551,bcb1bf,3e-06
5570,train,96d6f43cac3fc3d0,14393,5fdd60,3e-06
11558,train,217c686d0b176a0b,13836,ab288d,3e-06
2599,train,e64a457b6e9ca2a9,3660,050a12,3e-06
10966,train,e4ca1f6596dbc16c,13450,b391d4,3e-06
2767,train,d76a93dde19fab73,477,16782a,3e-06
4510,train,f14fd1d1a21d0bca,4809,1321bc,3e-06
7473,train,7953718c0e32cf16,8968,d400fc,3e-06
3592,train,9432966681a8d794,11172,483f32,3e-06
5732,train,ef3239fe1a22d1ce,3544,77a7aa,3e-06
13987,train,620720425a180638,7082,e623ff,3e-06
11643,train,b0e02ea9ba92ab3e,12656,e2a53e,3e-06
13841,train,90be7f979bf6896d,5248,0622ff,3e-06
4780,train,571d8bf207a41e9c,1701,0821c4,3e-06
8017,train,adb20b95bb2ac912,2707,e733b8,3e-06
12848,train,6687a1cc60c26962,6176,b221cc,3e-06
3924,train,b7cced79c0294b68,3891,1b3d71,3e-06
2950,train,6b8eeaf95345c9ce,3734,b05459,3e-06
14901,train,efa1a0a0998b8e9f,8087,925be9,3e-06
2196,train,689f4737086fc5ca,11459,6e178a,3e-06
8176,train,dda2c11548fa4dc0,5660,d4026a,3e-06
8303,train,7b00c01b5551fb46,9386,f8e2e1,3e-06
2872,train,c3f04e16815cd507,4651,d8e7f6,3e-06
11568,train,748db7dbec587234,14346,e8c519,3e-06
10485,train,f492979f597051fd,11043,b29e2a,3e-06
10621,train,b9387bc88459805d,71,629bf5,3e-06
13353,train,ef757f3fff07f7e1,6821,d37f74,3e-06
6175,train,4c249b0f44d31b5b,9272,61e0c2,3e-06
8032,train,dfbb5e13846fbc2d,226,911d89,3e-06
7379,train,d965e96c4ef26a95,10129,a1ef6d,3e-06
14902,train,a6cf84be4c1d87a1,9869,f2ed9e,3e-06
12173,train,c457b91a25abc7fd,5103,c17dff,3e-06
9742,train,0110f8f0d9f9aaba,9600,9b5326,3e-06
7724,train,bf26e5ec5a84ea88,13792,7d6494,3e-06
12023,train,2dcc98bc404a653d,5644,de90ee,3e-06
6997,train,43fa3aa25d7542f5,2626,31e60d,3e-06
10076,train,577a5ab8384c7fdf,3251,bdbb4a,3e-06
7635,train,6cf5db5efab42f13,13281,9f5ad9,3e-06
5231,train,d36291b19ff34e26,12303,47c91a,3e-06
14338,train,b71142b40d741ee0,5482,e2e330,3e-06
12407,train,a57e5f20afd1cf5f,11730,e8bb84,3e-06
2318,train,2dad406fd4354741,3549,fa0271,3e-06
14388,train,2c047e9a2a5379e2,12848,555813,3e-06
5519,train,15c483c3ecca4071,14092,75875e,3e-06
1765,train,0b89980163a020f3,5643,45179b,3e-06
8440,train,254c4098513dba7f,3859,ca54db,3e-06
2134,train,475a7df978e22129,166,93372c,3e-06
9303,train,345544515836f198,2689,a72b7c,3e-06
8159,train,74f2714f838417b9,8081,95362d,3e-06
4478,train,ba787b5cb9445aea,6797,304639,3e-06
9471,train,61d84092467eb4c6,2613,3b6127,3e-06
6110,train,b2c2297aec264f50,9239,385adf,3e-06
13716,train,1a8f84451849f1b3,4270,d3021f,3e-06
13629,train,671249ec4252ef07,1750,63bc42,3e-06
7145,train,16cc637a3f4e7074,9775,638a62,3e-06
12972,train,30a511ae63b31bee,10532,b30761,3e-06
9972,train,2c5ad6da87f09d48,5963,d4328b,3e-06
8116,train,dfb001b728b8c426,8346,7da3a7,3e-06
4279,train,d836f16c63ca5a91,12584,680390,3e-06
1748,train,7346182406a7c8b5,3336,798e31,3e-06
5533,train,7a6b3b4dff0bb807,2452,fdb2fb,3e-06
12803,train,620a5b01968fe965,7851,f771c5,3e-06
4368,train,7dcc485b2d665ee6,7812,ca956f,3e-06
9437,train,97670ba88021e38f,8551,f914ce,3e-06
9231,train,4e1adf1a3dc96060,763,06d189,3e-06
4701,train,a6ffde18c3538f1b,1694,3aca58,3e-06
1213,train,436476ef033a2381,13156,6f55aa,3e-06
8298,train,c697592aeb556a2a,6547,4b507e,3e-06
14883,train,f3dea9a119795229,12298,ad64f5,3e-06
9651,train,ca6edea88c78313d,6677,920bc0,3e-06
2398,train,e97b379da7656a02,1576,4d026a,3e-06
14859,train,bb70cf513738c8f7,7814,9669fa,3e-06
11000,train,25b35e8726d44703,7560,7f1cb2,3e-06
8562,train,12b424d0f7adfc8e,8727,bb7bff,3e-06
9644,train,6ea73df1507960b3,6432,3b0df3,3e-06
4800,train,0f914affc24c827f,9541,7c1c9f,3e-06
2617,train,24c1a32091deee95,10207,ecff07,3e-06
12189,train,b1e8465e662ed63b,14461,df442f,4e-06
4543,train,9d70bce39e6c5ba6,3325,f33919,4e-06
12222,train,62a7ac6fe28f0ff5,12089,41e20b,4e-06
14220,train,8dba8a0f16f26869,11881,02c61a,4e-06
2587,train,6242db245fb11bfe,7317,273db8,4e-06
2649,train,53849c39afc1a93b,5459,d61432,4e-06
6842,train,292ae24591edd38a,6951,61d8a2,4e-06
303,train,43fd7911922434ae,2793,9c77c9,4e-06
1558,train,fc470fd84d086e7a,6679,f14e96,4e-06
3331,train,97573eace28c955d,10326,78b725,4e-06
14629,train,797d0325d3efc67b,1410,0fcadf,4e-06
12217,train,5851808e20fa5ea3,13513,52b0bd,4e-06
9243,train,1ee107a97d4f39e0,5942,ceec82,4e-06
2732,train,a23899a2bcf6235d,2597,78397e,4e-06
3186,train,2060b235da99202f,5731,538a1c,4e-06
14739,train,65db1c5fe3cf15f8,8697,3fb4cf,4e-06
4835,train,b949adc33b0933a5,7979,f49516,4e-06
13589,train,c1cc899167231e1c,5808,4edc85,4e-06
5726,train,f4036f46b812d3cb,7459,b4ef39,4e-06
14565,train,eacbb5c6eea3d0dd,7431,e1ea4c,4e-06
867,train,cfebcd572e2f7fe2,13935,5f677e,4e-06
8399,train,2073d2e2e18f1d17,10087,7a08e2,4e-06
2185,train,78d8d8cff905f612,12288,e49d8f,4e-06
3653,train,792af959e915d1a1,8196,eb3a21,4e-06
4831,train,7a75b3dc5494dc16,8524,3d3349,4e-06
8690,train,0a94e393a1aa8ac5,14409,baa5a0,4e-06
3383,train,bb44ef54ed4cf12a,8225,e55841,4e-06
149,train,a3fb773643311b50,8656,2a09c5,4e-06
11933,train,7fc5376be01dd6ba,13466,22a9a8,4e-06
9922,train,027a0a85b636ef0c,8593,8e427d,4e-06
6972,train,3a0b943e60c90d5f,10208,019ea3,4e-06
4492,train,a537c11f3a10f6a3,10395,0770e1,4e-06
12827,train,c43cd810fdf6c93a,6372,14340a,4e-06
13733,train,3a6e5ed7a30d0bae,5130,9fd2ca,4e-06
6259,train,ff1dcd4330c6efba,9335,d89ecf,4e-06
6899,train,7822829765bf1ed0,8881,63d552,4e-06
14379,train,d590713e06953d37,14080,b9414f,4e-06
4777,train,c1f90a0594700a01,2726,9c724b,4e-06
1412,train,869c2ba4aac54807,5590,4dca3f,4e-06
9755,train,e8e6b8051d33a0b4,12916,b6378a,4e-06
9420,train,7a2429d4d3804013,4528,584afc,4e-06
13838,train,5ba995aa1358de6f,6759,6e37b1,4e-06
6521,train,bb1c32380ca1b87f,14569,190851,4e-06
429,train,b939fbb883a4629b,2012,735408,4e-06
12908,train,2efa1fdec5265a35,7888,0594e9,4e-06
11046,train,4ae6fa8d3026e269,9678,d26a88,4e-06
8539,train,9ff268cfcdd56036,13119,e44111,4e-06
9113,train,51663cf1d810ea4e,13646,620cea,4e-06
2168,train,1e4fc64631afe98b,11708,72872b,4e-06
1803,train,411735dd5d10bce9,5,b925af,4e-06
2576,train,84b362b269d08640,9228,cdc227,4e-06
8121,train,1517e3051f0ce5b7,6748,d5b0a2,4e-06
2304,train,91d501af04c364f9,13520,7f166a,4e-06
8455,train,b4936615c8517d90,4177,c467ce,4e-06
5606,train,c899530d0b78aec7,1650,a733e8,4e-06
12580,train,a8a049c37dac75be,8307,86c05c,4e-06
9364,train,38bd8372165f3673,2902,406699,4e-06
1668,train,cc93d6932ed26171,2744,30b3cd,4e-06
6807,train,9c648b392384f895,1587,abc7cb,4e-06
9067,train,3ba194d9adeecbd2,8016,9780dc,4e-06
4486,train,f40c1b3f19d90726,3723,84a9f9,4e-06
1525,train,4175852db0848201,13232,554ebd,4e-06
4169,train,ef886e584751f1ef,4963,620757,4e-06
10760,train,aa6185d56a0d6265,10307,39818e,4e-06
14618,train,d665983e3e1025e9,4223,8c0102,4e-06
8020,train,5f60b2591d3afecd,12612,cee0d8,4e-06
1444,train,9a7b4095f73a5d3f,1959,164ce6,4e-06
9060,train,cc04f8acc793ebb2,13779,1bd43c,4e-06
7886,train,09dcb066a9ecf0fa,9694,8b8b7e,4e-06
14239,train,6fbf1ce23facc839,1950,c9edab,4e-06
11224,train,35027c9381c933b5,9935,70553a,4e-06
6496,train,16b90c799bb455f8,6743,399dc4,4e-06
1688,train,ce14af618be1c6e0,14360,a8cfd2,4e-06
2841,train,0b98d961f2ed3220,10075,91d2c8,4e-06
10941,train,aa87cffe72c49916,5864,81a740,4e-06
11397,train,a292f53586d57474,1800,a08f04,4e-06
8245,train,b9e606b80851c291,10533,031fa2,4e-06
36,train,35ec3095f92540a5,297,2a190d,4e-06
8087,train,fefc04c8b13844fc,4380,04596c,4e-06
11014,train,68763df58c76d711,4745,95cb97,4e-06
7448,train,288339fa99fd08ce,82,f487ef,4e-06
9458,train,2ef260b86b151795,7588,f462bb,4e-06
14736,train,9735128f5cbd7371,14458,e3080c,4e-06
1630,train,6219370a1c3a8e17,9151,045453,4e-06
389,train,f0d556528a505169,7604,929c53,4e-06
5113,train,1e992650034592d2,7696,84faec,4e-06
7348,train,bac942abe1b719c8,8859,481738,4e-06
13445,train,39c378c8089a14b7,4716,5197f9,4e-06
13938,train,30722aca1c58d3e6,4710,40c0b2,4e-06
1895,train,110e3b1b635fca85,4935,e2297f,4e-06
5489,train,306fe1eb43e1943f,5039,18f849,4e-06
13913,train,e78cf4e004106947,5202,358cb3,4e-06
10228,train,34df739767b709c0,13516,c45f58,4e-06
11147,train,cbf37129fb4c34cb,9809,ea356a,4e-06
12432,train,728b0a0cfde44f7a,4519,7a3273,4e-06
11778,train,f9a1e869fb3ef363,12687,c80558,4e-06
4868,train,f11f96a63ba2e01d,6175,9d9ab8,4e-06
6087,train,827a701af42b285b,1561,a6145a,4e-06
2875,train,dea6a23078199527,1491,2b2090,4e-06
3073,train,62f70b08895b43d7,4982,78c89e,4e-06
1173,train,3d4981c536a5d6a8,14213,27ab81,4e-06
11995,train,b7d4b0931f0efda5,9642,5b5932,4e-06
6951,train,5e3994369b255c2f,10040,31a166,4e-06
12114,train,d0116a93ebc5c4ef,13393,167dd7,4e-06
3253,train,45e99ce620720c01,3515,9d15c5,4e-06
391,train,db4bdbd8cba4d179,5998,7cff75,4e-06
4506,train,70edca2f0e44cd26,8997,cb5ea2,4e-06
9546,train,267c3b8e47491ecf,7828,2162d5,4e-06
1159,train,127bd09ca9ddc1ba,1278,7eff49,4e-06
6847,train,3da06eec7453dd08,12777,e973fc,4e-06
2833,train,30fd4bb9340633f6,707,7601ac,4e-06
10826,train,03f8351d24fde01e,14050,10a152,4e-06
266,train,90d785c63b639d87,13707,d5e044,4e-06
4231,train,ef608aeca69584ef,1275,d4b534,4e-06
9684,train,52f4a59da145363a,14419,aba625,4e-06
12831,train,34fc06640cfcc739,10982,cdc8b9,4e-06
13007,train,f8b72cc91c80c33f,13856,18c7ce,4e-06
849,train,fc49533f210c8b60,2754,eb34ab,4e-06
1910,train,b1cbf4becf41ceed,5815,312709,4e-06
474,train,1fc09ef51ee29c31,4723,4eb8e9,4e-06
2856,train,6305bec29fa438f4,13454,4063e8,4e-06
10617,train,0bf3611854bf20ba,5996,a5bf95,4e-06
7217,train,fa0d37ac73b95c5e,4879,7c28a5,4e-06
8233,train,867c96ce39cb0236,9843,7e7384,4e-06
7314,train,a5b7422210935442,9824,94bfbc,4e-06
10167,train,851f91789ff13c9f,7802,6e74f2,4e-06
1902,train,3d2268291784ec3a,3924,6887a3,4e-06
3245,train,ded21b000f3ec383,3710,f8a30d,4e-06
4606,train,f6796da1260758de,4927,7fd260,4e-06
8066,train,3aa17909725d8843,10401,4e617c,4e-06
2797,train,c0ecc21a4ea902d2,6264,bba075,4e-06
1135,train,da2f55778d09f322,13925,9cba61,4e-06
5887,train,4fac89cc9da6f5de,2146,7eaa11,4e-06
11065,train,50d5caa7bfefd571,14077,cdba7b,4e-06
5045,train,e2a8bfff9f258bc2,12035,b320c2,4e-06
9477,train,f514bfd69508967c,4474,4f1908,4e-06
9621,train,caf7e32fde7d669d,10191,c1dd99,4e-06
2296,train,0a57e572550a7223,13682,848c7c,4e-06
14202,train,b9b892b75842dd8f,7149,53cc9e,4e-06
8818,train,28021ab13570518c,8522,35db02,4e-06
835,train,8bd28b424824139e,11733,8531ad,4e-06
2274,train,efb8c9a134929f5c,5207,9882ec,4e-06
7131,train,6a8f6f2ebad85ced,13574,4aa325,4e-06
13364,train,4c64df2b11f78c5a,2013,d3f2dc,4e-06
9887,train,fa5a2eb3e580cc83,8148,17490a,4e-06
11740,train,75e2507c1e2f3a87,11201,673067,4e-06
6632,train,43412fa7d15882c2,8178,fe5f3a,4e-06
5380,train,aa58a6025cf1813b,5920,c2fec9,4e-06
12568,train,c11536fe442d1672,1122,c1d9f2,4e-06
7974,train,3732c83933b81663,6287,e16417,4e-06
2007,train,e4ea6b10039bb4ba,8171,b01ad3,4e-06
3368,train,ca941171127be158,2220,9f1f62,4e-06
4550,train,e17aaa0f5d4a831c,2355,cdd659,4e-06
10821,train,90205d5e9b1436ef,7092,6d6bea,4e-06
11765,train,e8b588fc609b68be,6943,438235,4e-06
5762,train,2c512b2449649d34,7570,d6382c,4e-06
8450,train,e8edece19df11bd4,3141,d63735,4e-06
9631,train,ac6918ad9fdf2058,11298,a43bf4,4e-06
3536,train,bc52e573c5be51f1,10020,2f11ba,4e-06
6273,train,18375633cf24e395,3305,96fa8b,4e-06
13243,train,765de2e5c61d7b40,7097,3d65c9,4e-06
12152,train,156e61618008200c,7085,aba32b,4e-06
10490,train,cede42d6296ebe67,11133,f501eb,4e-06
5188,train,ea5c6d44be46a1b1,4406,74773c,4e-06
12225,train,d2ea2f0573b29110,7200,530d6c,4e-06
7295,train,eec8b282ffc5ec0e,4197,a829bf,4e-06
7123,train,b4b7d12809705a30,11170,04e88c,4e-06
9423,train,d024eb8319032be1,8416,db2c07,4e-06
6998,train,d312c61d89027ede,133,83afc4,4e-06
9781,train,3e4717d9f6a146af,6834,6b8707,4e-06
8290,train,b972298bfba4bc9f,6140,158fec,4e-06
1180,train,ed9dc644da71b33b,10986,b60d8a,4e-06
13657,train,852c56115fb9617f,13811,1e4a07,4e-06
1699,train,5b78edccf393c46b,5601,52c782,4e-06
1285,train,26f81b094ca8bfd9,8822,1e0c0c,4e-06
5470,train,b4acecea4d469653,4677,373313,4e-06
12751,train,0619e80f16370edc,7047,2a2034,4e-06
14449,train,458eed971e9ad477,6489,9e2cae,4e-06
3863,train,06652d7f0190b9ca,3334,2196b2,4e-06
10221,train,25c876f62f76cd22,7473,e3a35e,4e-06
12368,train,708c685f8345cb59,5513,ef38d3,4e-06
5978,train,b79c0629c1f3fd32,5534,7716bc,4e-06
11177,train,3a49fb0d12448f52,9274,c64c4d,4e-06
11230,train,d6e535972242fd74,11367,d1e5e1,4e-06
12357,train,7b0a1f245409a4df,2710,7f903c,4e-06
4396,train,a9cfbd08169e6aea,86,6a7b45,4e-06
5756,train,32708ac5ee11f96f,3033,576035,4e-06
14548,train,837802af6af83506,10288,75a348,4e-06
11680,train,210c512839a036ef,11665,58afa8,4e-06
4059,train,6481388db106f2c6,858,c6aff3,4e-06
4675,train,942bb4e5b5f418d9,10274,9f648b,4e-06
10405,train,35d078aa430a1c18,4517,f3ff30,4e-06
14596,train,87b448503b0f43a7,10827,0de452,4e-06
7758,train,3e79defdeba3c937,11636,565764,4e-06
297,train,a6191ec6e2987d1c,2973,c90342,4e-06
7354,train,d80a01b1435b7e57,14122,f4aa91,4e-06
5915,train,82b0f1d0266b8e9d,1924,073da1,4e-06
14065,train,89d470614fa3d29f,12468,cd0981,4e-06
4110,train,3a13ebdd0adf75ac,5985,579346,4e-06
7947,train,ca0aeab81d67b29e,13726,8f2639,4e-06
10330,train,351f54085546755e,13794,23c090,4e-06
11709,train,47df1c1e6a6df8d5,14234,c02ec2,4e-06
5005,train,4eff6622b27cd618,5221,dbc3c8,4e-06
12624,train,76754af2999f2f0c,5849,13373c,4e-06
1594,train,8aca2521cc8445e9,5915,122af1,4e-06
13223,train,d703fef47f7c6300,14170,92c731,4e-06
2130,train,5d121c53c3ef5d9c,3149,679bc6,4e-06
10548,train,94fd4b6cbbe4ecdf,11944,008d51,4e-06
1894,train,70582f7448db92dd,12858,8c0ba0,4e-06
7743,train,a4c6e32f5cbd4340,5921,f9309e,4e-06
5765,train,82a87cb826dc5091,14088,0d05a7,4e-06
14604,train,189a48552bcf31d5,8221,07b1e0,4e-06
1571,train,1937ee0af5bf39f2,3691,5ca657,4e-06
9144,train,d52eaf90323d362b,14368,888367,4e-06
12031,train,a01fc303e4f85670,6923,ded983,4e-06
8712,train,8a97e27cbcd3781f,6332,1f68bb,4e-06
5202,train,18249c2d429f02fc,4524,7d3c43,4e-06
14929,train,938d87cc0fbab04a,1023,08e75d,4e-06
4132,train,d261f778fb26e983,13526,d7fab0,4e-06
2829,train,252dca33ed44e98d,5308,f9ff53,4e-06
8710,train,df2eb50b92f1fbe0,11077,5561e0,4e-06
1853,train,15ea508ab5ef2b15,27,b3f5b8,4e-06
13615,train,1611c6e5982e8988,6464,1130e7,4e-06
7092,train,50f8ee807bf86947,10938,ddbaac,4e-06
1170,train,20d69f1a9022a385,3273,4f44d4,4e-06
11884,train,a615c947c0ee7286,7589,954e71,4e-06
2531,train,620d5279f41fc890,620,ead378,4e-06
9549,train,59cbaf732d7ff954,7940,d02355,4e-06
4248,train,f49776d2151d2bca,4569,46a5a5,4e-06
270,train,39024643959d9d3c,10792,4ef97f,4e-06
4759,train,ad34bfe36e8ba996,11745,09befb,4e-06
4516,train,d79b932888ba5e03,2307,6b80a3,4e-06
7731,train,7c648790ecaf8946,10525,9c84f9,4e-06
13706,train,2720ca8dcaa1e421,6526,72fffe,4e-06
360,train,d7793ae8af60b9d3,3796,0cf729,4e-06
10146,train,cf92feb3b2e79241,3933,bf5cf2,4e-06
300,train,d632cc590f03484a,1628,8121a3,4e-06
11592,train,857d17fedda0a8b1,2917,ca6c87,4e-06
224,train,1cc74ea2cc764c2b,1742,571c3b,4e-06
10849,train,a67ff232225720ba,12576,3643e6,4e-06
5877,train,a9b4a48b0f713348,13535,25af19,4e-06
14000,train,579485e5bcfd9444,4091,c3126d,4e-06
1958,train,d858ef253258f665,267,4c282d,4e-06
10179,train,1a7a3b5960fad939,6826,e9ee78,4e-06
3125,train,32e338f626c1db5d,2656,690212,4e-06
744,train,dab10687a2893874,220,89796d,4e-06
485,train,2953e037bd1b6286,12854,383954,4e-06
3068,train,fa929c266ced38fa,13555,64f520,4e-06
6533,train,8eb006b041df94db,10718,6f1a2d,4e-06
1476,train,ed635c532dfc02a1,9884,1a1985,4e-06
1611,train,6528203335c4acf4,1250,729707,4e-06
2306,train,d14ec8f820e31a5d,14158,27623d,4e-06
13564,train,f9c6384b3f457622,3000,cf87a5,4e-06
8194,train,1b513593cd2d96ca,8260,f425ec,4e-06
5252,train,6b71dcd48a5f8e53,1213,fb95ca,4e-06
12862,train,c2c87a6218f5ed95,8764,48b418,4e-06
5467,train,0d2746d1f34e9a34,1711,92e05d,4e-06
8320,train,2b38b7c7b20a4cce,12977,e9a583,4e-06
10530,train,da7534be432ceb7f,8208,36cf51,4e-06
10144,train,c1a4473386c09591,9121,a458f6,4e-06
6300,train,5b3388cafab074d0,8944,532354,4e-06
14141,train,b5d2b5163a1699cf,9165,a9885e,4e-06
1092,train,b0edb2c8bf96f6be,1230,b60bb8,4e-06
7424,train,5d0c804cfd8f2e32,9156,b33e64,4e-06
10108,train,b3e0dceb3a70e82f,10250,27175b,4e-06
7140,train,ec7a555b2e5143d6,5360,930130,4e-06
14075,train,e86570de079d6d91,14376,f42f72,4e-06
599,train,c29e93d1bb5ffd2c,1424,b66b0a,4e-06
8578,train,a81934838a5ddbfa,1963,65dd7d,4e-06
10882,train,3eae8ea68a1c612b,13733,cf2dd1,4e-06
8133,train,273893a6c0d2e50f,11740,a032bb,4e-06
8656,train,bc7ef7f6278a594a,5875,82cfa8,4e-06
14776,train,449ec1eb993a18d2,3939,17b0de,4e-06
4897,train,a5537898a3c0f410,6338,e6a8d5,4e-06
4569,train,448c2c41e0dc13a2,2004,ca8793,4e-06
11294,train,305cd05515e150c7,7187,c6df43,4e-06
2695,train,af0f586e35a721cd,3268,b77581,4e-06
12078,train,6b1852e246b526eb,4531,fa24cd,4e-06
8425,train,a0f39e58a6181954,12578,29dbd2,4e-06
383,train,334161fc139a2ba9,8480,b2de6c,4e-06
10730,train,48ea0c8a5c66b664,1626,62211d,4e-06
9893,train,656a829eaf2e8687,10001,f723b5,4e-06
5475,train,cccafe689db05ca0,1072,b26abb,4e-06
1842,train,5016b686523335e9,12499,fdbbd0,4e-06
1384,train,0d07804ceb3da5d9,4013,02ed53,4e-06
5293,train,cf1727a3ba59b4dd,511,f400e5,4e-06
9348,train,ed44d218d58a1b02,8423,30ab23,4e-06
3608,train,8cf928e8de1e07d4,14206,74958f,4e-06
6833,train,92201b599523cb31,14168,4555c7,4e-06
13822,train,4c35211117871594,14252,c41a99,4e-06
10438,train,16e5ad3d9bc6f0b3,5501,66db24,4e-06
11136,train,02344b54280bb340,5434,aa5f13,4e-06
8928,train,a30e28d12dcd47dc,7055,4f62e4,4e-06
469,train,b52459699b6a59ed,11099,a0c44a,4e-06
1433,train,9ac353be74f2f07e,7327,41cb22,4e-06
12351,train,56e3f2273a371079,4302,f3a6be,4e-06
12167,train,65024e971a458460,8891,db0d59,4e-06
6129,train,a65dbe02ffd29d28,12433,87ad36,4e-06
6816,train,ad7607fd634c204f,8120,6db6de,4e-06
14331,train,9cdbca5c94dd1f9a,1786,2971a6,4e-06
9821,train,3f6454b0ff7187ae,13737,7fd582,4e-06
14601,train,0402a751f1eee258,3508,c8faf8,4e-06
2867,train,2a0a11d91197c58a,11337,b130d2,4e-06
2421,train,d6acdf7bba134e67,4207,a82f88,4e-06
6543,train,e0f5928ae32322dd,12607,e702f3,4e-06
10435,train,1c8da01c7ae5a3ec,9772,31452d,4e-06
6863,train,ec7c72fa96912607,12137,f9f7a8,4e-06
3248,train,d71cf82be640d18e,5280,cbde73,4e-06
6067,train,1d4ef7ce5eabe589,10465,e949fc,4e-06
9184,train,4e3e08f6e8e06911,1267,edc616,4e-06
3167,train,e1d9670e9ce41d6c,4271,d8af34,4e-06
13798,train,9f4048aec1102cbc,14042,2ac3a4,4e-06
3851,train,e4562a0fb1f5b066,5138,ebf6af,4e-06
11203,train,a5b7354f751a9536,8590,cd2650,4e-06
5917,train,e59e45c8817d2638,6138,1efd60,4e-06
11920,train,7306b92c829f080e,5397,5e4874,4e-06
218,train,1ea2b517a9bf2d4d,1990,70bcb8,4e-06
11358,train,b1ce3dcfc573f8d0,156,aea74a,4e-06
14043,train,9b704c83cc620d17,7430,ccab93,4e-06
6595,train,6130036fcc93d291,1372,08b01a,4e-06
3837,train,104af9629d45d75d,1798,5bd5ff,4e-06
6089,train,a2520606c466c9f0,11643,25df0b,4e-06
13341,train,e00beedc3fe0d21e,2881,26b6f9,4e-06
5190,train,3a221a371204a006,912,6c6005,4e-06
8215,train,5b9f7382857132da,4740,3a7e3f,4e-06
6482,train,d58bec419df7c951,374,609879,4e-06
2394,train,2f8c748cd5323be8,1167,97de3c,4e-06
247,train,46cd38390a22549b,3872,11ebe1,4e-06
12983,train,25d5185a5822da16,5823,b90f0f,4e-06
6164,train,c2a03d4bfaa4b8f6,5670,0f2775,4e-06
5701,train,fa7320550ac54045,3913,28d7a0,4e-06
7732,train,0e8a4603f3620026,4185,155603,4e-06
9587,train,b79903dcc26411ba,11966,954034,4e-06
9337,train,874670c5d9db7bba,1353,10ac6d,4e-06
12534,train,16efab42793c5d35,5005,5bb7a4,4e-06
8855,train,d4394661262ee458,9141,6791d1,4e-06
5814,train,f8262a4d459cf760,11251,24a9cc,4e-06
5284,train,7f3b6b9a28c6b6e4,14484,2a7cb4,4e-06
3285,train,c8bd3b71716943ac,12633,5a3215,4e-06
5104,train,350454fe638958ce,9504,fecb95,4e-06
13548,train,083ad9bb58171963,1746,a4fffb,4e-06
8250,train,24cfafe9b6b160a5,11536,1388df,4e-06
7885,train,903b8c8b83556e3e,5755,a063ce,4e-06
10460,train,6b2e1e3db4cef628,597,4f5a08,4e-06
8340,train,4a837793702eac10,4312,7a1ac9,4e-06
10091,train,974d5dd2f2f9c291,9177,2151fe,4e-06
5205,train,18dda3a46ca73420,13661,d54b55,4e-06
6048,train,77927803295b6b22,4424,b604db,4e-06
8842,train,61ccfcf2ff4de3e0,2288,0d65a5,4e-06
11869,train,c5651cdca4d70d24,9050,43eb66,4e-06
6518,train,597b7149004a82bc,1715,e1cac2,4e-06
9952,train,eeaf98a703a0ed05,11402,05bc29,4e-06
14530,train,501c9a1de491885a,3220,b257d5,4e-06
6148,train,4ae40c124cea954c,12491,a6326a,4e-06
6154,train,f273dc72177e4884,13062,891535,4e-06
7762,train,e20bddb7b278e3cc,12795,34c26e,4e-06
11272,train,dfde3f87ce54692d,754,58a683,4e-06
4419,train,d3c9fa252da1e22b,4151,cc1d62,4e-06
1609,train,95ec813b85c25fa8,2527,c91a06,4e-06
10074,train,c54c3e8ae65954f1,6237,13b383,4e-06
13258,train,10a6e3cc12133636,4565,4297c9,4e-06
2022,train,ea373ff5ea77e459,4353,8b3cd6,4e-06
3201,train,8c60ee0f0a95e444,7693,607406,4e-06
12143,train,b58a2e03ee5bc1c8,6979,aacd8e,4e-06
14021,train,87c297c844599503,9919,b8ea30,4e-06
5566,train,b977fa3c4d06850d,8291,de6014,4e-06
5720,train,d5249c916a8d75be,12069,0e35db,4e-06
13129,train,7bbff41ec9a30fa3,10300,4d7f8d,4e-06
12223,train,ebca853ad1c51677,6503,e88231,4e-06
13937,train,962a64bbbbe02242,4934,79447e,4e-06
11773,train,3fcdce479a9a9d0f,2847,634693,4e-06
2466,train,39e63fe572c279e6,11242,d20a3a,4e-06
10370,train,387f5142a080964e,4684,d9545b,4e-06
5769,train,6f90b125bd75d9ed,6460,cf745a,4e-06
10757,train,f165d8b92f8a3863,10848,f5b75c,4e-06
8883,train,23ef9e7e11140692,14100,eab5f8,4e-06
12373,train,8e4cdb665caf4b56,9492,71a08b,4e-06
14303,train,46af39bff792efda,6398,e5bc36,4e-06
9825,train,48900821d1e4946d,2585,aee986,4e-06
7334,train,3d5a15a8453e3a71,6801,2f75d3,4e-06
14689,train,a008a8f28650a803,9559,a249e7,4e-06
5909,train,88fb29f033995d26,1118,c7b26f,4e-06
6693,train,06d3ebf337c3a69d,11097,60926e,4e-06
1138,train,5abcb4ecbe706c17,5438,0f75b5,4e-06
3063,train,ccef50d40ad38b3b,913,20a601,4e-06
12220,train,530b6acbc84e25ea,5622,3c6d4e,4e-06
10402,train,797f106ddf321f6f,14497,3a80bc,4e-06
12766,train,c6c7232bf6de6805,8358,be601e,4e-06
12395,train,52e554648346a54a,8999,5e8485,4e-06
7868,train,77b624bfe77807f5,2774,edf04c,4e-06
404,train,d8cf7fc336a896c1,13100,2ca217,4e-06
6676,train,c0e8f868bfde22ba,6870,dba808,4e-06
10810,train,80ca90b46db7ccd8,11940,c72549,4e-06
6654,train,67a32a28b7dff471,8229,c226f3,4e-06
9316,train,e7bf1a9f1faae5d9,3680,2c307c,4e-06
14770,train,25c7821c88610b67,3142,e6ebaa,4e-06
4082,train,7d0719e717bd9b7b,5771,8807e4,4e-06
1389,train,c1218e39089d1803,874,fb102c,4e-06
6525,train,94fe37c872b51f76,4260,58cf1a,4e-06
12844,train,8829f8257b4f9432,6680,909116,4e-06
10689,train,967f144a56479412,12204,00612e,4e-06
5098,train,6b6cf8aeba358e58,705,d8612c,4e-06
11939,train,996a16e5432aaf6e,3597,69e182,4e-06
8263,train,a413a2ed7c7cbbf1,10914,badf6f,4e-06
1718,train,e03e3f653d7178c5,7167,35084a,4e-06
11005,train,cb7db5bbbf1b00be,3288,077baf,4e-06
13205,train,6c891ee10795d846,11859,d79d13,4e-06
4803,train,3d1d0f4e18b9c640,8494,c1da01,4e-06
7824,train,9a5ac87687260d70,2470,b6e74b,4e-06
7318,train,c8740f6f177e34e8,10231,d754e9,4e-06
3163,train,cfe273f8807a9268,3175,fc7ff2,4e-06
6781,train,356cbb6466868f84,8237,9c46be,4e-06
1443,train,176fde7ef351a495,983,6288dc,4e-06
2621,train,4c7b56b2457db0c0,1479,6f2693,4e-06
13028,train,9c3c9d968ab4d69f,3420,21faea,4e-06
1929,train,f1dc983231dff054,7695,d1b385,4e-06
9,train,b2f398d8ceaf3dca,2759,2bb1c7,4e-06
2463,train,8316ad331b8e4d60,1431,286d71,4e-06
14694,train,0154f82abe34e3a2,9764,43d9de,4e-06
12076,train,28230b5b278e86bc,4842,344233,4e-06
109,train,fef085934efc1233,11191,5db62c,4e-06
8434,train,475404c5a73da078,794,d5d78d,4e-06
10378,train,77c93fef4e27653e,5060,d6e4c8,4e-06
11677,train,5ffdcc20492b0001,4574,b5b13e,4e-06
11493,train,cba3387abf9ad689,629,465865,4e-06
1557,train,3ad974d0be627cb2,10568,52b83c,4e-06
1916,train,4d6383ae2b2c5c29,12422,c25ba4,4e-06
12595,train,0cee8f8770253da5,5046,384e11,4e-06
12113,train,29d28a0ea862b45a,7771,d270f0,4e-06
3449,train,4fb4c2b3b3cc1841,10464,65b7dd,4e-06
11137,train,04b37b31cff260d1,11090,dbc1a8,4e-06
4467,train,4abf523e9e8a9303,4203,745acb,4e-06
12688,train,0bc156a0182855b1,9120,0b5068,4e-06
3730,train,7c709020347e8a82,11409,e3a82c,4e-06
1787,train,516e2a95f0907bd1,13713,d5dbad,4e-06
14652,train,13589474544345a2,6143,316d97,4e-06
13740,train,a7a76f37f872cc81,12164,25cb75,4e-06
14544,train,6156d7ea28fce072,12022,c1e799,4e-06
6587,train,8e2b30d1f06ad434,6472,04feae,4e-06
7775,train,0c1651cc2469177d,1631,771a9c,4e-06
5609,train,d7558be27cca71e3,3419,0ec741,4e-06
2737,train,1c434a6a5c5d9996,14294,9ab690,4e-06
13859,train,669a88e812515091,3159,283c38,4e-06
7711,train,0eaf26677e6529e1,11267,0c49ec,4e-06
6345,train,0b45e4d35601d220,4667,b7149c,4e-06
3133,train,107b2be1dc965719,381,f115cd,4e-06
5981,train,2cad503e03cc8e35,12231,ba29e4,4e-06
8214,train,77f6f8a8b031d846,6333,31c25d,4e-06
5856,train,d3d94db02cf68670,5127,a2e528,4e-06
1847,train,7ae1dee43dbafa2a,184,38de60,4e-06
10878,train,3906dd5a5464a3cd,441,7a55ec,4e-06
1734,train,0e9b08af8da2ec4d,2861,4cbde7,4e-06
3656,train,e638c993cc5d2280,6963,d18abc,4e-06
8884,train,38fb839ce1a8658d,11126,d9ec66,4e-06
6237,train,a001c97512a34463,2732,de5468,4e-06
5951,train,4c8b56d6e24e52e5,2532,b0c260,4e-06
2139,train,75eaff2d552363fe,7090,726934,4e-06
1684,train,a923756a2eb51bad,8014,ecd8db,4e-06
14671,train,c2b69a6b9012ceed,11673,0ce248,4e-06
5518,train,04387f8685ad4892,6884,ab2bb4,4e-06
3896,train,b10120593ba53eee,7408,fe5ed3,4e-06
7013,train,cf2760ca94d51fff,1693,c318f6,4e-06
7275,train,fa241653708462a9,1080,aaab0e,4e-06
3538,train,f392a7daf918e0b3,5409,9e1beb,4e-06
12653,train,e65faae05172a897,975,d629d5,4e-06
7038,train,69a827559f053025,9789,2ff1e0,4e-06
8592,train,8701c4a631efb45f,3379,6a89a0,4e-06
10163,train,d7aba403ca4522d5,6764,30cfb9,4e-06
9967,train,4928936f4096d153,987,4bfb6a,4e-06
6536,train,d50e2742e2a69e31,3367,28668a,4e-06
3820,train,81f459b43867eae7,48,a5f669,4e-06
14713,train,173609e4438a49c0,5568,d8434b,4e-06
12413,train,a18cc3995cdf47df,6613,34940f,4e-06
1968,train,46e21e9ce6c1f053,2566,e217a1,4e-06
13540,train,56c32efac3c13f0e,12016,713dad,4e-06
5746,train,37c491d5f5c53bd1,11125,e47987,4e-06
10635,train,9a77bf383fa97b1c,682,207a9f,4e-06
9983,train,faf592e7e4e56d13,9411,262333,4e-06
11047,train,8300657bf78f7482,8814,ffe15e,4e-06
2336,train,b6e3f5cc4b82a88b,8860,d41e20,4e-06
12198,train,1572ac176d6b36e4,13034,164c6a,4e-06
9954,train,c63464052f38fc39,13399,0594d5,4e-06
10430,train,44e4e0d263d28575,8345,db8194,4e-06
5033,train,5653448b7bb2373b,2920,14ce52,4e-06
1330,train,65fabcd6027c7d8d,2704,aba440,4e-06
2128,train,2dc71ebd771dd613,2019,4ba603,4e-06
12170,train,d1b616036e7c5615,9101,8f90b7,4e-06
10301,train,e10b62725a5f5350,12692,6f0a38,4e-06
907,train,f0e8acfd36c629a0,4346,e2c879,4e-06
12470,train,e6849da56af3cd64,14501,0175b7,4e-06
9506,train,ae42936c40931ddb,2724,daabd6,4e-06
12256,train,a3b7e41ccfdc7320,10432,5ddf89,4e-06
12753,train,6ae54482207a07c9,3010,123159,4e-06
10662,train,7d615603b925a846,2625,67f4d8,4e-06
11225,train,06355193533da90b,7563,8a4871,4e-06
13788,train,26ac02f7da3d71fe,4069,032612,4e-06
2135,train,c07e99758b65e3d7,9592,7bbccf,4e-06
9906,train,cc7117ad07a35593,8017,7f7e96,4e-06
2690,train,e9be3e72de3259c9,7352,3101b5,4e-06
9550,train,b86b3ed2207f6ede,12586,a0fa91,4e-06
3565,train,a7a409e2875e9641,8692,9eeeaa,4e-06
2556,train,dcc11d5b3be1a9ac,501,6bc313,4e-06
10618,train,f2df9c25aa111c02,8115,9af77c,4e-06
6165,train,a7808fe5070b0a12,13663,b471c2,4e-06
13311,train,1e9ba600e46f8464,14098,c2e1c5,4e-06
12911,train,0c19b5bc1c6e19b1,7645,bc5035,4e-06
45,train,c417f3b3eb38b43f,7207,a7f1e9,4e-06
11858,train,123de34de5c7fa9f,7444,dee110,4e-06
5578,train,297f7c09484c3826,7573,9dcbf1,4e-06
9520,train,4dd4f95b0fc27e5e,14026,e95d32,4e-06
2801,train,8d63bfeaf1c79f89,4448,c1f77a,4e-06
7330,train,a7bdf5c44f3f8789,9940,9e3312,4e-06
7326,train,38cfabdfc32d643a,10135,3b3d6d,4e-06
12865,train,07978a29184bd846,13159,28937e,4e-06
7742,train,df9004eeeda1eecb,6426,a262e8,4e-06
12868,train,28c296311aa4fa20,4598,4d7ee8,4e-06
3232,train,49eaf864d33e5c68,6358,40bc30,4e-06
6727,train,69964a35c06f35b0,3975,6e3f85,4e-06
2329,train,e7164690dec4e9ae,9944,3e9d3d,4e-06
10544,train,736c093f7b8029ac,9871,5a388e,4e-06
7873,train,b495b901da43471b,845,c3842b,4e-06
11417,train,4c5269761a61a59e,3934,194dea,4e-06
11714,train,03e0744365a04891,7578,616135,4e-06
10139,train,851b13a03009761f,11572,0c6427,4e-06
1683,train,67d20f20a3c69f38,120,276f02,4e-06
7862,train,b65664fca0401117,13968,8b1eb4,4e-06
4775,train,9ca4d3be4e829364,8683,2e1c62,4e-06
12025,train,498fffdccbe1ddd0,4682,50844d,4e-06
4416,train,db08e0799f348e26,1971,72d4b2,4e-06
2368,train,fd6c044d79eb1c06,7314,01dcff,4e-06
10534,train,bb33d5de06563463,14507,0078a5,4e-06
2959,train,358b66f69ea678d8,6042,056836,4e-06
7990,train,22bf597aa1467032,979,8c519e,4e-06
8785,train,fc265f78d79617fe,7873,0b3e9a,4e-06
9313,train,91876868bcd66856,5117,e92437,4e-06
2406,train,e4231dfb97576cc5,3482,8558b8,4e-06
10266,train,ff3a5f27d3df83df,744,6b8d53,4e-06
4632,train,a5386575ced8385b,6476,665332,4e-06
13863,train,e0bcc827792c675a,12867,2f302b,4e-06
9741,train,1bcf83a53e9629e9,3617,41897e,4e-06
14707,train,969c4b649ac93f6b,9132,9b61e4,4e-06
4405,train,612a139026521073,8107,9a52e2,4e-06
6133,train,ae6bc0ef7f4c1f80,1609,a84be1,4e-06
9035,train,97786a17a8a18458,5551,1992be,4e-06
720,train,f14c653a3f33e87e,14283,ee7bfb,4e-06
854,train,4c8608789ae262e5,11470,b5c962,4e-06
11461,train,1902ef1aa846eb87,8852,cfd3a4,4e-06
10017,train,29bfd505ccf17337,2731,bc2bd9,4e-06
11958,train,d804a9f35de62f87,6279,4b1f5b,4e-06
5136,train,f9c93fbffaa21dfa,6846,16c7c9,4e-06
6405,train,bae4eb7398b47ed4,11342,c5d8f3,4e-06
6572,train,d6f4787b5cc90983,2924,7d2eba,4e-06
10543,train,cbe8117705473b22,6431,6ae9d8,4e-06
3500,train,d82e1b7423fab1f8,7648,3952ff,4e-06
8907,train,1a6646effcd321c6,5206,46dd0f,4e-06
13229,train,32568c4978f7bba8,13569,a45f98,4e-06
14747,train,06c70ba31d1f9cb2,11482,14b532,4e-06
14035,train,2e46048c218c5872,14535,c8ca5a,4e-06
2955,train,9f8f5e17815bc762,1310,a4d350,4e-06
14160,train,aa18284aedab2852,7242,7c2318,4e-06
5016,train,92b1e127766549de,9930,988e45,4e-06
11658,train,bf806172623d05c4,9289,67af83,4e-06
4922,train,a4e0c5495700943e,9304,6aa346,4e-06
11013,train,35f2c37c51eff3ef,7798,709e2c,4e-06
8560,train,e026691fd7ca288c,7263,d6b7dd,4e-06
8610,train,6e345b3fa0fbb121,5967,599953,4e-06
12353,train,b8ba4282eaf72ca0,4243,7216f0,4e-06
5595,train,2106b41ac15e40ba,9167,48a7c7,4e-06
6542,train,4fb0d30e9a016d4b,6132,905f0b,4e-06
5402,train,7d8087569157d4ac,6668,b4b0b9,4e-06
5053,train,f461619d62950633,11357,946d91,4e-06
1729,train,391674c5c6d03468,11885,2e0a40,4e-06
5042,train,d5afcaa5cfa7a7c0,9033,634b66,4e-06
3311,train,9e17bba1c18845cf,9702,283983,4e-06
9055,train,b480d61df2eac6df,6314,038046,4e-06
5302,train,dedf8447276314ae,7918,7dbf97,4e-06
14166,train,7ae66f222a8ded35,6574,64cdb3,4e-06
5216,train,decc49ad5e358cfb,11037,09ba63,4e-06
14516,train,bc06c3bf02133440,4256,095208,4e-06
2939,train,226936dc49a6e431,9879,991023,4e-06
6923,train,0dceb23d0344448c,3986,85078d,4e-06
7752,train,d7e56d931373e250,7414,1b617d,4e-06
7879,train,bdd1aa028780e96b,998,289c91,4e-06
139,train,72938648635231a5,10666,45ac2f,4e-06
13976,train,e25eff89473d7a83,1993,064b66,4e-06
739,train,b9c6724a09376d2d,9188,68383a,4e-06
4036,train,25bf48f8193535a5,12045,1c8b06,4e-06
12412,train,64e5e7356b79400b,11259,7bd6a5,4e-06
7966,train,d9b38de192dc02a8,3287,467867,4e-06
2780,train,b40bd7e53d1fa638,12442,1d8c3a,4e-06
11509,train,26cf3487c41c2913,6336,1819b9,4e-06
11383,train,d6c19261c7e76a9f,1484,7de7f0,4e-06
3173,train,d70be222a7c10204,10826,6d9949,4e-06
1024,train,cfc413ca8f88c752,6043,b53eca,4e-06
4116,train,bcb659881c1cf61a,2837,65e4c8,4e-06
1453,train,a15687b6acf3eb61,3770,bf77bb,4e-06
2488,train,178937f577861cd2,1501,85cdc2,4e-06
4348,train,f770ef1bd1525224,10485,e12c1f,4e-06
1513,train,47ffdebd986ef4e0,5364,b8e0ae,4e-06
3857,train,f2ec36d46412dc26,12865,426c3b,4e-06
7062,train,1d1daa42bdcba5d0,9681,a0c7fa,4e-06
10345,train,334b077068c88ad6,6667,7ef230,4e-06
13999,train,26144741562c3e18,9969,982363,4e-06
6074,train,01366c06d628830a,4141,52cd19,4e-06
11922,train,8b2d943c7edea214,8990,7923a7,4e-06
11198,train,10446eff1fe9f3a3,9939,c749db,4e-06
8122,train,4dc64e5b2c4361ac,12324,7b9fc8,4e-06
3136,train,a7137f84e6a8d70a,4454,1ce116,4e-06
9087,train,2340ed6fbb6493c9,4119,150853,4e-06
536,train,9ed8a046d4e02c47,13886,5dd319,4e-06
8628,train,b734c34f9f7733b9,14075,09581f,4e-06
14568,train,ce0cac9ca5a8263f,7858,f633b4,4e-06
2962,train,e30f2422309d2bdb,9453,f9cfc8,4e-06
2363,train,1d2e7ada77475aa5,12962,d9d620,4e-06
6243,train,7ab0adfbde5230ae,6617,0732bd,4e-06
3101,train,7d6ac9c3267d92ca,6485,ce8de5,4e-06
3454,train,4bdd19a447ef827e,7950,332735,4e-06
12842,train,7957e23ccf27dd39,8789,796525,4e-06
11307,train,bc3395552a786e26,10110,dacacb,4e-06
1659,train,2c97eddf0d9f18c8,13896,d2905c,4e-06
11564,train,b73b0f011c8300b2,5013,66ac1b,4e-06
13011,train,1abde4665634a45f,13345,52e05b,4e-06
5510,train,96de11e9008c991b,9786,cb64a2,4e-06
7229,train,42f57319327e47fe,11725,69da28,4e-06
6522,train,cbe96b09cdce86cd,2975,cc9f19,4e-06
5946,train,3519c49b213bd625,13985,6e9f2c,4e-06
3897,train,5d66030c7358b9e9,984,1ee34a,4e-06
7368,train,98288b023813f1f6,4228,88fa5e,4e-06
9181,train,856c13f5375d663d,1397,d4441e,4e-06
8430,train,03de58887e4e4b7b,6166,8ec80e,4e-06
1867,train,86a0793daa907a39,8914,e073f1,4e-06
725,train,dd1d353537694783,8409,fe8945,4e-06
4720,train,d16ecfbcc59c74ba,863,9b790a,4e-06
6215,train,9ba9ee855ed41358,7838,fb7177,4e-06
239,train,6444569b31ddaa20,2819,dbf8ee,4e-06
12343,train,896ea08597c42853,4515,ee142a,4e-06
3263,train,ec32efaa653d546b,495,dcdccb,4e-06
5810,train,dc7e069d47739ed5,10069,afde36,4e-06
13328,train,354ccc6133233123,2935,675fcc,4e-06
6431,train,92bdc310f852e16c,5637,3c3930,4e-06
1874,train,e11134bf4ef82508,1439,cf4205,4e-06
4040,train,0c2e3de8908dda9e,13158,f424b5,4e-06
4359,train,184b15141f74f76c,12614,45dcb1,4e-06
9287,train,30423e16a55fe262,14031,51f472,4e-06
13169,train,08ac6134d33c1a93,6349,b9293f,4e-06
7854,train,09a27e9d977d96d4,736,e50a4b,4e-06
8442,train,1f2cebc9f4d1e88c,13626,3f8bf8,4e-06
14909,train,b39b21b58f93ed77,13983,e3dc9a,4e-06
9089,train,297c064ccec4a1a9,2703,881bd4,4e-06
3148,train,0577b54d1330d59d,5541,bb2789,4e-06
3328,train,c5c53955a94c568b,12018,c88806,4e-06
9143,train,d0edbea499458d17,735,9464ba,4e-06
10665,train,8b7bd05d34dbd6cf,9706,cbbd32,4e-06
6756,train,6066c3432d4700f8,14244,f266f7,4e-06
7796,train,d407d18523ad6da9,2332,4c7d86,4e-06
6178,train,4b88e54d009813e3,7138,8dfd40,4e-06
5938,train,7e3aac79cc475206,11997,096f66,4e-06
11894,train,0e77f2b49b48db2a,451,1f7cfc,4e-06
8187,train,9500e1b7f7de6e24,4422,10923f,4e-06
899,train,09b971d349d85b16,9987,103e06,4e-06
7198,train,8b53c54f18d34708,1097,c79d74,4e-06
14703,train,771ac396106d060d,11662,804200,4e-06
11536,train,f1de1f6289207d13,7298,45a4ed,4e-06
13239,train,bc597db54ec44cc8,5096,165554,4e-06
14514,train,fefb00361003d5d4,10911,973a81,4e-06
7825,train,611f508196d31060,10306,887c84,4e-06
5097,train,6b66b460033bc99c,10846,9de87a,4e-06
9633,train,4f094f8788ca022a,10977,07642f,4e-06
10633,train,8d367136afb12428,6836,0c6229,4e-06
13252,train,4e124e024cfdaf61,11195,7e1a1d,4e-06
4945,train,b83accc7ca73c4b5,13462,a3be91,4e-06
6993,train,59412f3e6a63f6f8,1461,f574ce,4e-06
5050,train,a564c15634dc1a65,4288,a9219a,4e-06
3256,train,a7e70168e07196cf,10286,faa3bd,4e-06
11196,train,acf456c21336002d,2993,f58ccf,4e-06
2605,train,459306eb65bee483,1057,105c22,4e-06
1144,train,3f7e3707a2e4653d,10753,6f2fb8,4e-06
5678,train,039260e02a2d6c3b,9433,65f8f8,4e-06
7011,train,969bf02017d2b275,3013,81653b,4e-06
5115,train,f7a8fa478d316faf,1265,15d0dc,4e-06
3176,train,91012e399f6743a4,2849,964e26,4e-06
2534,train,876f906d3f07a1fa,12706,1f886d,4e-06
10550,train,c127810cc9815b88,9625,f70509,4e-06
12958,train,e4911304876c373f,9406,fbe431,4e-06
2277,train,1dd8659520913469,7010,1efd34,4e-06
6834,train,a4a1181127da5548,8658,aaa225,4e-06
7489,train,6d935ad30a8bfa56,13490,393696,4e-06
10472,train,95e01f8295971d35,8558,3c824e,4e-06
1309,train,11cc13cd3e4eb479,2003,e355af,4e-06
8092,train,3e411e1e2fa254e2,10471,5b52f5,4e-06
8574,train,7dd390d88965dc7a,7523,6da797,4e-06
12008,train,e4dcf37efba8c4f2,3431,dbad3f,4e-06
6836,train,252f711fd3e4333c,9798,b75a9a,4e-06
11835,train,18ca33113634c602,1915,198042,4e-06
560,train,17a3dcf61f3a49fc,9863,bb6b1c,4e-06
4514,train,a72df1b533a84c14,859,7135a5,4e-06
12483,train,db6311d4f6eb8c41,14278,80a751,4e-06
11212,train,d3ccf1c8153d4170,4526,d48e51,4e-06
3236,train,aa2f6c3b3840bc66,4019,0ac71c,4e-06
714,train,4153f8a00a6d7c3f,8879,0c4d32,4e-06
2909,train,8416da367403aeeb,5603,6edce3,4e-06
6423,train,ec043325e33aa0c4,1140,7a1287,4e-06
3031,train,6ed4f74063568498,7909,44e9fa,4e-06
14102,train,fa7171bf3fea52ec,4274,66662e,4e-06
11591,train,2b703aa542196736,1280,e5c004,4e-06
4426,train,ab5d1f46f1994e66,3408,cdfa3d,4e-06
10763,train,c9a4345b83243bb4,74,f1e50e,4e-06
7276,train,b810b0ac50725529,6280,039978,4e-06
4087,train,cdc0a98f0576638e,11094,a68d8c,4e-06
11738,train,f3a679a97dbfce22,8277,d7fda1,4e-06
6414,train,927e7209b67ad44d,3513,5fd7fe,4e-06
5458,train,38fc9a9cca93a69d,8130,acd461,4e-06
14698,train,a6f3259f56216674,9072,f51d9d,4e-06
6901,train,e5606fbb2e95b090,9876,90818f,4e-06
1575,train,d24a6a7aec3d4cf1,12129,dbea54,4e-06
12755,train,4c5919eca6811c12,5424,b7399d,4e-06
8849,train,79724d95591ea4d9,652,006889,4e-06
11620,train,515df40509c814d9,6403,ce6dba,4e-06
14518,train,b313a6e7e3a14786,11985,4a44c9,4e-06
505,train,5799ad622ef3d792,4298,8964ce,4e-06
1739,train,5836645fc7c2abc1,2563,acc17a,4e-06
3104,train,46c5222dffbffc1c,10740,89346b,4e-06
7826,train,7505832bc178881f,12364,9df018,4e-06
8575,train,dead2eab32e84b59,4818,c7007c,4e-06
9101,train,d87ae438b0390624,8243,e68824,4e-06
14435,train,d71212f83741db16,3090,a9e620,4e-06
11594,train,b84de13e2f256b4d,6491,ca52d5,4e-06
5596,train,ab45da70853cbaf0,5855,c9a9ba,4e-06
7021,train,6d0eee58bd26648c,7233,a27405,4e-06
541,train,2911422ad01ce97c,13601,de6bef,4e-06
42,train,6d48956b6ae014cd,11605,09ac8e,4e-06
8898,train,26ea6d75b4351bb0,3108,047263,4e-06
9380,train,5db870559a31c90c,9345,3f52a2,4e-06
5180,train,aa173597325a71d8,6805,1f5b32,4e-06
11787,train,40ad1690e1246203,12719,e68401,4e-06
10556,train,33f41cf6af0132d6,3145,039053,4e-06
10470,train,9450f3f3272124c6,5469,082b5a,4e-06
13382,train,24b118fe01cf46a2,764,6784ca,4e-06
3000,train,35af65dde1b94d0e,4670,601ea6,4e-06
9169,train,352282904a89695b,12672,0f270f,4e-06
8212,train,fec03ca0a9d9c489,8664,c40590,4e-06
1817,train,5e35822d5fbd9b6a,1949,44b9d3,4e-06
2013,train,f41a2af2dc4465c4,11874,3bf497,4e-06
7970,train,635332f7d52d9134,6522,ebff81,4e-06
11544,train,8bd63e980e87ee4f,12730,b120fe,4e-06
10045,train,bfdffa7e4ccee654,12625,0b502e,4e-06
2662,train,b2515f38028cd03b,12043,60bf6f,4e-06
12684,train,5d05c146b7c1b5c4,14427,421d36,4e-06
10807,train,3ce7b6138cd93b30,2336,40b3a5,4e-06
14399,train,262536a23d59b10d,2885,219b3d,4e-06
4915,train,8dda3761e622e2fa,3405,d78a54,4e-06
1940,train,b739154c40fdb739,13747,c0d121,4e-06
2881,train,e701db0d202d0ea1,10509,e7c1ed,4e-06
7960,train,2a53de99acf386b8,6133,46f6ca,4e-06
10000,train,5d6bf0e15cb08b0c,10470,f6d6dc,4e-06
10648,train,8bbd2a79f82e9314,5372,d969bc,4e-06
2612,train,5ee538c8e9cfd452,6444,4807e2,4e-06
14800,train,073a24dc4106671e,5859,c8b179,4e-06
8060,train,37c5d5ec177de713,5844,bd705c,4e-06
9398,train,f55cf19e4d9fd233,14483,4accf4,4e-06
236,train,c3542826c63f503b,2314,daeab3,4e-06
9442,train,c5e893bc22fb0fb1,7017,b912d6,4e-06
3849,train,6a2ca3c9a45f09fd,2877,1a8249,4e-06
11311,train,99c91812fb395a46,7853,aae712,4e-06
3162,train,bc56062c8865d8dc,1316,8e40eb,4e-06
13467,train,ad4700eff8e31920,4018,47f6a1,4e-06
6476,train,2b0638574ec97672,7983,5cb6f7,4e-06
1693,train,8c97ff8d8b9ec243,9217,87b7c7,4e-06
6717,train,86bc54a3ea96af7f,9982,40c302,4e-06
11686,train,faf89fabdf6add0c,9551,ec3fd3,4e-06
11389,train,ff186ebbb582c529,576,c478bd,4e-06
6774,train,9a098d984350cdda,9048,701bb0,4e-06
9051,train,0849887ad7103a4c,10555,83c0e3,4e-06
8284,train,f124aa50b19e7422,8651,a11c1b,4e-06
7238,train,41857f0e8e6a40c2,12902,3bf764,4e-06
1665,train,c74ec6804b41f7e3,9753,d33b60,4e-06
4709,train,caaf2a6d9354a925,12778,a759c4,4e-06
5517,train,183f769d26330d1a,7715,e35906,4e-06
1255,train,372c86318acf7753,11796,265856,4e-06
3587,train,8e431ecfb3eb55a9,749,7a9761,4e-06
13262,train,d206f58d566e1f93,1771,0a8996,4e-06
10083,train,8cad3a5bdad85a31,12295,b907cd,4e-06
12399,train,d58af6fe74807847,3343,38107d,4e-06
6528,train,31ae06966ec00828,8309,182009,4e-06
13018,train,2a858519d3c6e8f9,13227,7a6adb,4e-06
9237,train,230ae3b01aa5e0ad,2846,385b86,4e-06
6161,train,1ff20867dc292b86,1496,0b408e,4e-06
12386,train,0ee514be7159b2f6,1017,fd1bb3,4e-06
6040,train,bbc98ed975e40c68,12514,9c36d6,4e-06
13908,train,9308dec61b7a299a,4320,31ff0a,4e-06
12267,train,92fa4f0e63faa116,14223,623b93,4e-06
9625,train,4ad2c08ee4c71f9d,11106,ce335a,4e-06
9309,train,90bb57e02b2b9d67,12951,7c31e4,4e-06
3570,train,0e245e9c200b83d0,9313,8e319c,4e-06
6184,train,c70943ac0cbf4c33,4211,e1633a,4e-06
8867,train,3d79ac63ea191acb,4953,df8c00,4e-06
4725,train,34a446a3f848d55a,5861,fb3e52,4e-06
9370,train,06f5e99b1ad76531,3468,fec6ec,4e-06
8893,train,a9ab0cf71841e5ca,8563,57820f,4e-06
3916,train,7a70cc5af642851c,12897,6622cc,4e-06
11288,train,3e4ab516dedeb063,14357,184460,4e-06
12768,train,e39e104a7313e6cf,8598,2624d4,4e-06
11086,train,ea98ad5966895452,1901,0609b6,4e-06
320,train,454c3f09ccc7f2a6,4247,b18a03,4e-06
1363,train,e0f1950b03272e2c,11744,02a20c,4e-06
4518,train,7525e609d2e80149,1323,7b47f7,4e-06
1342,train,24259efb97fb4758,3045,7e244f,4e-06
8753,train,c416d3113e2ff4bd,6948,522ef6,4e-06
3227,train,eea89b496df852bd,7753,deb0d5,4e-06
385,train,139b3ccd892422c7,10845,ae1e9e,4e-06
386,train,c7cd7d9050609176,6533,136d44,4e-06
1595,train,96bd2bce18435d36,8342,dd26bb,4e-06
14294,train,06b26a89e2c8bb31,12403,ee5e01,4e-06
12519,train,fe573cdbfac70adc,8129,a2b8f1,4e-06
3623,train,d84ccfdc7dbb5648,9718,a3715c,4e-06
2637,train,66f8f2a5db1d0653,2417,6f69b3,4e-06
14113,train,06232393a78e9d3d,11380,e21537,4e-06
4533,train,8c8519bc8d00af51,4987,e3eb99,4e-06
14411,train,67994f98d28641e3,6779,285854,4e-06
10901,train,29a8263a0d734dff,795,47c75a,4e-06
14229,train,e8a64d070e5cbc7c,524,9a884b,4e-06
7483,train,bf212decb66535d8,14347,01e118,4e-06
5002,train,b308bb8008740f00,1195,d034d8,4e-06
7278,train,a8b8e938fe31edbc,5252,0ae29c,4e-06
5516,train,adff83cdacb318b0,54,f386b9,4e-06
2669,train,036306c8bc1b04b5,9606,870a44,4e-06
117,train,22c4776062cde150,8219,369515,4e-06
6724,train,f5ef0810c2885b38,9955,ea7c07,4e-06
5648,train,4ebae4f2a457d3a9,5148,a09dc4,4e-06
13402,train,b4ef3bca2986eaa1,11894,ee8964,4e-06
7834,train,d98544a0e815f0e8,2941,ad3007,4e-06
8588,train,f6197b1823ac0602,7288,ca4e69,4e-06
12032,train,fbe27516007cdcfd,6886,c5b807,4e-06
2276,train,cf5757f40c032e4d,892,869cdc,4e-06
4948,train,c1530b6c8a386ae8,3025,f05b6a,4e-06
13416,train,ffac81dfe85300f9,3834,7d68b4,4e-06
580,train,500d09e5b75176a3,13613,aaafd0,4e-06
9160,train,1e02abee3dce9be3,2578,08c212,4e-06
506,train,0377a46b01dd42a3,7485,9df1cd,4e-06
12981,train,da74f2c3ed3bfa05,283,f91de5,4e-06
6669,train,4c2fe0547fac0843,3065,7c81ed,4e-06
8957,train,363a9f411ccd1916,2989,f0a890,4e-06
10570,train,6c4623b86d3d9a67,4128,ba6bb8,4e-06
14015,train,8a50886ad2758610,12072,66f09b,4e-06
5882,train,6ede11b31eddc644,2403,9857af,4e-06
6019,train,338c41ecde0a68af,8547,a9a47c,4e-06
384,train,9e906c51c0eb888f,3122,d686af,4e-06
437,train,eb6ecf91e3f4a42b,9949,8e4d1e,4e-06
4528,train,c3c17750e683f7db,3193,c3a72c,4e-06
1440,train,b70328285e521c1b,10519,f45c93,4e-06
13704,train,c138751cc052176f,9893,19e15f,4e-06
10895,train,db825d5497c917c5,782,4199e2,4e-06
10453,train,672f31898759ecc9,2944,2d4005,4e-06
3955,train,45dded30c175406c,2374,0f3e4e,4e-06
7909,train,4285b4434a915094,3432,6b340b,4e-06
2457,train,b4386032ede96ed3,11620,4ec9b5,4e-06
4098,train,b8b3a8606adc429a,14292,27a46e,4e-06
4213,train,43af69b9382c5a37,10839,03ce3f,4e-06
7017,train,fdbbd05800ebc412,10912,8ff84e,4e-06
3464,train,fa65dabda6f4d13a,10181,e978c8,4e-06
7934,train,cc2a9269aee4bfad,8179,530b24,4e-06
1658,train,8322eff924e02246,1577,0fc221,4e-06
7529,train,094280d613a539a7,13678,3e7f8e,4e-06
9071,train,48baaf10b691a8a6,4581,8000af,4e-06
11171,train,2c4a9ea2bf3be233,10011,936af5,4e-06
4651,train,25fff3bff12eee78,11474,b42041,4e-06
3030,train,8efecf625dbd0da1,12448,2d9543,4e-06
2417,train,811d60706cee4ff5,6920,6ac9e3,4e-06
4839,train,8ff2e5163675ca14,9285,59d769,4e-06
10561,train,2987bc72be60f9cf,13519,56157b,4e-06
7393,train,0b145b9ab1c18ad4,4642,a23af0,4e-06
5314,train,13eb9bc7a820c072,11184,09038b,4e-06
14192,train,7fbab7b7d559c21f,4421,938bf6,4e-06
3158,train,f32059d9c0036ac6,7171,b41821,4e-06
11604,train,ec9bf0220e9906d1,14428,65b03a,4e-06
5427,train,e2b8304d2e9010d5,12571,1f684d,4e-06
6659,train,aa66c3fdcbc77040,14222,ad1881,4e-06
14327,train,e9ee11684dc8a639,11288,772bad,4e-06
1489,train,d5d1d47f72c3843e,13420,e857fb,4e-06
5344,train,bebdfc58d4cf5b85,7790,0b5452,4e-06
8457,train,40be327539058d06,8833,b7f35e,4e-06
6231,train,06a49b3c244c9802,12699,021e20,4e-06
1172,train,1f9042741a8b14ff,8792,571142,4e-06
13000,train,3fd9404c8a60f177,13104,e2d449,4e-06
2641,train,e8b41d919bec75fc,9986,d35186,4e-06
14307,train,ab8705e54bdd0a9f,10186,91cb43,4e-06
852,train,2620f953f189b79f,2729,8fcda4,4e-06
7269,train,70bcaebce15855d5,553,18d37a,4e-06
6835,train,036ed5c5c029efd0,12087,824d20,4e-06
2888,train,584e3b25fe1f69d7,8714,002c9d,4e-06
11899,train,3e0f30eec87eb353,12892,d22be8,4e-06
6418,train,030353f6cc9b9b0b,1641,c58178,4e-06
2517,train,fc062b7f20d1c89f,2984,38760b,4e-06
5405,train,6ca3b8710547bfe0,6608,481ab7,4e-06
9221,train,b243e8e3ca54cb83,138,58ba3f,4e-06
10324,train,e1b84ab484b76afc,5979,5a9861,4e-06
3321,train,927db593beac6cb6,9212,b36fe7,4e-06
31,train,daa280e702d5bd3c,10546,aeae61,4e-06
1717,train,214d96abad59b9e5,13206,18f118,4e-06
13142,train,3d09c4ce6f472983,12718,6d5754,4e-06
4374,train,b32e7f0d95978cae,8920,a5e175,4e-06
6673,train,8180a0ccb09148ed,3767,a4a047,4e-06
5985,train,acf3d85bbfd2ef4d,7495,2963f8,4e-06
14494,train,b8605c2f651c0ed0,10064,3c4255,4e-06
946,train,02ff5ffbc31832e9,10943,63ffb1,4e-06
12319,train,930d1caf8b9d2453,1011,cf2ee8,4e-06
8779,train,9b54eb66fe03677e,3206,c5c5ce,4e-06
3760,train,01fd62f22c10334b,9943,2cbf8d,4e-06
12149,train,23a5c2674b0b3646,1493,9ef6cd,4e-06
4176,train,a3b3176cc8885c42,12480,e789a6,4e-06
11629,train,ccd7ea7213d38edb,7198,0575ef,4e-06
1588,train,1132d9d785a90236,10418,d28d80,4e-06
6739,train,e15dc679706a81b9,12849,6ef211,4e-06
5551,train,cc3e596897fc398e,13360,80ea98,4e-06
4131,train,344bd01fbfda2625,4252,1edd18,4e-06
3352,train,be7d7202f0a0be14,9282,7bccdd,4e-06
7805,train,60759720b6d759db,5259,d1e612,4e-06
344,train,c5c1d374dfc05e3a,2642,2071ed,4e-06
7377,train,7b11fed730fe2924,675,081e43,4e-06
4977,train,9e1c3c7b93017c22,5236,e94021,4e-06
13864,train,6b6e3e4069b109ac,13382,670cd9,4e-06
105,train,b067ca56b67411f5,6325,daa02d,4e-06
8624,train,b90deef00a779f51,4986,78d8f4,4e-06
3049,train,96df533e95feb1fb,202,80e76d,4e-06
13583,train,ee9aba4b30261225,7553,17c882,4e-06
8915,train,02edac2674d9998d,10490,97ab90,4e-06
920,train,636274e74732ba8f,11909,001dac,4e-06
9962,train,f6fd44e38b9b71bc,11893,accd5a,4e-06
12636,train,51fa4351ef029e84,8212,f89d5a,4e-06
4398,train,9cf84d794a262ea5,8660,727d76,4e-06
3937,train,9ed39f4d399e3ef9,4823,163e21,4e-06
2628,train,5e5c35467c12d51f,10017,ba6a17,4e-06
9942,train,3e7eb8425ced9c64,10788,053440,4e-06
14797,train,6676f2fa32361b50,7626,cfd4f3,4e-06
6950,train,f955e737909f052c,759,ffd6ab,4e-06
5039,train,59e0d995ead5fa64,4158,d52240,4e-06
8885,train,2d0b4d331ac2001c,10543,c96d39,4e-06
12980,train,e299b9bce982aeac,10151,fb8201,4e-06
14115,train,ee5318fc80f2dab7,8738,84f6f0,4e-06
12042,train,69be9464dabcdb69,3972,74a52d,4e-06
8669,train,346565d1a13441e0,3046,af34d9,4e-06
6263,train,7e31bb2b66aafc7f,14112,1915ce,4e-06
8477,train,f4c621bbdb3cdbc1,6377,1738cd,4e-06
9333,train,8af43eab0c22bae8,2839,6e53dd,4e-06
9338,train,f5aa3394496258d1,6493,639365,4e-06
9385,train,0e2ae9fe74abce59,11124,f58a87,4e-06
6272,train,3bbb8da7120f463b,1505,1c45ab,4e-06
5022,train,00536fc8b5a84847,12005,b3d6bf,4e-06
3611,train,97afde516e4fe0f4,212,811e62,4e-06
8937,train,332f9170dfa21816,1171,7929b5,4e-06
7580,train,2bca57cb63cbe200,11981,996e4d,4e-06
13047,train,aac5d03a3e0a1a1d,6893,0b6b81,4e-06
5487,train,988c808538ee4919,11686,7f4646,4e-06
5348,train,384114b637bc9942,5683,1c4e6c,4e-06
262,train,e06e284e5555c163,1400,09a7fc,4e-06
1069,train,eeb3b65ddcf5b642,5218,dc29f0,4e-06
6991,train,4c1e9a4ee76f5c7c,10759,ddf2de,4e-06
13563,train,93ead87271f76268,599,375523,4e-06
6377,train,eb754f0bfbc2ae67,6451,749e48,4e-06
5868,train,ec05c61781893bce,1412,abe8d0,4e-06
1004,train,52c01e97e321d0a9,13842,ac4549,4e-06
11560,train,6b7517f8516249d4,10239,1e6272,4e-06
6637,train,b369f40ec3260592,9136,6fd5e0,4e-06
6190,train,81dab4d80ee5b8cf,1243,8fa0e3,4e-06
10702,train,4dc9b8fdc489024f,2610,794404,4e-06
7920,train,59ca550b008fcdd4,6103,c1f819,4e-06
716,train,a0744fb174e7ab24,12091,bbeb02,4e-06
1436,train,6c10dae6a5b1a98a,5156,f9ba61,4e-06
13608,train,c066cafd79330d11,4204,ff26e4,4e-06
2735,train,8dd81adc8d92ba4c,774,a85f2f,4e-06
7857,train,e3a1b53b71f58d68,12635,cf4f3f,4e-06
4600,train,9a6cb5ce0f980dca,2972,1c5165,4e-06
2425,train,d2e1bb03008f600a,9817,1dd8f4,4e-06
8603,train,96e211e0ae6e19ca,11232,844f24,4e-06
9795,train,f46b0e0305894d36,14327,7a76eb,4e-06
4607,train,e8a723056e375a6f,14062,f0aa06,4e-06
14135,train,e6e288bebb8c98db,5785,9c5a44,4e-06
12670,train,2d526b1539ecb037,5611,6381a5,4e-06
455,train,8b252013af47cd6c,14402,17896e,4e-06
3044,train,3e070606ce351aed,8412,af1e40,4e-06
12552,train,44d9fb46ff240f37,7871,106867,4e-06
9791,train,96c61277c4f0e288,6636,8e30f9,4e-06
10062,train,540f0755c3228991,13858,703d73,4e-06
2038,train,4c4c22097f6ee2d7,10303,1ff63a,4e-06
12381,train,7de918998a2ae107,13653,1135ec,4e-06
3552,train,eae24e5adb277b93,3787,d0376d,4e-06
6729,train,190e8f921475fdd3,9010,3dd861,4e-06
2666,train,e01ea11f20ffb592,7078,905f87,4e-06
6166,train,4c2072847b059fd3,9095,54d314,4e-06
4545,train,7fcaaec935c63f05,3018,b302e6,4e-06
12253,train,d240b3ea55a262b9,4602,ac75d7,4e-06
6042,train,e220f185a606b772,5839,cf7008,4e-06
13274,train,9319493e6c99bc6a,3855,305475,4e-06
14350,train,3a1e360dca9b2f6b,12388,caa373,4e-06
6742,train,f41436db344b9eb9,2982,88d381,4e-06
12884,train,c428c564c54461ec,6061,da4b7f,4e-06
11004,train,d32d828fffea01cf,10639,061a9f,4e-06
11447,train,1874b7d88b76bf55,5053,521fb8,4e-06
14784,train,1505ae96418099a0,3012,8dd124,4e-06
2079,train,21fa5f2e713feec2,10717,94757f,4e-06
10097,train,55e849c9950c3ad8,1110,60fbf2,4e-06
6094,train,79115453e61c6fa0,8067,8128f2,4e-06
10204,train,797efe96ea0653a6,11163,e01d8a,4e-06
8493,train,174b5ea734f80869,12464,2033f2,4e-06
12635,train,6652f989b3cde35a,6553,487edb,4e-06
6006,train,cf3e773531bb1c1b,2891,8642d1,4e-06
927,train,7aec7f7a36a8d2b2,639,ab335a,4e-06
1647,train,d5acadf3af9f7dcf,5309,60aa0e,4e-06
10803,train,3ffd99943c842bf2,11408,a93554,4e-06
3832,train,7a70ffd3cc1de366,10557,81301c,4e-06
12724,train,e3f906a242ad6d4f,11084,bae610,4e-06
10765,train,8c0d1fa0d685ca0b,7869,b6c5a5,4e-06
5355,train,cd217f5773545057,13363,81f3f4,4e-06
9714,train,49dffb7a50f4f706,12418,7fca8b,4e-06
14311,train,a6cab64ce22ad9f3,10947,b57db5,4e-06
13389,train,463ca36fcee81efa,14184,ac5c08,4e-06
2469,train,9005792717646448,12572,f64285,4e-06
4256,train,b6be7623f7d00994,8583,7e3154,4e-06
4080,train,818577b20a6b5c57,10249,c86bd0,4e-06
8311,train,9afe731a1a1a707b,3719,d69415,4e-06
6315,train,28e6db68e3fabd7b,13590,bcfe9a,4e-06
430,train,f8c6ca421ed41ead,3047,36b777,4e-06
8308,train,076370d0aceb9a6d,12355,409d6e,4e-06
5354,train,4daecebbd13da992,8908,ab984e,4e-06
11717,train,a4bd29ef8de2a6e3,12670,76dfdb,4e-06
8936,train,ff9e916df8ee0022,2477,b3da9a,4e-06
6370,train,c8d1cf54eece4d12,1405,ed0a11,4e-06
11771,train,ae669a92f307620e,11676,69b33d,4e-06
5542,train,c5e2aa607a85da4e,7181,9a7a1e,4e-06
11266,train,36da7db7c24ca6ac,2008,cb81f3,4e-06
3563,train,db73bf52255d35f6,5733,0af3aa,4e-06
6340,train,266dd073de2cdb7c,9229,549cbd,4e-06
4683,train,487697c5fc924d37,12063,dce71e,4e-06
14459,train,38d4ccd7deedd2ac,10556,62ecb0,4e-06
230,train,ed0e623a8c72ea50,1921,b37afc,4e-06
10373,train,b2a10d1bbdc02005,906,bf40c2,4e-06
3821,train,0fdfc5daef1da37b,4067,21c23a,4e-06
10829,train,0ba6e96eb19d09d0,8498,210bc0,4e-06
4342,train,140bfe14bd030859,10799,eb87dd,4e-06
6339,train,5f2bbb895ac47981,6602,84e6dc,4e-06
13479,train,07bdc2709884f0b7,884,ab3982,4e-06
395,train,8817423225751952,999,bb9780,4e-06
12297,train,b9a1f2e3e6bb2cfd,6310,6bc43e,4e-06
9267,train,9252bd8e0b17a00f,4650,93b246,4e-06
7242,train,9fe4da353d7ddf83,1194,c953e7,4e-06
6280,train,ee8f1450e695c03e,6528,ead0f1,4e-06
12203,train,1487bc94f18a8272,5168,7e3679,4e-06
9106,train,5cae61f4a726c984,13413,7d4b06,4e-06
12184,train,74de211ac076e8d5,5106,912890,4e-06
13762,train,cf07f518f7152f9a,10185,67ab5d,4e-06
7932,train,78b07d9f017b357e,9614,b41da3,4e-06
13236,train,b2ff2197e443ade2,12639,9b4b7d,4e-06
11012,train,0ec3ec9bb5d3a3ed,3701,8d2c9e,4e-06
12487,train,6dfe8f328a2974cc,8329,57574c,4e-06
3879,train,f8b182e8ae564f94,85,dc3016,4e-06
13272,train,104d792dd5f63e95,10200,5b2840,4e-06
12251,train,ded4411f03e0900c,3339,716b8f,4e-06
5970,train,daa0c803a059d3e1,12456,e3a4b9,4e-06
9632,train,b46b9238dd0ce670,10920,a2945a,4e-06
1960,train,0df0e6ca560cd6df,9956,30bdcb,4e-06
6057,train,32095826278b9a3c,12642,4fa180,4e-06
14769,train,6391c931b3746e7d,3308,f1ac95,4e-06
6291,train,f047ac421ad4fc43,12419,ab604a,4e-06
3317,train,dcfab7c452e10cb7,11008,29175c,4e-06
1671,train,2832d857c9808a8e,4205,0a9dab,4e-06
10766,train,a375fac576df42d5,11761,98e08b,4e-06
9986,train,76cda36edd879f4a,1137,daa148,4e-06
10999,train,e926e69063e903d1,2045,846003,4e-06
14574,train,aedd24da9d6d9434,7305,3f39ad,4e-06
367,train,97b0fec6c76f4cff,11236,09696d,4e-06
2173,train,5ee0eb40c143b849,2649,253423,4e-06
7673,train,707731be8c285cb3,5285,0d5a92,4e-06
12539,train,c84882fda23e4286,948,6b30af,4e-06
10783,train,4262bb8c91a53813,11601,a83f9d,4e-06
10002,train,b4b68aed713d0303,5652,3fb659,4e-06
2555,train,0f4610d7c7ce9182,13599,0347c5,4e-06
1091,train,7448bf8ea4deec7c,3784,6f632d,4e-06
2070,train,7d0ab2a87b12d3dc,6730,c8afdf,4e-06
5593,train,114d734df5645053,6932,924ef2,4e-06
7607,train,865947ee17eef70e,7721,ec18bf,4e-06
5940,train,4d24fc127831dfd8,6791,7b061e,4e-06
5345,train,915dda96d058e321,3775,0e66ce,4e-06
3711,train,064f060cb28bfae1,10061,efb115,4e-06
38,train,f4197fda8fd9ce76,9389,489b8f,4e-06
205,train,e401fb2216c87192,178,b0b0a7,4e-06
4418,train,9682b7176c0066f1,3797,7d0ebd,4e-06
9739,train,dbd2299358f99cae,11701,f0e979,4e-06
11749,train,bf536dc0a8413f57,4462,65113c,4e-06
6740,train,c23e2a6c7ac8fa3c,816,89aa25,4e-06
2331,train,8dd90a8ed3ef104d,5320,a901e2,4e-06
5631,train,9e5cce7e3645fcac,1533,e97229,4e-06
3204,train,08dbada6b10c1dee,13801,cdee89,4e-06
3593,train,f266a71c0aee2b03,9591,2b2f89,4e-06
3507,train,e56403f9497a6754,642,e05cea,4e-06
13363,train,73053e52ecf66793,2354,a65377,4e-06
2468,train,b6b4a00647b40953,3056,983421,4e-06
3292,train,41393e58f101b893,2246,0e727f,4e-06
13415,train,3f981912c382b13e,12826,cd45db,4e-06
8432,train,fb5be354f71a0d93,8776,056341,4e-06
4711,train,cdcb3a48a645ea59,4806,6f69b6,4e-06
4435,train,f8233ba9b29be763,3867,2d6ced,4e-06
13123,train,3cede0b65c268707,11277,419b0e,4e-06
12327,train,df752f3659bb61d2,10173,8e71a0,4e-06
6952,train,d867e82c094546f6,638,fc5eac,4e-06
2256,train,1178132a1d0cc33a,14043,0be90c,4e-06
7534,train,32188fc7121da3f8,9961,23c1b3,4e-06
7542,train,e64d12e600158205,13436,334e20,4e-06
6053,train,e14543464d531f3a,7902,68a160,4e-06
10358,train,414a00edf3eb1fbb,7136,2ae4b2,4e-06
2004,train,06cae312ecbb8882,3198,d50653,4e-06
558,train,94fb10bb90adfa67,13514,229ed1,4e-06
3731,train,b13678433b1ba2a6,241,5c5a88,4e-06
13885,train,f8ff1880e39562de,13025,bf05f0,4e-06
9788,train,7073aa6019043186,9175,c0241f,4e-06
4654,train,89d9286c2df35314,1722,8631fa,4e-06
5372,train,407be6fb8f7c3c31,5499,f789c4,4e-06
2688,train,0a2ac37858f435df,14095,51aa58,4e-06
5916,train,cfa97adfe0288be7,7863,43cfc0,4e-06
5536,train,72d681dfeef3ab31,3603,4a4b84,4e-06
6075,train,040f57bc59382ced,6483,62f150,4e-06
11970,train,55cc346652e1603d,94,c25c43,4e-06
1296,train,ae5f3f75840ee274,6947,2672f6,4e-06
5801,train,9325564ce46f1c5e,5797,98141a,4e-06
4605,train,d527402ab053a7c4,587,8e5fe7,4e-06
5555,train,8adfc0565e8ec991,2548,cebf97,4e-06
11141,train,4bc231f26fa8c934,5632,82b39f,4e-06
11128,train,f121d5c4a431bc69,2310,1155ee,4e-06
5719,train,8ee98f61a24213f2,3659,6a158b,4e-06
1931,train,daa8f3ba8eeb1fa5,6835,4e8b4b,4e-06
1846,train,37e1f5bd72be77f9,298,900b75,4e-06
11809,train,f2d120360f1d35d5,1829,5c818e,4e-06
2103,train,d63fbdb6120f6ecf,10041,4745ad,4e-06
6015,train,360caf930f562ed9,2322,a5806d,4e-06
14726,train,6fff6c233915975c,10008,9faec4,4e-06
13397,train,6c2cb153d6a7ecb1,6352,6eb332,4e-06
11908,train,262e3128a9fcfdcd,12517,d7f97a,4e-06
11089,train,9b1ce115ae91f923,5481,8ed016,4e-06
5500,train,3af2dad2d9be7891,6164,5d3bbd,4e-06
2828,train,a4e9769dfc63a5a0,2699,28b6bd,4e-06
7339,train,21510114eab1ceda,10376,baf9a9,4e-06
14515,train,1af801c8e23039d0,2829,6f392a,4e-06
2692,train,c63eb222f6da4c2f,8296,c0f389,4e-06
5004,train,2632f5fc64ac321b,2381,262c9a,4e-06
8970,train,bdc4ba9018cb022b,5684,c512bc,4e-06
10194,train,8fd51f56781f4d16,13671,1253f1,4e-06
11807,train,feb29072c222545c,12404,0b6834,4e-06
11055,train,7bd084fe89582784,6635,1ce3ff,4e-06
14242,train,de50af555715938a,284,5c5b27,4e-06
5019,train,175cae71e731ecce,465,6ba36b,4e-06
7032,train,b3e041cc3c39c608,13070,c69103,4e-06
177,train,d753237e1fc00974,699,aa88c3,4e-06
6147,train,95bfd2822f48aa92,2553,a45d0b,4e-06
666,train,2e5aae752ad0e2ea,7937,c48d75,4e-06
1434,train,dbce70e293349394,826,9c941f,4e-06
6973,train,2ac4360e50e2d5be,251,c55e2c,4e-06
6091,train,b108a09887bc4ba8,2365,856e9d,4e-06
3548,train,d5f080e1a2101002,3243,ea5145,4e-06
1548,train,7161394fd6747d16,9900,8476d7,4e-06
7579,train,fe922fbd9879f5ae,2552,ae1743,4e-06
13187,train,06aa156be6fdd909,12142,75b05d,4e-06
5096,train,508d12307ad02297,5189,2636e2,4e-06
13928,train,7fccea2d0c720962,11768,290f78,4e-06
9173,train,e4cd1b54913bce83,5709,896d13,4e-06
3177,train,21ce791374bc1dc6,13758,117560,4e-06
4828,train,3492c52f870447bc,10265,1b5604,4e-06
635,train,d04489911c6492e2,2844,db9e98,4e-06
12770,train,939c907ce680eb46,5284,0d01c9,4e-06
6556,train,ebf9efa1c132ea51,8907,999222,4e-06
12315,train,15a8db3321434810,8572,69893d,4e-06
8892,train,e5ac5694c0f02e6e,12688,ebac94,4e-06
8304,train,613a56f11e7d5b5a,10126,09011d,4e-06
10067,train,a60d04c614008486,1712,1b4972,4e-06
5018,train,c537cc2cbeb0fbcd,11068,e13407,4e-06
14536,train,ea859f60669883aa,7780,f21ccb,4e-06
12450,train,23bce62f9ef5b331,9556,f6507c,4e-06
14603,train,82082aa4f061a379,10524,2c5adc,4e-06
7674,train,4bfc9fa38bbcd6f2,9373,f375cf,4e-06
1593,train,b87678290f64008c,14054,a5ca3c,4e-06
10784,train,7f211290f6c97fb1,7980,6956e5,4e-06
4593,train,2135f1a74d476049,9560,ad2900,4e-06
3503,train,573fd288972f4207,1352,0a6a45,4e-06
12987,train,caf2e01b84a4e832,13609,265fb4,4e-06
10638,train,cdd99f189f399915,4830,e64074,4e-06
6517,train,0e2350b26c4821b6,13826,a97974,4e-06
2236,train,85f2cd7d91e745f9,10696,cfd352,4e-06
405,train,fb22b7d7b6488e0e,3533,2be0b2,4e-06
5914,train,030d78042427fa73,516,1deb53,4e-06
5432,train,25561cc6056810a2,5821,e0cc17,4e-06
12943,train,5f566f7800a84cbd,2851,a2d7ea,4e-06
110,train,9d4f3fb512c877cd,3521,f3c38e,4e-06
5111,train,a3a64d0b5b51ebb5,13268,3b73e2,4e-06
4931,train,022b845c487d987a,9196,a88429,4e-06
7337,train,915734c7a3bbd0c6,6313,5a75cb,4e-06
13279,train,81dbcdaa149c169e,4257,b89f99,4e-06
5075,train,1ef968941a034980,7480,5ee8a7,4e-06
4969,train,99ae7b55bb454771,8020,98dac8,4e-06
411,train,878c3ed90c7ad060,1236,afed36,4e-06
12841,train,a2060a85833869c0,4880,92bb06,4e-06
12522,train,b2541b86464c2d50,12100,807e37,4e-06
11704,train,5410a863d5b44fcd,12269,b2906a,4e-06
14270,train,6b56e73291cb3bbf,14329,daa1c4,4e-06
4739,train,3876cb442824f452,1301,3e1c05,4e-06
3906,train,a3c92c4ea3190d35,5343,5b1f39,4e-06
7241,train,54b42b84c7211d69,6362,548cd7,4e-06
8444,train,d8d6bb53e6e7247c,9410,d21f21,4e-06
11321,train,5373d561a92c7268,1058,e9dc36,4e-06
14062,train,1decc8ccb5fa8336,6215,cd2e5d,4e-06
12518,train,156f6951d6f51364,10681,f94a2e,4e-06
11183,train,7eb359d3724af062,1096,286b89,4e-06
11195,train,691fe6e6417f2d0c,10398,59e233,4e-06
9528,train,a6595047d90a9fa8,255,689fc4,4e-06
4184,train,86ff7dae4755fcdf,10990,303d60,4e-06
8006,train,418a5a2944f2a8cb,6673,1ad582,4e-06
424,train,49897767e3b0b1dc,13086,5e6dcd,4e-06
7586,train,daee25606f1811a7,7703,26cf4c,4e-06
7604,train,541c382b131880d5,2545,eeb74c,4e-06
9259,train,8d9f97ab70484033,12595,e76abf,4e-06
13119,train,b044e9b3e782d9c9,13537,3264eb,4e-06
1785,train,9d603d31afbf5782,14312,c5d334,4e-06
589,train,9b23726641e5c577,9759,263cb6,4e-06
4513,train,27e745b6330f2c27,13482,d00f31,4e-06
6613,train,612d29dd2cdf5a38,12494,014e5e,4e-06
5799,train,8791f5d2e5db9b96,9331,62f330,4e-06
10362,train,1a1dd979c6c4dbac,1451,50a35e,4e-06
6359,train,e8f3e4085f6402f2,9513,4d4dc3,4e-06
7469,train,147175fb854dd398,9031,8af34c,4e-06
9779,train,25771303d9804427,12093,077068,4e-06
7954,train,0432ef58d95dece6,10416,ad2745,4e-06
12085,train,4a01b28be0e04b01,1905,e85c00,4e-06
10905,train,ed29e01595c18128,10908,9bc660,4e-06
11907,train,2c7328bf9f1c3566,448,d91380,4e-06
5170,train,cbea32cad552a2ec,11919,e9c4d8,4e-06
8072,train,2e7eb4b43a42acc0,5503,63493a,4e-06
14130,train,ff7be489008de35e,6776,6e0a10,4e-06
4985,train,32df9cc080092714,5511,970bf6,4e-06
6855,train,7835f189dff8def0,6819,e4b54a,4e-06
7996,train,32596c3160ea2269,4458,b2f36d,4e-06
14570,train,596028ab625264e9,8629,d778ce,4e-06
6066,train,9a32f298912af5bd,5510,b01845,4e-06
583,train,69867ee211795985,9981,2e2567,4e-06
2295,train,8dbadbd55486eb33,2798,7cafd5,4e-06
10318,train,d530540f53ccaa93,10060,37c432,4e-06
8193,train,1cf0a34eb676c1bd,6054,b00ab9,4e-06
13266,train,b6aec72302cccdb3,10849,5b301b,4e-06
1078,train,607101a48215c46f,303,d31bd2,4e-06
10577,train,96a7f8faa8832343,13690,102329,4e-06
3279,train,55ee969774648c61,481,d508e5,4e-06
13259,train,c8ae938d8ab67b0d,1637,48c930,4e-06
6438,train,ca9f1c0bbab2a1bb,1459,6b195e,4e-06
2673,train,62b5cf8ff1edb0f7,865,b3e691,4e-06
11088,train,b371f71d48a8c664,13109,de0d6f,4e-06
10326,train,c11a695ea2509114,8983,835935,4e-06
6691,train,d88a415fae43a1ba,687,690cdb,4e-06
13610,train,f4d7ed3b6863b649,2570,bc93a7,4e-06
4052,train,9e896d8eaf3fc1e1,11086,d34f5a,4e-06
2351,train,5520a5660ecdf2c3,13579,59b648,4e-06
14019,train,fdb3de7ec97288e1,6462,b5be27,4e-06
11799,train,7cdddb35640b4553,3433,538337,4e-06
3187,train,92c684cd2dffae73,5884,069d19,4e-06
5443,train,4c085f8c8100de5c,2896,353f33,4e-06
1615,train,3523d4cd98fc803a,11146,ec7b34,4e-06
5833,train,dcafd28cc839bf34,9746,84bf9d,4e-06
3315,train,b87330f476c367ca,4235,b82b34,4e-06
4166,train,64841f562c02c990,8441,e11693,4e-06
5309,train,c2699f39a31a4504,10405,4bcf16,4e-06
13316,train,1f8be5f5111a62ce,4793,bffdf4,4e-06
13803,train,2eee8213613bccf1,6235,f16afa,4e-06
12689,train,5aadbca9e4e821c0,6697,bfc7b2,4e-06
1270,train,a83faba5a2a37dff,14155,11dc98,4e-06
5797,train,919de02ede293928,13847,07c2f7,4e-06
10251,train,a3b3037b93e7f65c,9437,711668,4e-06
3377,train,e93f3c749885871f,11712,95f9e0,4e-06
10105,train,19815c8f370f5713,12592,9b2334,4e-06
14063,train,59ba0040ba353427,3117,890fc1,4e-06
1926,train,0106d4dcf19afb86,11892,1fb22e,4e-06
8895,train,67b559ed48dedf1e,3360,a4e950,4e-06
9179,train,ce5ca91fcdf4e4b0,9712,1d237c,4e-06
13418,train,c67e891dd557f82a,8775,f074fd,4e-06
7538,train,af1a28d6b9f34662,7777,66c223,4e-06
14470,train,b34225a7d248e132,4760,1ad196,4e-06
13520,train,cbca479a6872f5d7,10766,4c94ce,4e-06
14306,train,a8011e216821a355,11136,788246,4e-06
11276,train,6a52cd7b56fc8588,3091,e9f61a,4e-06
11236,train,d5158f07d2700e8e,6449,2cd1f6,4e-06
11871,train,13e7e14d80a534f5,9885,d70322,4e-06
4688,train,76d158fa60d0014d,10652,b07502,4e-06
6813,train,406733aebc517fe0,12953,0eede1,4e-06
1832,train,87edb3e508dc75bb,4463,d18eee,4e-06
7559,train,cde2645ebab5317f,5435,12dd5c,4e-06
13673,train,c8d5fed360c973be,3076,6a3cd8,4e-06
14789,train,326236df10d14ee6,5109,035bf5,4e-06
5044,train,d741d1c10e661944,1113,222ed8,4e-06
7327,train,f03feb99dd17b242,767,cd6856,4e-06
7992,train,5182c23bc60c9104,3938,b99d27,4e-06
5087,train,5d81728c7088be4c,8132,84ffe2,4e-06
14416,train,9d5c45af4021785b,771,02c7f3,4e-06
14142,train,141b45da46c41880,8370,883d68,4e-06
1000,train,0836797afda151b3,3728,1968a5,4e-06
2565,train,b3164df64f4ae267,1720,4cb1fb,4e-06
2433,train,c6cc2aad04030088,11075,d1c35d,4e-06
2490,train,cb2968746d23086a,9178,c311a7,4e-06
12080,train,7b16ee2d90826dea,6913,0e4a60,4e-06
13768,train,4c5ab851b298394f,4775,e064f0,4e-06
4223,train,50aae40ae5342146,1028,bd0545,4e-06
1750,train,8c5d7b983d60889b,11913,f116f1,4e-06
10748,train,e757afa6551b2485,4503,75ae23,4e-06
13754,train,61b0e142d7055185,2410,89c3c6,4e-06
7655,train,af96f065847f1750,8310,66116b,4e-06
13019,train,b620aff3092fb737,7372,8b6b21,4e-06
382,train,b8900f318613d9d7,3979,32c7b1,4e-06
4338,train,ab86536529d5a2a0,14486,00efad,4e-06
7688,train,2264c1ddc4e50bfe,6518,3c40c3,4e-06
11048,train,49b2631d1321d0e5,12242,a4fffe,4e-06
12107,train,0c034f3cadee0736,6674,73128a,4e-06
2980,train,0b22cca5bd7681ba,3854,5edc6b,4e-06
4798,train,24b7280122ee68eb,2502,46ab13,4e-06
1810,train,e042046c2374444d,4027,b54cfe,4e-06
2883,train,0e0fef6545434bf4,7185,ba8eec,4e-06
6695,train,b327819d5762bfb5,1149,aba208,4e-06
10717,train,9e0e3ced2a06020d,6295,80e42b,4e-06
1642,train,6d0fb0748276de8f,840,7e3e37,4e-06
1710,train,b24993f98fdb3481,6278,03a25e,4e-06
195,train,0f449fa29ee8dbff,14557,6a1a64,4e-06
7090,train,7a800f2f4ec4c764,2360,492c4c,4e-06
3803,train,b97e6dbb6a9d2047,6383,56a887,4e-06
2895,train,73c104f97a2fc5e1,7842,4a0637,4e-06
12094,train,465e6992197225b2,13042,f6bb6d,4e-06
6779,train,ab4b8cc92c4a76a2,10035,59c5ef,4e-06
9627,train,6dae693123daa0dc,173,e4e2bd,4e-06
10934,train,5bd4126e155b8e6b,1411,1d50e7,4e-06
7324,train,75bb69d258d37ab2,4943,bac932,4e-06
7219,train,39dacb24cdb29f31,4795,f33589,4e-06
228,train,37e4a86d4ba94f7b,9765,03a635,4e-06
10871,train,97cef6773badd6cc,4807,5924d5,4e-06
2747,train,fe115cba3f8ce0ac,4908,9c1de5,4e-06
2749,train,aae32b773b83cf3b,10643,50e550,4e-06
2912,train,58cf21b8d05be05e,8719,9fb278,4e-06
10338,train,3d5587f72739d2f0,12121,1ba957,4e-06
76,train,28c6b3f7329712c9,6415,9199f9,4e-06
4482,train,d2968f3be1175ee7,3146,bd067c,4e-06
2880,train,123867f43cb50a24,181,53c1a1,4e-06
749,train,ed697aad44c91e3c,4443,56e9a4,4e-06
9238,train,71712d899b9f5a7b,5910,10f28d,4e-06
5661,train,cc728336ce580b03,12306,c3af62,4e-06
12553,train,b383149310b7be45,4799,69113b,4e-06
6924,train,521448caf928aeb8,7666,4612fb,4e-06
1411,train,9a0ebc20a164897f,12101,3f0735,4e-06
9434,train,49ef8a428d0afdba,2229,5414ae,4e-06
8182,train,1f30987fd5ccf66d,4457,f8f5a3,4e-06
141,train,a6b9ba615bdfb6dc,8255,9393ee,4e-06
10997,train,03ceb77b11571aae,9620,b9bd1c,4e-06
5644,train,f5cbc0683f2f14c0,3737,838b18,4e-06
331,train,d25d1d494e21fb54,2933,8f517c,4e-06
12360,train,bb382dab0ef77fe6,13431,705606,4e-06
1219,train,d3338a3315c19041,12014,f43d8b,4e-06
1579,train,cd645c4604d317c4,3413,e764ff,4e-06
1640,train,36911e9ecc4b6cf1,6599,7c768f,4e-06
940,train,e7fc710b0e21634e,7433,85a58e,4e-06
562,train,2975f508a460ff73,13027,8022cd,4e-06
478,train,61cf8bd7ad8c8f5c,13489,df9f99,4e-06
8757,train,a7fae2afeedfbe76,2443,d78f63,4e-06
5903,train,70fd0a056082c860,14279,a578d9,4e-06
5775,train,6e5d96c3f453ee90,2740,25d181,4e-06
2622,train,0115ec6da3692208,9499,0e8e6a,4e-06
5395,train,cedfc69ed0879a40,7203,53d31b,4e-06
5365,train,332470f9da6ec28f,12034,ec3226,4e-06
4626,train,e0f74333348cf0dd,7311,c0be7c,4e-06
13128,train,94ceba97732ef8ca,9933,bb4fbf,4e-06
12006,train,91a2322758b43e1d,8758,a0d2e1,4e-06
8840,train,df3785f52c194ba2,14020,8c567c,4e-06
6921,train,c6fe84b05b7a1fca,7034,d790e6,4e-06
1681,train,81b39b3a7ea9f1c6,8866,1a0dbd,4e-06
1325,train,4583d9e075584acb,2097,7c44c1,4e-06
10793,train,5d5ad5855da3c347,8038,a7f339,4e-06
13933,train,b901fbdb4238f1b0,5674,b79d20,4e-06
5943,train,d26e5cd472a56c55,9197,927404,4e-06
2026,train,5d93b3f5c98066ba,5249,90eafa,4e-06
14612,train,c8616984403e26a4,531,d4d388,4e-06
3905,train,d58f278744827181,8543,be849a,4e-06
13595,train,56411142fcaf77f6,8619,2cb4ff,4e-06
2423,train,bb71c725e66cfdc6,12485,908366,4e-06
7693,train,572b4e5fa6c6ffaf,7019,4a0695,4e-06
4211,train,c2733468791b8d3e,10184,ae8528,4e-06
2765,train,010e57096f179911,1145,6eea4a,4e-06
2997,train,759c08a2734cf6a2,12845,3b5822,4e-06
4650,train,0aff1f433a0c30c4,11693,ffbb60,4e-06
726,train,87f5edd14fc6210c,13504,74e9fb,4e-06
2086,train,7104091d2782ff36,11989,49dc03,4e-06
2426,train,809b48d3814a1c82,13389,8e9618,4e-06
4475,train,4447b0eb01e9a4d4,4504,f18915,4e-06
13104,train,b2c4082d40644fbc,10225,4687bd,4e-06
1013,train,ad651d877c32cba8,8688,b53f1f,4e-06
2165,train,2332f61682a2e37d,8753,86a107,4e-06
4312,train,3ab1afe0a30f3ddb,8779,43e659,4e-06
869,train,031a0c958137cfa8,5876,5cb2a5,4e-06
2527,train,bedd32b6257ad021,6975,d7417e,4e-06
9247,train,e269fededee6b8e2,4647,719c92,4e-06
13750,train,35489ba68ec684dc,9660,1c4907,4e-06
3531,train,2654d6b9de0f4394,7165,ab9bc7,4e-06
2596,train,5e956fa246ee9234,14408,7c5758,4e-06
4936,train,0ad5edde259a737e,3993,99be8c,4e-06
144,train,9811db675efa7f90,13693,1c0183,4e-06
13249,train,be0fcd0ba1516c5a,13225,02a478,4e-06
9097,train,e7b6bdf825a3e65c,893,97b37b,4e-06
8988,train,ebd71505cb47032b,12683,9e58ee,4e-06
2081,train,7a50d8515f4500f2,9645,300995,4e-06
1426,train,908f794242ca1a9b,10143,96ff1e,4e-06
6943,train,fd65de24fe09a8df,7412,852896,4e-06
9165,train,024869a317cadcbf,10189,31e119,4e-06
7456,train,67a70306fd9b19cd,10102,357276,4e-06
7798,train,8e677ac7ad2734bd,13376,87d3ab,4e-06
11706,train,08edd323ffb4f499,13498,b39ecd,4e-06
8889,train,9e606660765858ef,11487,1a05b5,4e-06
2660,train,8ef61f3203377e79,11334,dee83b,4e-06
13582,train,8cbf64b1a0733584,1784,d370dd,4e-06
9889,train,b4f16c0f237eecd0,13195,69b9a6,4e-06
9302,train,d3a0000fa736eaa0,9035,2b2811,4e-06
4843,train,128719256b374248,7781,0c2a67,4e-06
1202,train,82ee3b8d9ffa8132,565,4331cf,4e-06
674,train,256b460118cf6f2d,9113,0adf47,4e-06
7578,train,2a24a0fa730ee088,8350,d188dc,4e-06
9044,train,661850b639bde5a1,11087,8fd833,4e-06
1212,train,14916659d3cb2106,6546,da6fd9,4e-06
12634,train,f423bff726f3d50b,5672,920509,4e-06
5099,train,b5570e0ae7162326,14440,dec965,4e-06
3635,train,20bd2ecfd4a8a85e,7005,e9e301,4e-06
291,train,58f81210d0f62b9c,5965,489e0d,4e-06
14151,train,6aec5eb807d35c1c,11336,f7747e,4e-06
4673,train,37b5c33761bd96da,12471,df8974,4e-06
1780,train,ade30f2439fefabd,4597,3cd6fa,4e-06
14522,train,c47d7830220381b8,955,135edf,4e-06
12385,train,3baffb6b5c083335,9397,902305,4e-06
1493,train,80baa6fb25c10851,10668,41626a,4e-06
11045,train,abf7bbf2c87d5869,993,9f4ea7,4e-06
2321,train,67491f0b05caad34,11108,4be00d,4e-06
6732,train,7865c149d6e99d03,9259,c8a7d7,4e-06
4797,train,39559360b4692c0c,10462,a0f588,4e-06
10411,train,ea4b3f0b1c2de495,533,1753c2,4e-06
14048,train,ba769cdeb1feee40,726,5baa44,4e-06
11001,train,c97cb7424e556c0d,1897,8f3ed2,4e-06
10512,train,aa3b3e1729f419bc,3003,2df3b9,5e-06
12912,train,8059d2d701494958,8671,b7834c,5e-06
8872,train,3ccfd9a97f74387d,8512,e3b965,5e-06
10843,train,59f35fc583c6b91b,2822,c2118a,5e-06
6736,train,2b7189acb1c7664f,8636,ca44f7,5e-06
3057,train,00ebe25246a7ef45,1101,8f21db,5e-06
9916,train,35bcff1b3f752714,4464,a800e9,5e-06
7413,train,680deaedd1965db5,581,b4c397,5e-06
5802,train,9466395589298ce9,3156,8eae02,5e-06
3714,train,6f3e5d089ef415c1,11385,e6a051,5e-06
3425,train,b9046e7586b9fb07,6642,d79353,5e-06
4143,train,42a81576a55da12e,3535,5a79eb,5e-06
13600,train,13568be689983c49,11193,e450ae,5e-06
5673,train,0018fb78842a5a71,3116,357e6a,5e-06
4050,train,ec2de37957d873a4,3880,cae418,5e-06
9246,train,62ea03d4b3057e7a,14133,028014,5e-06
9102,train,3c3a6865bea77757,11614,3cf226,5e-06
1071,train,fd86ca0ee0e76205,5618,4e0ba3,5e-06
1703,train,907dcbddd41be6f2,13592,377c36,5e-06
6709,train,a48223819f8f1b10,6482,a869fc,5e-06
9975,train,d133c896b723c6ef,4969,f29e00,5e-06
9641,train,a914c8fce0a256a4,13261,3d1579,5e-06
6738,train,f31a924def67c007,879,ffa849,5e-06
8583,train,e8fc124dcec0d35d,13759,44ac44,5e-06
14820,train,af44943fcd405334,10703,c5348c,5e-06
5953,train,d0777dfa5b1c869e,2669,84c782,5e-06
13887,train,d9ef61ec388d039a,14028,883cbd,5e-06
2678,train,2a8661628c2771a6,1753,4b30cc,5e-06
11023,train,60dfa2f33beb8fe1,217,2151b8,5e-06
12339,train,b2287d6626e2ce81,14417,7b4561,5e-06
12255,train,cd2d8cab783b6362,11709,90dfe3,5e-06
972,train,207847b9a30e26e3,13582,5cdf6e,5e-06
919,train,3e8d1d7d5bd3c594,1327,6abd2a,5e-06
7111,train,43aee39802e654d5,6015,5e04d8,5e-06
5312,train,10f50860b6d7b03f,14021,df1e9d,5e-06
12054,train,5446ec17539580dc,10893,07136a,5e-06
9569,train,54e7c21dad938210,4008,bf62a0,5e-06
4403,train,a84ceb85130b97e3,11233,b155db,5e-06
9617,train,1b7306b05301532e,8934,190c8f,5e-06
5361,train,14cb1d5d696c33a5,1404,8c0de8,5e-06
5896,train,d93dba1f9a481283,3170,4cf48a,5e-06
1179,train,4af19ff9a5844139,9695,db168b,5e-06
12685,train,07ba4ecee728f626,13562,2a2d4d,5e-06
5872,train,35b13b57947465fa,8166,bc669c,5e-06
5963,train,6c953d0e0d1ea78b,11983,341e8a,5e-06
6183,train,4ba704bfed16eb9a,13384,754284,5e-06
1576,train,caa66a43fe8780f8,2499,d176ef,5e-06
3676,train,48de102cce2184ce,11332,20ec69,5e-06
12345,train,487131fb4dd9f6e4,5136,16f7de,5e-06
11079,train,ee78272b39141c7a,11973,74e771,5e-06
8459,train,f9111a15b629b8dd,907,0a0861,5e-06
13365,train,3cc8006ba1542359,11016,e3e18b,5e-06
3688,train,d7a79b00250609ba,4020,0799ac,5e-06
5383,train,33bb63705bda0be8,3435,08cdbb,5e-06
9028,train,ac998769b27761e5,910,a0638d,5e-06
1730,train,0a78c4a1beb16509,953,a4530d,5e-06
14728,train,2c1f47299f5540de,310,c793b8,5e-06
10342,train,4394c999a3cc5974,8896,10776b,5e-06
6754,train,90e9b9d9f5333cc1,1482,6ab283,5e-06
6409,train,029bc20b3c3f7ec8,7971,df8319,5e-06
13226,train,6efefcbe96e8a335,3793,622535,5e-06
8201,train,3a71f0f515a1160c,1557,994086,5e-06
8488,train,52c77c737f5f43c8,12511,7141a3,5e-06
9593,train,e7d55b768204f776,7672,02b76d,5e-06
3202,train,23df91a53d9ff2d3,6865,922587,5e-06
4235,train,d38175ac17a173dd,5526,675981,5e-06
85,train,49dfd354ecf3abba,2946,a2f036,5e-06
1027,train,fb34f3b8e07207f0,8069,f7912a,5e-06
7984,train,f93a2ded41bf8abd,8957,7fef0e,5e-06
2522,train,3c54e93f417dccb6,9427,555f3e,5e-06
46,train,86f5536db38cd9a0,2602,46a8a6,5e-06
7889,train,d77af1dcb7c12767,7749,34c2e2,5e-06
4522,train,8466047d1e9dcae8,1472,6442ce,5e-06
928,train,72372609fc27849a,11721,a3239c,5e-06
11527,train,09f9886a2b46b073,13055,c130ba,5e-06
7272,train,ee533c885a9beb00,10305,484089,5e-06
6319,train,36ff9a02663bed91,5898,4c0d21,5e-06
13856,train,84845a8fc7263f65,9182,9e92a1,5e-06
5809,train,419524875737bed9,5028,99deb2,5e-06
9125,train,9cc249871f1aca21,13586,81144c,5e-06
9377,train,5dda827c6205cf82,11816,5e7c84,5e-06
4311,train,f54af32bd3c2b3d1,13405,1526db,5e-06
10198,train,9c085f0c5580583d,3655,21d961,5e-06
8997,train,cc56b63d2d422eaa,12733,acb00d,5e-06
10815,train,69d7158a726d09a8,12122,a7bf25,5e-06
12913,train,e94a89dea21f1ef6,11877,f62559,5e-06
4541,train,45968e754e6a2dbe,9837,1bdbef,5e-06
705,train,97345e8b376c02e4,370,22c2dd,5e-06
10196,train,05f9d0cd5676f975,11399,89580a,5e-06
4391,train,3664386480c3ddda,7416,1f343b,5e-06
14882,train,6150c295d50b6abd,8935,8e8b4d,5e-06
1913,train,4100af089a414998,13240,2c2cee,5e-06
6514,train,06f87fb0f5410058,10149,ad52e9,5e-06
13952,train,bc93a3751f760b00,5083,02e478,5e-06
4469,train,149e28ce3ec9d897,6718,d98b33,5e-06
6385,train,58fafd378fcbbcd3,4957,e93807,5e-06
14233,train,a537df2a5e1e10d6,11060,4aac46,5e-06
9020,train,537547bce004d8f9,9975,d7289d,5e-06
5461,train,50d9fb87ad48da64,10502,18faa5,5e-06
7779,train,d2ef25f92f5913f0,8910,09e097,5e-06
6360,train,294fc934f03d58ac,7665,ddf7aa,5e-06
6007,train,7a3e70db62a78827,4136,f2ab95,5e-06
838,train,a30a00cf1ec43c54,13174,46a101,5e-06
5813,train,7ad0a38c34510df1,1861,ae21ea,5e-06
14558,train,e2fc680a4a1c2ae0,233,677362,5e-06
14172,train,cf8e41ff5c6a183e,7932,1a7206,5e-06
6574,train,d6717fa8f7b64464,3813,03ceb3,5e-06
10868,train,6c0edc1e2252153d,6767,e16454,5e-06
2486,train,2728a72527eb523d,10070,02a1ff,5e-06
8083,train,504ed68f92ee5922,2538,cd5b7d,5e-06
12769,train,b09a650b295022fa,2362,c9b63f,5e-06
3345,train,d2481331db957c22,14052,0d9134,5e-06
7482,train,508242fde908fefb,3946,f07dd6,5e-06
6265,train,ebd58177ce6d1989,14496,2bf47c,5e-06
6180,train,f804f2470e73f0f8,2180,970081,5e-06
161,train,1336c42a3414d880,3718,a61923,5e-06
2659,train,903bf6d6d3d53cae,8190,a64a36,5e-06
6499,train,66a71877855d83af,3476,b6c17b,5e-06
3981,train,b77efee853c4f67a,3357,37084a,5e-06
7087,train,3d40f40e30904c3b,12130,a9ea00,5e-06
7286,train,ed99bb527caa41ec,7246,b6f607,5e-06
12572,train,a7557249730c0601,12895,1fae1e,5e-06
8128,train,a895ce505e254882,4402,f9dc0a,5e-06
737,train,835ef6e8e37f9e4c,13258,4838d5,5e-06
293,train,719c78571018b573,7328,1305c2,5e-06
14103,train,e56c831a0b28f7e7,14439,6f57d8,5e-06
8422,train,64a9417b8d96116f,12336,59fe06,5e-06
8967,train,b6bf87e95e61c2d8,11283,76d0c2,5e-06
14450,train,9bb5ac909eab31bf,8773,e86589,5e-06
3854,train,d116ab0d92ee5f1a,697,f5cd60,5e-06
13792,train,5741c9a86a7a4586,11555,c8ae36,5e-06
8857,train,cbe3f1fcfedb7c6c,12772,30f191,5e-06
9785,train,3e92736238211158,3638,b97feb,5e-06
3413,train,ab717210875342c1,5453,4c8b31,5e-06
12814,train,b4e1455b07ce5e04,6406,eb8ef6,5e-06
7561,train,747d0d176e41fb68,2738,ffd8eb,5e-06
12493,train,cae77c89431836f1,3232,e794b0,5e-06
12124,train,7285898643a7f963,13459,737553,5e-06
7263,train,ba2aa2ba6f045222,7713,b0a96f,5e-06
8811,train,bd9457140f42ad2d,2402,6b429b,5e-06
2878,train,81cba00aad55a023,8460,7ca38f,5e-06
5359,train,5261c037e570887b,1235,9a9ee5,5e-06
3130,train,2cf6901a1dcbc24f,3625,1d4122,5e-06
2974,train,02d88b9f768df62c,12817,d03bc1,5e-06
1599,train,328df2a73d361c56,10935,dec960,5e-06
6649,train,7bf36df2c2168875,8676,6a2142,5e-06
9573,train,6f5e873912978136,9838,1149de,5e-06
7495,train,dd80288ac1e26a1a,4779,fabf8d,5e-06
4920,train,88006349b16c891f,2883,40e339,5e-06
14642,train,115ee56dbbaf2478,5423,0b9a97,5e-06
4721,train,0c6af8f4255fb744,5870,daea3f,5e-06
10952,train,52e747c382e49d70,9795,d9880a,5e-06
11636,train,9f8b6fd187d06119,9465,2e7f65,5e-06
2201,train,f576777a1bbcaf1b,10569,86d3c5,5e-06
1701,train,2073f9d97ca28997,3283,99ab97,5e-06
6056,train,4e3f8b785136f1b4,7655,2f0954,5e-06
6685,train,d11b8f49248a7388,6131,c715eb,5e-06
11649,train,6bed1664d1927245,13986,647607,5e-06
13465,train,ac5938aa4b6202e0,2386,84abfe,5e-06
4157,train,695c8386d92cf468,2058,97ada7,5e-06
10249,train,21b61592fd879995,4130,6cd330,5e-06
12786,train,6e3bc76e9e5b9125,2318,2012ac,5e-06
14733,train,00952b205488cb3b,8542,faf391,5e-06
9317,train,cc37021352f6a4d6,5916,e54eef,5e-06
9376,train,a6bc63c75bc02e55,12249,82530a,5e-06
13360,train,18b29e4c0a73f81d,3485,109b14,5e-06
9482,train,bda3252a283a5945,11384,9ee8a1,5e-06
8208,train,fe8c880e0b2d0898,13939,1e4286,5e-06
9578,train,b39e92f374975da9,11917,ad8723,5e-06
12730,train,0200210f129e348e,73,659456,5e-06
7620,train,ffead86f71255ec9,14057,eb50fb,5e-06
14241,train,7e034f64e127a438,3183,21b074,5e-06
6299,train,85af8165b3a6b8e1,5645,5ddd59,5e-06
9915,train,a42b6280cca87681,13415,be122f,5e-06
8126,train,86d558fc98c9a0aa,10894,dd18e9,5e-06
7101,train,cd8b2609e14c0310,9201,9a2d59,5e-06
1182,train,c0ed14817d498f0d,13879,e880dd,5e-06
10538,train,7f8c2e82d6f33ee1,14030,4767cf,5e-06
3757,train,20ea8213d155cf56,4516,9a0ea8,5e-06
1616,train,fd24ef22877af5d7,11651,7a0292,5e-06
14372,train,df8d6553bb0a505e,12796,8d7599,5e-06
8135,train,5318edd3913c7f11,11023,8342e7,5e-06
10991,train,efd560ac540bfe76,4663,d841dd,5e-06
14832,train,9a939001ee55fa6a,12504,6371ea,5e-06
7884,train,981e636ed084213d,9829,40123d,5e-06
4698,train,489e58ed69d02666,6942,c18045,5e-06
13284,train,e3e2b82fe0a6cb2b,5190,893e06,5e-06
1217,train,0f4356fa5c56cf39,1478,ae4b35,5e-06
12185,train,b71879c24102de1b,5192,13eab8,5e-06
1046,train,1977f0ece5e3dbde,3181,540139,5e-06
10240,train,76918ff2b1b1d7dc,5891,342c0b,5e-06
575,train,ff4631010f7c31a6,13974,c05daa,5e-06
4147,train,76b9d6136fed1b6c,11192,3e911d,5e-06
3203,train,71d201eaab0d5f9a,4628,ec7265,5e-06
4592,train,3f1aa98025065328,2112,7ee96b,5e-06
12575,train,98798ea49c869560,7494,3be100,5e-06
7054,train,896baa7af4ab2109,3704,04feab,5e-06
13458,train,42f0bca339dac33d,13864,ce2641,5e-06
2269,train,d2c9bb193d473329,11397,7176da,5e-06
488,train,ec07579ef9c57ee4,11356,372faf,5e-06
11178,train,e531cce9a146606a,11520,efc780,5e-06
3476,train,74c40c77206a374e,6936,f08dfe,5e-06
2005,train,879d539e4b64e19d,12643,361711,5e-06
243,train,a61907efa3129032,3041,6dd29c,5e-06
13115,train,ef25e0f4a39f313f,7324,85ca5f,5e-06
11952,train,0605721175aaeac9,9653,4fdae5,5e-06
12356,train,82ec420b4ceb07cf,14319,d9a2e9,5e-06
6806,train,3d5f39846c11fa33,13810,fa00e7,5e-06
11873,train,432fd69a2700f784,4693,0bc17c,5e-06
59,train,1c89688826a5e79f,9812,5006c5,5e-06
8616,train,f193810e884ec035,10162,d98218,5e-06
9397,train,7c7fd43873d8912c,7919,ac773b,5e-06
13773,train,e91ff0e201cf8776,14491,d636e0,5e-06
9558,train,b30c80c0738a82e7,10166,8e87dd,5e-06
2101,train,70c2d8f96aad4d06,534,736a5a,5e-06
8813,train,9648ffc85168e003,7435,89b027,5e-06
3585,train,494bbe40b4514dec,2015,e32d8c,5e-06
8966,train,1879c6a86a889507,7156,4b1b85,5e-06
8191,train,85e3bd5fcd555688,1590,05bdfc,5e-06
1382,train,f7ac54ca25b15442,11641,c344ff,5e-06
11479,train,968cf19d27d12c3e,7818,1c0447,5e-06
9452,train,546dc67f424aab7b,7530,65f874,5e-06
3970,train,6272eeca387bb97a,5794,209abf,5e-06
5728,train,56dba5ffa03eddf6,10800,c556a8,5e-06
14573,train,9122d9f4c1d45936,5112,3f4cf2,5e-06
2403,train,fee18e8bf1e40208,11813,474cf9,5e-06
11745,train,e06f3ad8dc6ec4d3,787,a4b739,5e-06
8480,train,a76710261b75835a,110,71b912,5e-06
9448,train,d550f6422d33d50d,12557,f817a0,5e-06
8030,train,20d335ea6bf43e9a,7558,d4622e,5e-06
193,train,5beafda348b74c05,9644,b7fafc,5e-06
9662,train,be410363bdaef5de,11358,6576a3,5e-06
6821,train,e63e8a0d298bbbcc,5739,a0a100,5e-06
2015,train,b38e8b003912e6c4,387,61c71b,5e-06
2372,train,0c3ff606ddc095fb,13926,7fe277,5e-06
1756,train,0a2655da616e8a96,9359,e5628b,5e-06
755,train,48a70b003d401065,505,ed502f,5e-06
5620,train,1115cae293150b7a,6542,9f3f1a,5e-06
4864,train,5945b6259984f1a8,2758,f8c333,5e-06
1266,train,a69ae685b068312c,2505,1ea83d,5e-06
1367,train,30d883b6a9621d86,4563,49f241,5e-06
10721,train,e389fe23c198449f,9084,0aebb7,5e-06
7191,train,eed99a33683c1650,13221,f59ef9,5e-06
7540,train,6b29de7bdd4a6ef2,595,8deb24,5e-06
13086,train,c55d71fc447e0c62,2792,1e636d,5e-06
3142,train,bfe02ad8cf703035,12762,9bc42e,5e-06
9063,train,fec62eef38ae8989,11671,40e532,5e-06
6348,train,5b8c25a02a84f1ec,8215,5392f7,5e-06
6586,train,871e9d7c8be55b72,4746,cc1188,5e-06
646,train,0e5b711155de964d,1098,18540a,5e-06
2921,train,8f549cc273860efc,2770,d3207d,5e-06
13406,train,df50deefa092a395,5091,cc589f,5e-06
10057,train,38e8286146c94089,7415,d61ab8,5e-06
2689,train,63da358e30c8b51f,9845,14d585,5e-06
3107,train,0760a0cd74cb6e77,9962,2c4e68,5e-06
7729,train,7897b7dfc3f919a7,13323,70ae02,5e-06
4734,train,5608a79f92b1e95e,1719,37a05b,5e-06
1192,train,24daec13ef02222a,9088,11d16d,5e-06
6045,train,d25cf0f93058005a,5658,5aea2a,5e-06
13103,train,8f0e9f9d23857199,11851,33e6bd,5e-06
7259,train,ec146b615f476623,3758,e0c845,5e-06
14334,train,41e94e135a8f5db1,5126,f080e0,5e-06
13879,train,00d65c449398fd4d,12913,f35a92,5e-06
10114,train,ccd4a0dcbf8519ac,13316,9953aa,5e-06
8682,train,e0d03a5ffea8a715,8674,b799fe,5e-06
4750,train,0cc6a10ac1fe5bcd,10428,d5330c,5e-06
14780,train,50a361933592225e,8834,632942,5e-06
10254,train,2ffd78c5fec08924,7718,dc08ae,5e-06
1901,train,241ddc7e2b213bae,9127,e9914f,5e-06
1025,train,f39c4ac0db7bb2ed,8375,98157f,5e-06
6808,train,e494848201297b70,10287,d1f9ae,5e-06
10263,train,a98613034e5d84c3,549,150fb4,5e-06
904,train,c0c6d030280cef0e,11723,2602e4,5e-06
7239,train,cdfb6714c735c090,8222,1da476,5e-06
2202,train,81e68d2b88414c15,9960,9d70f5,5e-06
6582,train,38954adcfb03c6ac,5396,f4bc7c,5e-06
12998,train,8fa9625f9a663c8b,13234,00984a,5e-06
163,train,0b0e45203694b3c3,2227,8ca9dc,5e-06
2913,train,0444f9c9ad512b90,3213,f844b5,5e-06
12011,train,4778bc86d330a500,7545,66aadf,5e-06
9867,train,09fda9dc02f6da84,7390,1ca801,5e-06
14674,train,3b0d4360b4c53cba,1043,cf7f6b,5e-06
1481,train,95da324ae9b2351d,2685,f398d5,5e-06
4049,train,870be63e7ecc4df7,9915,32b124,5e-06
4282,train,52f1da4a951cba7c,2931,153e4f,5e-06
14858,train,b626863eb2770e42,9454,36cf2b,5e-06
5534,train,882bd80eba5addc7,6829,7b0170,5e-06
8538,train,9f18fb86d6cad22f,2473,e0cf2b,5e-06
4363,train,320f124c9bd869a6,13757,cf8499,5e-06
7470,train,6b4c71b7c3b2b07e,2453,3e69ac,5e-06
10480,train,89c8d283650d100b,10925,e55cd9,5e-06
3967,train,a6055639ed900dc3,6871,19662f,5e-06
8614,train,6c5ad3de6d316384,7441,974081,5e-06
5535,train,1d128297ed8e20ff,3439,868ff5,5e-06
3931,train,2d150cce235849b7,4885,a0336b,5e-06
864,train,ddeae98c017a13da,9353,f0d5bd,5e-06
8118,train,d77880b74a1968a7,3002,73933e,5e-06
6216,train,2d86e2b029a7358e,3242,894e14,5e-06
3197,train,835ec02c1ba52f5d,11243,dc40a6,5e-06
1566,train,ddcc9951c594d5d9,210,873ce8,5e-06
6367,train,45e7335ae318ef6c,10057,f86b58,5e-06
2232,train,1b38ee82e800e9e8,3921,66353b,5e-06
13390,train,d1dc63adceeaa4a0,2799,87a1e0,5e-06
10055,train,7d92f984485ca37f,12120,60cba6,5e-06
8670,train,9d0a5f4742126ecc,1205,2678d8,5e-06
7883,train,7158da6dcdf31f71,8977,995146,5e-06
4078,train,9353e42f584ff1d0,11810,7d9a17,5e-06
14356,train,ceeadb01254db0e1,13039,1603c3,5e-06
12271,train,4cb4130896ffae5a,4390,e5a38f,5e-06
8024,train,378c3cc3d3c44f80,12023,0d8194,5e-06
1617,train,f6e36645f7d61c4a,2347,d7d941,5e-06
37,train,a00c819ee6610491,9091,cb0b76,5e-06
12358,train,44e1ea0180cb16bd,4051,cade5e,5e-06
1308,train,cbf21b5c4f4c85c8,854,a26bb9,5e-06
2337,train,690b2338365effbf,13850,f009d0,5e-06
5197,train,98da5d9f7c479dc2,7562,3f808f,5e-06
334,train,c41512ee3a086073,2269,bf2349,5e-06
10261,train,0212035a3724e52d,3182,16e98e,5e-06
9879,train,4bcc07d678df4ed7,14115,411aba,5e-06
11632,train,ba77780fb6cb1081,6206,146e34,5e-06
11668,train,1e8be686b4b9343c,4468,de115a,5e-06
11934,train,754c5be0ad3ca1ec,9243,6c4d04,5e-06
3723,train,651333e1292b39bc,2306,3b26ba,5e-06
10159,train,f02fa14c49d95371,10830,9315c2,5e-06
6149,train,0025b6bd50791fe2,3833,0baf02,5e-06
1327,train,cca767ce89299746,10842,1732da,5e-06
9838,train,232854f024e5c065,5751,c1558f,5e-06
617,train,21fa468184ab305a,4338,35ecf7,5e-06
900,train,5be1e35c539238d5,941,b41401,5e-06
8428,train,067ad7fec8c0b508,2485,62c22f,5e-06
4891,train,97803f6287e8aeb7,3323,bf824f,5e-06
403,train,ed8ad85ecd2e331e,8367,85c16e,5e-06
8844,train,c2e015798470cc85,11501,c41b36,5e-06
5266,train,84c4f62e8951b5a1,12238,1e31eb,5e-06
12172,train,4ece3a4f8f02b131,4576,2ef1b2,5e-06
5265,train,7f03ec1cfa764b07,6084,50377d,5e-06
1188,train,ce861c5d98263cdb,7129,9fc7d1,5e-06
2831,train,cf22264999efd93d,11475,74d5b3,5e-06
1656,train,8bce384fe940f18d,1402,813568,5e-06
14627,train,d084ae0c11e3e20d,3128,242fdc,5e-06
9481,train,84b7af60321f88b6,7606,d083bf,5e-06
1110,train,46534098455ecd42,11777,8cd667,5e-06
11158,train,5a93fd0180fbba2e,1974,4ce3c8,5e-06
13002,train,8318a5b786b8bc55,1683,2a5f06,5e-06
6366,train,786a167ab168c40f,10791,1dde76,5e-06
467,train,8949f26eb185ea26,6016,7e753a,5e-06
3191,train,9757d5a9d93b04f6,3399,72026f,5e-06
14562,train,da712324177807d0,2806,d14ae4,5e-06
7474,train,46f8cb3c6d2c6940,2254,e464ee,5e-06
10546,train,a388d588ee764c43,3471,d57f10,5e-06
14193,train,ee89f43cb400a79c,7674,2a0f2f,5e-06
9036,train,b6a5236f3c735b24,4190,f3c6fa,5e-06
5571,train,1f4500c16f290d22,12724,44c5dd,5e-06
6267,train,fb5f965b2e985a83,11794,3d5545,5e-06
3039,train,c93bcb0e3be908b3,10313,528c79,5e-06
4092,train,b86cad0c0d3c9a42,3103,1b213e,5e-06
13737,train,f7fc003b70f7dcf9,8187,a89c4b,5e-06
5710,train,8fe71d0416a9c196,12594,56e7e1,5e-06
4370,train,18d7fa69c47eb2b8,11306,63dfc9,5e-06
13439,train,4d4b5357c2bb7f2b,11938,bef353,5e-06
14128,train,d2f2be45e8214c29,6570,770f25,5e-06
6058,train,d173de61a9f8f6c6,8033,08e229,5e-06
8077,train,e67406854785fcc5,11511,66d06f,5e-06
12366,train,abbeb993998b550e,3947,616be8,5e-06
13233,train,74961253b48b3514,3687,d003a1,5e-06
12212,train,640f33e9f463beee,216,a3ed81,5e-06
446,train,55213108120c73b7,6209,82e08a,5e-06
14281,train,f5ced1a22030464e,10895,bb9cb1,5e-06
4074,train,5245ee27bb3661b5,8164,86813c,5e-06
2246,train,c298a5195758e9d1,570,68b249,5e-06
3895,train,e500359b30631f8e,4048,84ef8d,5e-06
13949,train,6f9db4fae9571fed,6568,99fb32,5e-06
2301,train,77ffa4b97a6d05da,3125,bbece0,5e-06
7713,train,b82e3e875c6b3733,7883,81e184,5e-06
8132,train,d3a8bbf04b5a5fa7,1177,f55317,5e-06
4735,train,d1ed9c487820e339,12398,9bb3c9,5e-06
12801,train,6844c645d7843f90,3760,d79862,5e-06
3588,train,6c9a6c7af72b987a,12227,9cebe2,5e-06
7416,train,50d3589bf8d2f0f8,2221,a37a9b,5e-06
359,train,bdaa4421aa5579ee,9377,4cd862,5e-06
13551,train,26cd05d9930c3a5c,10161,f9ff56,5e-06
9885,train,40201c8fedfff073,10773,f14814,5e-06
13151,train,3f06d4a02307227d,12929,fbb9e8,5e-06
3080,train,ada41160d5daaaff,7277,1bb06c,5e-06
5707,train,e0d2663f641f2dfd,9979,111f70,5e-06
6601,train,2113fabc50e3cb23,1004,da518b,5e-06
3796,train,da1872a37ae1e806,7030,6c442a,5e-06
10565,train,fc0e9ad87503b4ff,9057,3fbe51,5e-06
7033,train,48834c4175103078,3826,60654f,5e-06
2482,train,d73051e3f049035b,1529,626a6a,5e-06
13834,train,342fa7fa13d01bbf,14536,1d852d,5e-06
9683,train,00c3253961acd8d2,7384,7537a1,5e-06
4571,train,5e3c3b22b45648b0,2468,50d6f7,5e-06
11526,train,e5204fdafc65105c,9162,ec11ee,5e-06
13014,train,bbda592688bd8454,5149,958e10,5e-06
8270,train,1745dc8d972a97d9,5321,f600d9,5e-06
11702,train,4aaf0cb20a100767,6145,aa218b,5e-06
6650,train,31b0e6e3e25fa6ba,10298,9ad77e,5e-06
9966,train,1937d88dfa638d52,3585,3c8c48,5e-06
3790,train,9c2462d3d913777d,13255,2a35a3,5e-06
4387,train,8e7a8d46b9517022,7612,cdfc75,5e-06
13622,train,f604a3aeacc08249,338,795df5,5e-06
4700,train,68279acc5b8f3a6f,4685,14457d,5e-06
10946,train,0daa490c4649c170,4571,a9aa39,5e-06
8736,train,7e422ee671b8c37c,8947,42f3a5,5e-06
1370,train,d5a8eabe01ef6ea6,6935,1d96b4,5e-06
2099,train,86f6c7e8b3b224db,5729,234df2,5e-06
6721,train,140f1b96e7b6da2e,2051,31b3a6,5e-06
3705,train,24d4658afc2c0648,13282,359b3e,5e-06
9233,train,a12bf0869021b793,7836,09e3ab,5e-06
13555,train,bc78dc579f4a778c,3893,956a21,5e-06
8451,train,5e8219d7df5751d8,9784,60fd70,5e-06
13516,train,60234ed7c1d49707,6269,71946c,5e-06
7904,train,e8cb179b22931793,4797,2e0e9e,5e-06
301,train,33b0a1feb3a49af4,4922,b07e75,5e-06
756,train,fe06b02aa4377ae4,7354,01ce03,5e-06
13851,train,946c86eafa71ed66,6850,d1be70,5e-06
12644,train,13035e331cbb3823,1187,5431e1,5e-06
127,train,7b09d43bf3dbddb9,4232,404b14,5e-06
13895,train,00aeb00f676a71eb,13111,ed34cf,5e-06
2571,train,8df0054b035527f4,8628,674722,5e-06
6631,train,6d5bb53a0e954a63,8128,96fd6c,5e-06
6846,train,180250d40d0cdf95,2496,a79d47,5e-06
13634,train,7b934e2114b12e76,6068,c27f7d,5e-06
11395,train,79999ba125c95297,11054,d980f4,5e-06
12918,train,12e28b18ac8aa231,169,6b6807,5e-06
9168,train,2454beb61068411f,10950,4f5c3a,5e-06
4011,train,fbd9d7bae9ffb7d3,5800,fc855c,5e-06
1295,train,c899deb67dad597e,7642,22fe63,5e-06
14412,train,28e57cc70c1e98bf,7248,109cf3,5e-06
13164,train,20830d633e643bef,4570,2750ff,5e-06
8797,train,59ef34a837798846,9749,df9767,5e-06
6470,train,a2698ab030d292a3,5470,6b6802,5e-06
9068,train,c76504428cdf4f5b,14371,5c0468,5e-06
66,train,7690a4baa27b1128,2194,f0bc62,5e-06
10153,train,de782bf2f61a9f72,9012,e11665,5e-06
12754,train,d9ee1f9e9404ad6c,10458,7f30d6,5e-06
1475,train,3033dd4ac5cb1aa1,6250,adbb2d,5e-06
5118,train,15c8781c7548f73b,30,fa0439,5e-06
9107,train,3b812868bf41dd0b,12008,9cd0c1,5e-06
3218,train,a5a11a5bd530379e,6535,6a86c6,5e-06
11391,train,c7fae57fc0a859de,6039,bcd10d,5e-06
7727,train,15cf8beff6a980ab,1900,75d431,5e-06
13965,train,40d76fbf1ba84c10,1030,5c0d43,5e-06
14924,train,3854363897ede1dc,6350,07890c,5e-06
7046,train,fa7711271a18b7f1,1532,036066,5e-06
10024,train,8e660bb8e10cff81,6448,4977dd,5e-06
12291,train,6a0efb347272fbb6,10752,b4d925,5e-06
9847,train,3244058057c33a35,10730,ad4c4f,5e-06
1293,train,a3a26fd64903267e,9349,0aaa5e,5e-06
12480,train,30ac382363e838f4,13888,b4a5a7,5e-06
933,train,72f6933466a8b695,6501,7e29c0,5e-06
13825,train,e12930090d4b71bb,6615,0d88bf,5e-06
11467,train,c2e281ef81d8724e,10356,1193bd,5e-06
7654,train,49ffdfe32c9d5aa3,4258,8bf2cb,5e-06
6326,train,50a3e00b13329115,11547,e63fcf,5e-06
6524,train,b6a6a2ef554f0990,11923,6c2f5f,5e-06
9314,train,22bc92f5406b906e,8750,4a5310,5e-06
13945,train,4b4c6fec6786e0d7,12752,ac011b,5e-06
12979,train,93537efd20373cdd,6222,3f1e82,5e-06
470,train,cb9815de958b14b7,3092,115524,5e-06
10420,train,fd3b49f2618a1d18,13987,6a18ce,5e-06
12810,train,3d16a5b545948404,5102,c132da,5e-06
1714,train,5bfdfebbd202ecca,4990,147816,5e-06
13532,train,9f6641fcacef21b9,11335,3c92ee,5e-06
4552,train,ce4dfc53084473e3,654,92bd4e,5e-06
12524,train,9cc5ff6f59d6ef5d,10459,0ea052,5e-06
6768,train,9e3be55240bc9073,3815,397d9e,5e-06
2339,train,083beec2b05eb91f,12314,baed62,5e-06
12574,train,34257f93c227482f,8261,38bb9f,5e-06
1676,train,95f95b7c13ef009e,6925,5a8534,5e-06
3434,train,94b5858441f34a2d,1074,dc592d,5e-06
14772,train,ccdc774cc0bc3cd0,12731,48a551,5e-06
11940,train,441bfc7d2339d98e,13452,7ef97b,5e-06
1380,train,f20e9cbd3b5bdd46,745,1fd1e3,5e-06
13292,train,9ca789d7eda3ad1a,9190,8f5517,5e-06
4477,train,a2f6fd74abf13759,4702,7509b5,5e-06
5148,train,d6b34f32a168e9df,10571,07a5a7,5e-06
1883,train,08159b8df6cd0d46,7624,abf750,5e-06
4680,train,85548f99ebefcf17,14485,9c8dee,5e-06
7052,train,df6f875e077af7dc,3014,ee03a2,5e-06
7602,train,410f36c173d9d6fe,8184,6a1abc,5e-06
3260,train,5b56a8574f747c46,3987,b02279,5e-06
5327,train,1b30e1bfa691228a,9735,808301,5e-06
14219,train,5b6c1ac27e4f7fd5,14448,28de3b,5e-06
935,train,f8d896d1db0b9e34,10783,97f880,5e-06
11035,train,43ef574de25c50a1,5452,f8a19b,5e-06
7258,train,48241282994ecd3c,3094,db4279,5e-06
7375,train,ef00e39ccc8f706c,13585,e663b9,5e-06
9778,train,b5913d4b5ea65547,9392,e2bf3c,5e-06
6312,train,fd1bbe4bafb4ec6c,1586,0485cb,5e-06
2730,train,4c6d3ee77890ffea,5036,5b18db,5e-06
12461,train,91c35021a9672934,11244,813320,5e-06
8805,train,3a8bb6c7625f75e4,7382,2d460b,5e-06
14844,train,a396cd8c66a5e1bc,13068,e0aaed,5e-06
2757,train,db79919e593c5810,9350,1a27d7,5e-06
5491,train,e302fed73af846b9,12784,7767ce,5e-06
2741,train,2a7f57536fc17828,11852,10b483,5e-06
8717,train,7814d247fbb7b0b6,12148,bf942b,5e-06
14097,train,6f6346309be093c4,12593,684abe,5e-06
12565,train,d9a1563980f0c224,3884,a7dc22,5e-06
8063,train,cc0f3dc2b7571f26,6394,b9cebb,5e-06
4572,train,64c3c13bb3179e41,13618,b4817b,5e-06
8880,train,d5bafb2359e6d71a,2785,540ba7,5e-06
7307,train,1bde385ec3641338,11363,44f228,5e-06
10350,train,19e164cba8bf1f92,12409,7efbed,5e-06
9069,train,87d740e5884c4652,4023,f421bb,5e-06
1556,train,4e139de105792f53,712,768616,5e-06
7010,train,edab565533bb442e,4611,00a2c6,5e-06
10975,train,b7491e8f9b01633f,13798,e9b93f,5e-06
4905,train,90c8fc6a6041fb6f,6151,011252,5e-06
6076,train,faaed59158b5bb7e,408,0558a8,5e-06
4237,train,a5383d018514b8cd,14006,a46f06,5e-06
2238,train,0272c4904e3f17a2,14144,7b4edc,5e-06
1887,train,c7f58b80399795f1,7878,0489ee,5e-06
5812,train,8d395890f7b47b39,3630,37ed1e,5e-06
7973,train,141e93a6601647c3,1551,ab45ca,5e-06
13926,train,57111e063f0b490a,11196,214dce,5e-06
6825,train,e238593a378d0220,2906,37e13e,5e-06
556,train,2eb91e40c659a1bc,7644,1d59cc,5e-06
9011,train,60c26b7a6e151e11,7795,6507ae,5e-06
12449,train,1188f0c54b30f35c,14131,1d1560,5e-06
14205,train,bb9a32006ec4c692,7702,8539e3,5e-06
3366,train,3466065476cc3fd9,4315,df818f,5e-06
5988,train,899fc2ef1c2d5402,1760,7f4d84,5e-06
4813,train,d796c22de8a3cf6c,11703,d93e81,5e-06
6919,train,d4a031ca1961de82,3897,22d6a3,5e-06
1657,train,490694340f0cd353,489,7c5dc6,5e-06
6616,train,8c5598a3dc298744,4352,2ded1a,5e-06
9015,train,1b388ba844f1b1f7,13001,1faed4,5e-06
5419,train,abd4ac203a8463ee,2995,1c2ede,5e-06
8393,train,7c1aa4171f927fb1,2148,fc9753,5e-06
3303,train,28c9b3109dd0bf2b,8230,090836,5e-06
2473,train,8f3802121bf1877d,3494,ebb39d,5e-06
3864,train,f7be24bf73f6fe01,2071,9a49c3,5e-06
1280,train,3d94e35a4c5c3253,8865,3294a4,5e-06
6838,train,c79460560c09fc9b,6393,a98697,5e-06
3004,train,49ed7ba895846171,13567,f4006c,5e-06
1858,train,2ec173701148ce13,10,19bd29,5e-06
14517,train,98304384949740dc,836,952f69,5e-06
13238,train,3b95b30e18ccb40f,13395,967759,5e-06
1482,train,c7b41a5d8b8e7913,10144,9e6a6a,5e-06
6866,train,a85d199f40bd802f,4410,16f38c,5e-06
12020,train,a7fd46254634bf35,13966,5a75ce,5e-06
3225,train,e8e29ab40d6edb3a,5001,7397e0,5e-06
8963,train,1526cc481034e490,7381,2699a4,5e-06
1292,train,70f183c6558eada3,404,b10422,5e-06
539,train,7347d63be12ca169,7448,f2c65e,5e-06
13116,train,c42e469ef127e358,8160,68981f,5e-06
6875,train,6f9095d0b7f04a59,13961,bb39a3,5e-06
682,train,15752f1fb1d5410f,1997,5cd889,5e-06
8049,train,053afcb187553215,11836,fc5c8f,5e-06
11487,train,26589b348b14fea6,2343,1c498b,5e-06
11666,train,60018212578b2715,10561,ac499a,5e-06
8512,train,a224fb2318575cb8,1181,8c0569,5e-06
3614,train,142647c0588b9529,11887,b12072,5e-06
10397,train,52b5e10927f364c9,6271,15d402,5e-06
3047,train,fa54b976fecb9d9e,5238,2b55f6,5e-06
6598,train,ad17e559c38d11f5,517,55f38b,5e-06
6209,train,ea060f863d87fc0f,8450,6c8dd0,5e-06
2664,train,7f31d97a779c535d,4164,578658,5e-06
14757,train,d9b2bf59e2a9f9d5,8482,dba5c1,5e-06
831,train,cb8495ae0b23ba41,313,1bedb0,5e-06
5862,train,c8a95813c2992457,2364,aecfb6,5e-06
1614,train,ee6a060cd3670acd,12809,05edaa,5e-06
14903,train,9279147b4790bc6f,2564,7f1be5,5e-06
10309,train,b7cd94fcf423188c,4200,496667,5e-06
3387,train,53e4b6bb0b901bff,5945,43a4b5,5e-06
6665,train,83984a54a1bc2db4,6662,5107ce,5e-06
1328,train,8a28f374dea73789,8751,9e9ce1,5e-06
4339,train,67e7dbc0eed43614,42,71a978,5e-06
465,train,20c93c37324d75aa,6721,78a0a8,5e-06
14042,train,b1ab68e60df55e80,1385,0a95a6,5e-06
11348,train,ea998c8e0ae63ecc,9337,9a8917,5e-06
878,train,eb6a21fab7246a15,9696,656540,5e-06
10434,train,3eace0dcf3b855a8,13058,8833a1,5e-06
2775,train,686de97d15cb419e,6219,1eac6f,5e-06
4666,train,596ae6be1ae395af,10384,499934,5e-06
6741,train,b7e529db1846e6c5,1146,a60eae,5e-06
14243,train,7365130008d69e30,2900,12d8db,5e-06
10908,train,764ecb83289ff3e4,2171,5b9b75,5e-06
8297,train,1f4d307b53d51539,9253,cc3e1f,5e-06
9362,train,3db0c49b8eb319b0,13776,4cbfbb,5e-06
3459,train,7a1917c32e18d489,8188,17aadc,5e-06
10084,train,ca412df6735c29d1,3155,8ac7b9,5e-06
13012,train,9dc2d564ed2b89d4,7050,9fd365,5e-06
11967,train,329e94a394188a7b,10127,090755,5e-06
3430,train,7b568f5834ca7006,13550,101c64,5e-06
3903,train,835ad77770d0b1c1,4282,6b36e7,5e-06
5078,train,925f848f89d442ec,2878,b31c06,5e-06
2611,train,5b9c98bc9d58e46a,12680,c56d07,5e-06
6363,train,6868a98545ee7b81,7186,753537,5e-06
3444,train,e93aac66a27af12e,13971,77e89d,5e-06
3141,train,687e107e4f5b58ac,4820,cba0ad,5e-06
11557,train,2a3b8af5126a1eba,13996,ac8146,5e-06
1286,train,da53e4560d2fbb1f,11831,9e7012,5e-06
5307,train,8bbd46f97e0e5405,125,81ce9f,5e-06
1294,train,a7c8e027f0f2a209,10667,2eb8df,5e-06
13843,train,98e98d45a0698208,9827,26a6d5,5e-06
9701,train,dfb2990455a3057a,776,a65d37,5e-06
8873,train,3c77cedfa1084df1,3214,55d6c4,5e-06
11595,train,3f19c1ab69965d02,362,00f2ea,5e-06
12677,train,3812cd240bc85099,10641,bde93a,5e-06
12463,train,b5d7ad3f95e4614b,5203,761fc0,5e-06
3438,train,aae4bb5052274e00,7243,a6b945,5e-06
12361,train,42d66774f77f4056,10004,3753a1,5e-06
7179,train,58396ffe6554f1a1,11328,9b74fa,5e-06
9927,train,05fb2ef2a6495c72,7094,2640b8,5e-06
14256,train,23db92d412e1abf7,11961,16b714,5e-06
9722,train,17038c8bb02f6b62,4937,ccc09c,5e-06
5725,train,e737afe7d032938a,13662,49f0d2,5e-06
11324,train,84b1a75afd510dbc,2889,cd2e58,5e-06
4406,train,51ef26737e304538,10622,497379,5e-06
13821,train,1779e67e7d1c611f,11199,3cbcd6,5e-06
11981,train,fb4bb2a1f663e38c,11441,72c3e7,5e-06
13079,train,37a046226c7e5c47,9931,ba38ad,5e-06
2048,train,dc4179fe35590938,7736,4d3c38,5e-06
1864,train,853a55a4bdb3caa2,11567,029686,5e-06
3890,train,320b1c9cca110379,3731,4ae551,5e-06
14278,train,31dcea1e23442f25,14310,398550,5e-06
178,train,b7d3163f3713c9df,13542,fcd799,5e-06
9594,train,5b753e5607342c14,852,4037d0,5e-06
8273,train,1ff99c5c5e7f95c2,1208,fe91ab,5e-06
10149,train,79a92a8e09d6f993,4720,a6ad8e,5e-06
12511,train,fe80bea980052c37,5935,7eb4b2,5e-06
8485,train,493167120ca34de7,11130,4afefc,5e-06
6211,train,a81e65d5723e01ab,11554,52e13e,5e-06
3966,train,25956043a31166cd,2667,8fd7a6,5e-06
13866,train,f52b6f982306708b,128,829cbd,5e-06
13379,train,c488f9d0fdb81bc6,1931,ef793a,5e-06
9679,train,1c9a446ee1e0d819,10755,4a0005,5e-06
10851,train,5e8fa015ea152166,10586,1699a5,5e-06
522,train,a7c752f2283caea3,6245,faee0e,5e-06
457,train,c2a66c80302ced15,2886,57e24e,5e-06
8810,train,6fbc1a5f985dc4cd,13167,88fefa,5e-06
11729,train,9af0834041cdb26b,6102,971be6,5e-06
10684,train,6cdc56ae36ae90e7,11872,57c438,5e-06
10903,train,6fbf19930b557daf,10549,4fdd02,5e-06
3829,train,105ca317015ab409,13892,06a151,5e-06
823,train,f3b10c94cd1b99da,8708,97eba9,5e-06
7702,train,83835cefcf53f483,5829,9697b6,5e-06
1454,train,40fb1293870cd1e1,8510,180806,5e-06
7800,train,eab5ca7b81308eb8,8829,880c23,5e-06
2358,train,55d7b65d347a00e2,391,5d0ef5,5e-06
4442,train,3935155ba5f93c3f,732,9101fa,5e-06
12037,train,7268340203bcdada,5668,218eaa,5e-06
11265,train,9ca460fd59afe4e4,9667,d9b561,5e-06
925,train,47d15465b6326501,11657,aa0b6d,5e-06
969,train,11cc49f4d9952b66,12441,73b50e,5e-06
9405,train,6b3269cc22fc6ccb,8545,f29119,5e-06
11747,train,21d584af7d15c54b,7029,d7c226,5e-06
6316,train,53758f9e095b0be6,7359,4f9d3e,5e-06
14222,train,8c64831e6ccd182a,2529,c6e95f,5e-06
7506,train,ad987171410b0a77,9917,8735c3,5e-06
12900,train,0912d28fb6d18309,6510,a3e298,5e-06
7081,train,5556f12eed4255a2,748,41f92a,5e-06
4113,train,7f2def65079e6756,7197,d49261,5e-06
4534,train,a09a77c832262a2b,1068,82af1f,5e-06
5645,train,f42b32f1ddff170c,3591,40a5bb,5e-06
12130,train,29a388b78879c541,13295,1b8db7,5e-06
8421,train,f8cdd4d80036faeb,13115,2368fe,5e-06
4900,train,7667a212bb7835d5,8110,1bb624,5e-06
2354,train,552d2655a6ba3184,14568,024722,5e-06
4182,train,05c6f7678f7b9ebc,7897,61dff5,5e-06
12204,train,dacc05244365085f,2488,51f395,5e-06
9164,train,2db472b9c9e0e01e,10230,148d52,5e-06
3572,train,f5f4a2b36303ee15,11248,e2ea1e,5e-06
2257,train,2aa12c9064ec4d07,8937,0d78f0,5e-06
11849,train,7f010a1eade179f6,10603,c8ed83,5e-06
12601,train,3c7c4b635cbec0c9,10567,87bf46,5e-06
4566,train,8f75fae92475be4c,14269,5f5291,5e-06
11405,train,fc640b044272a4cd,3716,42998c,5e-06
13396,train,2842110364f39851,12904,e5c001,5e-06
11679,train,35142d7634f64aeb,12086,4fa4f4,5e-06
9396,train,ee2575b50c1936a0,10534,6e20f3,5e-06
10219,train,23fd2394d5642ed2,3525,4cbab0,5e-06
14638,train,74741e270d0b0943,10322,ef3ee1,5e-06
14231,train,1500bc9b1d4c0b94,6378,d711db,5e-06
8502,train,44040b6a2521e400,10175,154dd4,5e-06
4895,train,781a48f3f7ef43ac,10952,dfd080,5e-06
4397,train,863a9f5a66b84a6d,5155,319cbd,5e-06
6567,train,7e735962e713e3d6,7615,b911a9,5e-06
13070,train,9430828c68860b7a,8906,e16eca,5e-06
2207,train,5f2f1416bb22d621,5021,6e437d,5e-06
6376,train,cc0cc687381daea8,5477,2703ea,5e-06
13256,train,17c2985efba66289,743,aa3e48,5e-06
9021,train,87423c5bc8ed4ce7,741,ac6e05,5e-06
10892,train,ad8e85b2737a8fc3,7996,3e4507,5e-06
14066,train,52682ab757357e11,5528,ff5426,5e-06
10650,train,4e4b89f04d303bda,5318,61b2b2,5e-06
11599,train,d1227eec4684f260,8987,e358d6,5e-06
13212,train,0caaf3125df97bd7,6529,6c1406,5e-06
3763,train,fb1bf29bab72973b,13760,5ebaad,5e-06
3151,train,234a692cbaf84228,7027,0216de,5e-06
4224,train,a0a95248024aa0e8,6773,ba5a43,5e-06
2683,train,936c262d08393f2c,5484,279745,5e-06
1428,train,1ccc3004ef85d55f,5649,fc275a,5e-06
1113,train,a1edb8414c7810d4,1317,4ed85e,5e-06
9638,train,76cfc59cbe2b4995,2179,57517e,5e-06
10768,train,7d53c0f6b1d322ff,1392,5916a7,5e-06
11561,train,971d06aa0df141f5,6277,3744da,5e-06
10899,train,931615647b1c88b0,1559,5d3293,5e-06
8839,train,1ced0cde5b437416,696,467c4f,5e-06
9548,train,4a6cb702fd511bb9,8143,27e3ca,5e-06
12798,train,47aebc8c1bf92795,7391,67e0dc,5e-06
6868,train,3af2eda3e597521f,1357,015aac,5e-06
13627,train,91a35ed972bcc6ed,6799,8e1720,5e-06
11498,train,835d01577cbe5813,3569,29f1bd,5e-06
6958,train,7583bed019f04eee,3346,293842,5e-06
10290,train,9016cc94667e836b,1283,2d46c1,5e-06
9305,train,d353d1f664d1ca7e,13803,f2f7e3,5e-06
8689,train,3b8d0f3d5b39cc20,1169,4ccdf5,5e-06
10283,train,a174eaf94130312d,9208,c775af,5e-06
10715,train,fc992a40652ce07b,4666,9cf8b1,5e-06
13181,train,bd73d7038c55b203,8391,657550,5e-06
7590,train,4aa1713aab919260,758,cbdb44,5e-06
9213,train,04a5c1fe3de94429,5775,8334fe,5e-06
3452,train,593876117e916f3e,9428,6fc87a,5e-06
3396,train,c80fc5e6a9127a93,87,b5493f,5e-06
978,train,a4753121e13d6bfc,1458,825c69,5e-06
6682,train,ca23ce1a5d878570,12729,858d4e,5e-06
486,train,1befda7c9c56cec1,12027,1b4023,5e-06
13217,train,cee39adee58150f0,7275,ad9733,5e-06
82,train,8e4e6d64c5aefc19,1378,775750,5e-06
5573,train,6acbcb6b7c700fcb,2661,86aba5,5e-06
7142,train,c30839efb3d73ff7,10107,da8016,5e-06
160,train,3cc654388db5db9c,10422,44ccf6,5e-06
2177,train,29197274f4731164,1954,599341,5e-06
1055,train,95689961098af6e9,13998,a86ac0,5e-06
6677,train,43cd3d40235fb154,1868,67820e,5e-06
9749,train,de488d3b1b379d20,13047,bbefdc,5e-06
6204,train,e11829f8ede1404b,1460,2a0e30,5e-06
13519,train,8a4d08e6ba2ab123,11586,398f47,5e-06
3155,train,46d19579ee52fef1,8842,61b555,5e-06
14764,train,b732ea9ccb265ad3,4553,e12608,5e-06
11721,train,9ce23a6f4474bb5e,923,967f17,5e-06
14678,train,2e91e288de90f06c,3690,240fa1,5e-06
10335,train,46864ff7afb02621,1757,2e1dcd,5e-06
7027,train,66b385c5526f86c0,9561,75a2a4,5e-06
6590,train,114a6796696c6cdf,13013,2c9ed3,5e-06
9429,train,db16a3de6f9c485e,8594,6d4691,5e-06
8362,train,6445193b74a1c16c,1645,52d299,5e-06
7208,train,f326962d410f4a19,3400,755635,5e-06
7006,train,03353918514948bc,3217,61f780,5e-06
13295,train,3972afd3e283f35c,11625,11b642,5e-06
2471,train,b8acd6bf24c0da1c,6589,b7883e,5e-06
3322,train,89267f0c60083114,4657,2c6b27,5e-06
215,train,48a059802221d2a3,418,e0077b,5e-06
10009,train,263ff90eff506202,14300,afc228,5e-06
433,train,1bf5f4e26b21c6b3,11564,11dfa1,5e-06
99,train,a02342ad5220be06,12820,7d540a,5e-06
9050,train,1d2983915fb8fc71,8681,08cef8,5e-06
5254,train,1ec134353d6e60a2,9399,c1a6f9,5e-06
2450,train,56ca6402f493a9f8,6727,20b360,5e-06
9934,train,eae3937572c16059,4433,96b944,5e-06
8579,train,db698ab827597c2d,221,911120,5e-06
7319,train,584466990a72c3f8,5989,f04839,5e-06
6251,train,5282840a85cb56ef,14137,4e3958,5e-06
2718,train,7d3cebd90eb2889c,4915,708717,5e-06
7051,train,faea88d959183aea,11348,27ee40,5e-06
13506,train,8500c385094788a5,7120,5f7d06,5e-06
10464,train,a770840f46ab47aa,11930,7be269,5e-06
11101,train,b6e861c4d8e4a473,8754,7fd38c,5e-06
14837,train,b215c2ddb7cbbd2a,4277,230685,5e-06
4647,train,8634e948eabb4065,7767,35c9fe,5e-06
4379,train,06a1dcd1f54c9efa,11590,ce65f4,5e-06
10033,train,b59f15cd9ce0bac2,2167,6f0da0,5e-06
1166,train,74d7ea53b165e9fc,1036,b80956,5e-06
564,train,1813d4d2f04e6554,10090,c77fc7,5e-06
1664,train,5ff7df84c33a3853,340,7b432c,5e-06
10685,train,e3a6afee27c8db93,12999,5c8d1e,5e-06
3458,train,469f28d934ac95f0,14456,868b2b,5e-06
3720,train,11332ae6b71e0014,11790,bed131,5e-06
5842,train,cb3aa94ebef17856,7640,c41fe8,5e-06
14798,train,76786bb748b1bc74,9076,7d9108,5e-06
10915,train,19701f78a6ee4ec9,10887,8777b1,5e-06
11325,train,b703205d0a1ee2bb,8325,afcdc7,5e-06
1398,train,8d0c3ca3bc8c62c1,7083,6e8a87,5e-06
6564,train,ea802803dac4bee7,5983,a33ec9,5e-06
10502,train,3d855697a5e0da32,10479,641d81,5e-06
2558,train,c4e75149e2f0b480,1136,a95786,5e-06
5442,train,229e11c4ecb567f7,6455,29b9f6,5e-06
14649,train,f98edb9d49885016,11182,3865d4,5e-06
6766,train,d1342e79fd62face,7071,fff6d3,5e-06
14345,train,b2a06974828b9c69,12563,48d543,5e-06
8827,train,7ce1bb37a6ae68a7,13441,b58d30,5e-06
8409,train,801e8ca2167baa79,14154,0a7586,5e-06
13286,train,52766f0b77e5c9ab,3121,d11738,5e-06
14360,train,26aaf1ca9c1c468f,14332,af8f12,5e-06
6489,train,90a9520237ad4311,12991,e36e7f,5e-06
9964,train,443b8ae7780e7a8b,1128,5817a9,5e-06
12309,train,05021b6681aa2c3e,762,45149e,5e-06
4129,train,c10f1ac2e4e99ffa,13546,14eba8,5e-06
5610,train,a21c6da40d329860,13899,d5b10d,5e-06
6607,train,7f24c3c8af316105,8649,938381,5e-06
9122,train,f3280cdae89300ea,13628,7e8799,5e-06
9288,train,e5d19a3f20cdb7f4,5419,bd43c7,5e-06
10046,train,39f34f970a684a92,10345,8cb7f3,5e-06
8254,train,3ef325c6a44351ab,7877,ae41ab,5e-06
12960,train,508717baaa85e3fd,5758,7ffaa5,5e-06
11694,train,9e5fa304e518fd1f,2430,a1f4ba,5e-06
10918,train,9deb9938c88d0484,11076,b18edd,5e-06
14904,train,5e4a1f744eb53ea7,1599,f154ee,5e-06
1975,train,ad36611cfb3fa20e,12081,19c80c,5e-06
10365,train,58075bf9df716614,2694,f5c651,5e-06
13753,train,bf833fa9c61c0374,8830,9c36ac,5e-06
2224,train,76530b3516ac951f,1135,839cd3,5e-06
5109,train,113ecdff23979dbe,3396,152205,5e-06
13850,train,d6bf22d21893190a,1611,32de3a,5e-06
6579,train,426658c7e4b75884,2843,00b303,5e-06
4576,train,98c56028608739d5,8684,68f627,5e-06
13023,train,f8aaafd855e3a687,10713,fb74cc,5e-06
7280,train,909353702fb6e217,8018,39cc47,5e-06
12250,train,fc08dc3afbef2e01,7447,9db021,5e-06
5698,train,ae582c2510d02bcf,10704,7ecc62,5e-06
2390,train,5507b8eb5ab3b640,10638,8cae3e,5e-06
5116,train,fcd3f54d7fd3bf8b,14181,c025b0,5e-06
245,train,c6886b678c2684c7,4654,c98b54,5e-06
643,train,ec9180be1424be26,8770,90d794,5e-06
6897,train,de899e1249c6f499,6319,9dc761,5e-06
11597,train,39aef39e2f0002d8,3656,5d43e4,5e-06
3791,train,96cad4089a9704d0,1658,1d6952,5e-06
6380,train,6b47e4e1ced0bced,7623,f62fc2,6e-06
8052,train,365651d1bb33fb6c,6371,153588,6e-06
11987,train,f349f183e29cf23c,8402,1ac32c,6e-06
1299,train,72978bdb01c18a36,2965,f171a1,6e-06
14768,train,363d9a9d4a67518c,11202,ec2738,6e-06
4973,train,b9e5a2e535fa309b,5653,f78708,6e-06
11915,train,abc540bef4b6ba9f,1614,be3d4e,6e-06
527,train,35e35639b81068b5,6115,3725c7,6e-06
6097,train,ddb6406ada631997,2537,0310c4,6e-06
6096,train,7813ff70e1249087,8709,8ce753,6e-06
6917,train,f3e966a8a27b50f9,4262,473830,6e-06
6113,train,4268010041412671,3550,1f0158,6e-06
874,train,e7ed7cc2b1632e93,7228,80f49c,6e-06
13524,train,7d79fc2bcd0e85ca,12119,dcd815,6e-06
14905,train,9970811da1b9f1de,1241,4d4d4f,6e-06
4144,train,a149cfd93cc9b4e7,10906,9c29a0,6e-06
5305,train,91e2871b9af59395,3967,e2beec,6e-06
8519,train,2030db9ce7b627d4,2905,720fb4,6e-06
10117,train,2a2608474bad890a,5480,dfb75c,6e-06
9502,train,2d6c08d05a782282,7556,283bdf,6e-06
2169,train,a147e7edc32192bf,11902,4bcd76,6e-06
11434,train,78c026ca7d746706,5056,cad483,6e-06
11548,train,f95773bf41deea86,6163,81263e,6e-06
6935,train,b91fd97770aaf961,4301,cc46ca,6e-06
8715,train,a7e2a868faddec4c,5299,cbb68f,6e-06
559,train,fe354399f48bdc81,3968,836335,6e-06
8707,train,f467021cb85d467f,315,745cc5,6e-06
13782,train,8bbcf697499038d1,12805,de4407,6e-06
1034,train,a30cb5ec3350972c,3961,e02e28,6e-06
12059,train,46484086eaf86106,8438,4b857e,6e-06
9511,train,015ff075060f64ce,12236,51ee49,6e-06
10809,train,23dd2815c9010f28,2106,0e2ad7,6e-06
13211,train,3f1f3831bf39c276,978,10c12a,6e-06
1851,train,4e9659f957ea7a7a,12383,a335bb,6e-06
9723,train,8ca4155dbda9c25f,2123,4e704f,6e-06
1430,train,4e4d619f4c13fbf6,7306,b8480f,6e-06
11945,train,a34e931320bd844f,7205,adc426,6e-06
9462,train,6b41dcdc83d61f8a,10119,0519cd,6e-06
9241,train,7f8c132e1f02327f,9839,b3ede3,6e-06
11816,train,838160f91bb54759,8035,424e44,6e-06
2645,train,a7f1f55432dfd3b5,4135,33529c,6e-06
821,train,ab54d364523d339b,8484,5e6b73,6e-06
2998,train,31f93bbd050ffae4,11538,4dd6f9,6e-06
10583,train,848b845741d46fd0,402,58a25d,6e-06
8289,train,cd221f1cc2f3857e,14247,90464f,6e-06
6906,train,089dff301fab513e,9479,71a697,6e-06
14857,train,001fef5ad2df24f1,6139,4f2def,6e-06
3025,train,093bb0aad4ffd826,5550,7b7a9c,6e-06
12434,train,c5444133f658772f,9602,961d33,6e-06
5257,train,89b0e6f0553b57e7,3486,11852f,6e-06
4636,train,ea4b50377c01f446,9861,46a82a,6e-06
12465,train,3fbfe54a9214bbae,9710,af2cbb,6e-06
14549,train,48868e95fe55e0b8,2319,4b901f,6e-06
2370,train,eb0a149739f736a6,7396,10708c,6e-06
4851,train,aa4ac1ab9cdde25f,12616,f5f5f6,6e-06
3290,train,d83cd3f31199865e,1165,f2a559,6e-06
14357,train,636063d0ec320901,1877,7d394d,6e-06
8734,train,e6f341a654bb2c20,9425,4f0f2f,6e-06
1547,train,868f98c8539b8b2e,10552,204c4c,6e-06
253,train,92e5efdbb12b458b,2599,e6612a,6e-06
8056,train,39a3a32934b1399f,11149,0bb88f,6e-06
5428,train,2ee8127ed8a238af,7577,aee44f,6e-06
7169,train,1a3c094fd1efeb09,9669,80c1d1,6e-06
4173,train,ea3511b1fcd3afd4,6874,b0074c,6e-06
13250,train,f2169216b4f9a2c9,557,fadc03,6e-06
11512,train,3e1812ebac32fab1,5599,cf6785,6e-06
9198,train,efa18c547d581f42,4396,f33a90,6e-06
11533,train,01722b8b493d8e5f,3952,b5d18c,6e-06
14878,train,a6ee5a22b0b7f2bb,2161,73c005,6e-06
8267,train,3a51c43e2ae03cbd,14180,4deacb,6e-06
13665,train,65627a7e57999524,9708,d22858,6e-06
4303,train,a8464478d3cf5d14,5370,b56173,6e-06
6502,train,73f504feed8b95c3,3942,0a69b6,6e-06
2899,train,7d49c8a2100a27fb,4106,f1a193,6e-06
330,train,6ed4f99184ead137,5291,000eff,6e-06
9209,train,ce806ab3b845a27a,7219,e47be7,6e-06
8089,train,7621e5b02989da96,5312,b2487b,6e-06
882,train,4ec89e77bc189a3b,6725,7fd877,6e-06
5758,train,859f24c895010e0a,12767,9cb4ad,6e-06
10493,train,1e91300c17e5e038,14303,656805,6e-06
14053,train,4b8b3b177db323cd,6058,ca56fd,6e-06
2387,train,442db6153bd91e73,7801,b40fd6,6e-06
13959,train,bb24f42026742a2e,4226,fba90e,6e-06
14183,train,578ef7a1f98f174d,8862,e70ff0,6e-06
1168,train,65dcc9c961e932a3,7347,de1266,6e-06
3395,train,217e800d85bb4733,6784,7e9ba9,6e-06
3751,train,892233d30f6d2951,14211,daf25d,6e-06
10189,train,d70abdca330a54f1,3276,8576c6,6e-06
14329,train,6a79d96925b25d5f,9821,3209ac,6e-06
8354,train,1934e36528212597,1064,c95e9e,6e-06
5599,train,502751c9bb5fc18f,5417,b33107,6e-06
10852,train,cc1e5198b68ac9c6,5089,9cf544,6e-06
4585,train,701dde15bc34a93d,10260,caceb8,6e-06
8138,train,57d672e046b458a6,14563,b7db2b,6e-06
1878,train,9a235accb5761a0c,9340,c3e499,6e-06
885,train,1447e545196ec27b,5974,9d9246,6e-06
14198,train,b943c0af629fc3de,13943,40bab2,6e-06
6933,train,b8d98eebcad2c7fd,2722,cc8c80,6e-06
14551,train,37e1e6714dd85e1b,8135,31c46f,6e-06
4670,train,f0aa7e5467c8f8da,1841,06cf50,6e-06
1184,train,4929a6ed6f964c87,2067,9fa763,6e-06
12978,train,5585fb9ec6e5db7b,7797,d9e6fd,6e-06
3379,train,a0c23f629cfaee84,9471,272c7d,6e-06
1183,train,bbce43f8eebcfd54,13970,ee91cc,6e-06
10164,train,ba4733f2122f41f9,5553,dcadbc,6e-06
8517,train,ffbae3004f79d349,11189,85e922,6e-06
14365,train,5561527f61836b56,2099,c3de15,6e-06
10287,train,7453be4398fc1830,10607,11611e,6e-06
8887,train,59de63625e46d59b,13469,b5e22b,6e-06
14818,train,d043c1570b76a0b7,13451,44bd81,6e-06
4095,train,774aa70c16661299,1544,eff299,6e-06
1685,train,0c3e02f92fb474ae,5458,b5db9e,6e-06
6101,train,6efd1f8ffd1feedd,13106,80b2fa,6e-06
396,train,2787bc429443136d,9044,4fb49b,6e-06
3691,train,0216e57e5256b257,11839,b8d8f2,6e-06
6134,train,e6b4bc10a4ddcf47,8528,d0ad0e,6e-06
3939,train,4c5ab55a6399fc2d,9534,1f4753,6e-06
4025,train,364a8d226a715df0,10351,58734c,6e-06
13929,train,829a6d8dc6f0922e,10964,60b992,6e-06
14507,train,7789879c3398e385,5954,2ddd81,6e-06
8527,train,e5888464d6d41b28,8123,8ac0ee,6e-06
4815,train,11e00b0559f90de0,10664,082623,6e-06
13904,train,5b78aae02609fd4f,9227,567d87,6e-06
9699,train,40f740c633b239ab,14007,45f931,6e-06
3598,train,492ebf9a6d27d5c6,11647,b200ab,6e-06
861,train,9e56d213922ffbc9,4886,6fc420,6e-06
10118,train,21fdb62bb529fd01,2103,05be49,6e-06
14738,train,00f647681451f6a4,9985,e3e90f,6e-06
8902,train,767ad0098d49daaa,3096,af5c1c,6e-06
11154,train,21bf5c321638e505,6031,e547be,6e-06
9842,train,2ce136e07c98c9a5,7752,5aa99a,6e-06
14889,train,28fe3746c2761a8c,3035,439f60,6e-06
1356,train,620e48310bd97bfd,3896,ae7892,6e-06
6864,train,3e8f3941005d104b,2639,365fd6,6e-06
7120,train,712b43b1dc0d20e8,4113,58367e,6e-06
10476,train,20a44ec6a3ecd57a,2490,a37089,6e-06
9760,train,dcece3f671a2e5d4,1269,d22c86,6e-06
13590,train,5301ec89326c03fc,5924,110572,6e-06
3558,train,2e2e36a02a4475ba,7630,711cca,6e-06
6425,train,f8f5c92af42567a0,13204,9fc30f,6e-06
6143,train,3f60b6336f7de30d,7080,334b9b,6e-06
65,train,7663916a17e57042,646,b860b5,6e-06
1040,train,6933e93e578d36e0,10604,9320db,6e-06
14696,train,73ff7e4dc5168d0c,47,cd617d,6e-06
13620,train,c63c7f4d03c180bf,8899,6bee12,6e-06
8990,train,b8c83f327b20498a,4053,79a3bc,6e-06
12420,train,21d87000ed547f31,6889,f454dd,6e-06
4044,train,5e1f76124ab01b27,6002,249eb5,6e-06
1305,train,836fae5f14b39231,5725,554639,6e-06
1026,train,9c6b86ee9ef9ae91,11381,d487f6,6e-06
12968,train,5c6fbdb74cee2c27,5488,4dd916,6e-06
1997,train,db17c833d1f1fa49,1802,c5d331,6e-06
1049,train,98a0415ce4edda3f,7569,326847,6e-06
5364,train,724a1f5fb3f0471b,4532,7822a9,6e-06
12323,train,9966343a70c7ec7a,3223,8b9bdb,6e-06
9837,train,23b06ab4e4baee09,12939,bd53eb,6e-06
11409,train,aa7c22679dbbb448,2677,dc2248,6e-06
14268,train,b1979935f8116454,6125,dae6e9,6e-06
13547,train,add81e7334dc9b96,10031,b5538d,6e-06
10986,train,feedad8419655f20,14500,d8317f,6e-06
3102,train,bcb38d3bf6942768,2899,a02d07,6e-06
94,train,cb8f4cb9ebde7eb2,655,35cd5a,6e-06
4894,train,713711a3c7d00f41,8203,8dbcef,6e-06
4245,train,7bba9a594d45bded,802,0d46a2,6e-06
6581,train,0ef0ff0e5db36553,3463,72bd2b,6e-06
14217,train,b6729c07e5af76a6,4065,61940e,6e-06
14126,train,1ad07eef5b5e21e4,12440,1ea19a,6e-06
9912,train,6e902e4c60f62a25,3522,260420,6e-06
2365,train,ff24201dff381e4c,4202,962138,6e-06
12569,train,2393e847cbc3d22b,4603,5805d9,6e-06
13883,train,f128f91de6c0947c,12077,53d70f,6e-06
14116,train,64c08959e49e1935,8785,c78af9,6e-06
10668,train,02ba583b106009b9,7859,d15de5,6e-06
3969,train,490b02682b3d216a,11774,fcc819,6e-06
11984,train,0eb74a573d7a09b6,1699,3c301b,6e-06
4847,train,a338eee99bb5684d,12038,d1fefc,6e-06
3874,train,d5af407bca6574ba,8903,1d6a6b,6e-06
9674,train,64187244c5c584fe,5760,850891,6e-06
628,train,53f2fa1b46bf4f3d,11354,cb0575,6e-06
2753,train,6860f114c979dc3d,1891,b72ab4,6e-06
10838,train,11e7ad043f205ccf,13087,6ae834,6e-06
2839,train,9ad804a795b424f8,1883,e7d248,6e-06
9839,train,16f76a4b43c84cfb,12510,440635,6e-06
2642,train,c53a1a82abc338d1,14102,48d348,6e-06
12820,train,d7c6644ce26f277a,1565,1cc2a1,6e-06
8804,train,78d42a2399c31f2d,12426,56fbd1,6e-06
6643,train,c7829678534ec638,6755,779f7a,6e-06
9754,train,131152caec4a42c3,12223,ec5eb4,6e-06
4786,train,ba24ea75a44b82c1,373,3b99d0,6e-06
2961,train,9d6a03227de4e33b,10073,87bcb5,6e-06
6314,train,e29aa23479f91316,8769,078a85,6e-06
227,train,d6254f15edcd67a7,11466,5ba527,6e-06
208,train,c494db866d3bade0,7603,6cabe0,6e-06
9874,train,ec7c68760c7ed07a,1249,c7597e,6e-06
11612,train,1d2031c4d00fa6ba,13494,074cd6,6e-06
4483,train,7a9ece0131eaf615,12075,abcf35,6e-06
1747,train,0a4d1678434693ed,1448,21bf51,6e-06
5600,train,81c06263e1b41683,2908,23ab16,6e-06
10509,train,49f78e7fb89aacaa,810,fbcf78,6e-06
10902,train,a7eaf3e7f59697e9,4907,0921e9,6e-06
14352,train,a80240a059e1a328,10360,e32f93,6e-06
4042,train,da5f28c1c9bb92bf,8154,aa1fa3,6e-06
4438,train,513e2e0a94bdce44,5868,0e02dd,6e-06
1011,train,a0f1c806ab630a13,6137,e6dcd3,6e-06
3799,train,91c5b48654d0e891,3226,6af978,6e-06
769,train,5af141911983c503,9008,485275,6e-06
13135,train,9b9e05ae180473f9,12577,73e635,6e-06
279,train,57470e89743008bd,209,a3d668,6e-06
534,train,c8d200b94d595fd9,13290,181138,6e-06
5760,train,adbdeabacbb028a4,7779,4e13f8,6e-06
11303,train,1faeb7e5b944fb52,4165,f81192,6e-06
8792,train,19a81b4dd5536407,7089,049cf0,6e-06
5525,train,6031c2ab823830ac,10355,c39897,6e-06
10346,train,0f40a8365175125b,268,24ed9b,6e-06
7226,train,1426de76e59a0617,13422,a0765c,6e-06
980,train,3df6eea99d268a70,12559,fcb60d,6e-06
9995,train,c05d2134f0efc14e,10229,8e9521,6e-06
13923,train,27ca3c9ff0bff41a,4862,1f8628,6e-06
11634,train,24ff4b763c24d664,11655,613b74,6e-06
13861,train,10688811b4aef772,6329,8dd3b2,6e-06
14729,train,b892ef328acd030e,850,046441,6e-06
9324,train,1ea593745d45f299,12754,177ec3,6e-06
2084,train,5c4acd73fac01489,3350,62d6b0,6e-06
10877,train,e333ba1cdceda78d,1956,f74fab,6e-06
6195,train,ae296de8a6a25931,1740,256dee,6e-06
6070,train,f9ef60d923aa17a6,1673,6c8106,6e-06
7425,train,a16198369d625462,11936,098d59,6e-06
13578,train,3c7b572d9ca61015,3414,bab4aa,6e-06
2151,train,88f16fd6c62060b8,7920,d28fa6,6e-06
4885,train,dd0ab9f2eb5b2c93,11166,af7a2c,6e-06
8584,train,36ce9ae06fdc56f6,9532,139ef8,6e-06
9647,train,27fc72fd2d736699,8,18b522,6e-06
7104,train,292aafbec37524fc,12155,02e21e,6e-06
11903,train,4be07f15e4ae9814,10674,1ad039,6e-06
13653,train,944d6648e0a3dc67,12449,ea4169,6e-06
6239,train,88faf53ed9b373db,7245,58168a,6e-06
8373,train,fed067922397789f,8948,0a93ee,6e-06
12045,train,5f06dd2ef807c900,7778,324c9b,6e-06
6127,train,83ac6d449c6f65f8,6396,c1e0f7,6e-06
11964,train,7d65235d0799fb48,7934,d259a3,6e-06
903,train,3c92a900b3dd276d,2491,3ccab0,6e-06
460,train,f7a6704a20087570,4446,d4e24a,6e-06
8547,train,d080bb8c9bfd02fb,11082,016517,6e-06
3127,train,b354913da358c965,5081,3cb293,6e-06
12215,train,25e674960cb3d08b,14385,5b810d,6e-06
14320,train,0ac10478940c5f66,10883,70ea50,6e-06
6978,train,c1f4e53afe2e6ef8,13368,e73805,6e-06
7624,train,118258b84cce8b73,10377,d51840,6e-06
6400,train,31eca4fc27837639,7239,79a5f4,6e-06
351,train,d824f7cfabae6555,2382,5661b2,6e-06
7390,train,8983bdc0ba1b83f4,2442,bd4725,6e-06
13758,train,65e97c3995a9e7b3,4216,170986,6e-06
10499,train,c9d7c311ab166a94,377,cd669a,6e-06
2328,train,b696df559d2fca9f,9533,0879e5,6e-06
547,train,c47c163a393a5c20,9988,aadea7,6e-06
6979,train,febdf30881479e54,2776,503e56,6e-06
4540,train,3aeaf9e2f13dcd9f,977,953511,6e-06
7447,train,c61654e39768e7fd,12710,64768e,6e-06
4139,train,48469a7d0d3efa3e,8036,68ecd3,6e-06
11802,train,278e013b0cfb4d1d,5154,dddd33,6e-06
2283,train,083fabb6e91be054,11374,c889ef,6e-06
947,train,02dc94f957b60e1c,7658,881938,6e-06
12855,train,7e231624d842970a,3877,a5def2,6e-06
12294,train,ea8d76d88753e8b2,10576,9565b4,6e-06
14186,train,545ca7e299b3723e,11002,d28b8e,6e-06
6458,train,212e36c5228a6e39,5307,725251,6e-06
998,train,7a132a86fe0a12c6,1678,b3f4a7,6e-06
11350,train,5368bd7422903896,3135,3c5bde,6e-06
4542,train,0249402d27d60e56,3801,fb5270,6e-06
7981,train,d3be141644611898,11986,e7fbed,6e-06
13290,train,5d9946d30af107f3,11499,c11993,6e-06
1551,train,23949a6022b4e688,7525,e84fdf,6e-06
10073,train,64b5cd149d9b94a6,5500,f95da3,6e-06
10749,train,617684d4d7a2d92d,4084,4f9eb7,6e-06
5412,train,d08f324ce2a5d92b,14065,88bc50,6e-06
1410,train,4fb7e8fa9e715881,4327,649acd,6e-06
2866,train,3ab054cc35acc508,3923,8f3a0c,6e-06
4790,train,93001b6869ca1c71,260,d15f80,6e-06
5911,train,7fa23363a6ac3f9c,13251,ff3b8d,6e-06
4343,train,9ccb24e74ba079aa,6603,622a56,6e-06
9517,train,e166a38e216f4b19,11778,78a40c,6e-06
11516,train,8863f3fd0e8fa7f0,4998,acade8,6e-06
6436,train,1fed973bd3590480,14056,938725,6e-06
12639,train,1f3ff66f7012729c,8137,ce2644,6e-06
9497,train,60e57738bf083f87,3511,06f480,6e-06
12066,train,1be1d8c7ebef2888,8368,9a6434,6e-06
6757,train,fa9e6fc651216097,6124,0c32f3,6e-06
10834,train,290048dac8fb04bf,11979,0de411,6e-06
12703,train,b99e63fe5bf073a5,5256,620671,6e-06
6135,train,66539979b939b17b,13092,67e24a,6e-06
2415,train,1903806a5e369009,11994,e322ea,6e-06
1907,train,87797b9e94addc70,711,359427,6e-06
4389,train,77a557c7bc68400d,3086,fa9a08,6e-06
10101,train,aed74a77e2d56828,8659,b6242f,6e-06
5696,train,95abbde0b66f4c6b,4362,510e9f,6e-06
5336,train,c6e9807e027a1b4c,6223,b9f239,6e-06
10559,train,cedf2ae3a8d7e04e,3817,c2a80a,6e-06
11140,train,e45980291250f262,13321,144494,6e-06
12127,train,d16d872fd1d1b5bc,8206,52cbd8,6e-06
7431,train,151d13a3a9e4e579,9416,0e63c0,6e-06
517,train,4ea9c5e83b18eb0a,3994,2d9048,6e-06
2352,train,0a69b9cee28ee570,2833,b1a778,6e-06
4307,train,61aa36310585023a,10997,57f769,6e-06
13404,train,6ecaf35e6a3283b5,1271,c6677e,6e-06
14808,train,5ccd2f08debf0942,7744,155f2d,6e-06
7398,train,8db355605787fa23,5913,051f76,6e-06
836,train,aabcfa6788daa285,7274,f2f649,6e-06
12840,train,528e94198fae5c8b,5746,5c798f,6e-06
3637,train,4a346536acf61275,11855,912bac,6e-06
12809,train,25fde6f3b8d83e0c,10823,7238b7,6e-06
4754,train,36400c0bd9afec2f,4218,77c376,6e-06
4039,train,f660d246fa4ac1d9,4267,64d183,6e-06
9439,train,87bcccb9879dc180,12466,f6b7c4,6e-06
7391,train,88f534355f86d41b,7939,90d8f7,6e-06
146,train,d4620cf3dcd259c2,3856,aeced3,6e-06
7603,train,2a4a374e016f47a1,6265,2afbbe,6e-06
4558,train,a1a39d91a2d80860,14438,81fe01,6e-06
9023,train,1c5531f79cda7926,4447,348b79,6e-06
9330,train,69c63e88e836cc7d,13411,62b0bc,6e-06
14849,train,c4b529c04d7d1b74,8124,f846d5,6e-06
8993,train,3ff22d3c934d4928,7362,d3c4c0,6e-06
8859,train,d66df69d56433cc8,11059,099bf7,6e-06
7700,train,875296371e3fec69,13067,cb8360,6e-06
13312,train,0e40523c445a60a2,8695,4319ba,6e-06
8280,train,8fb7af643e81afa0,9728,54eb82,6e-06
5843,train,c0b9f6f002781bed,6753,03e041,6e-06
13909,train,ed49a87578f4b7cc,8118,230849,6e-06
1149,train,3b2abc7ae1ac7cae,6822,7093a6,6e-06
10893,train,ea935e0430631b9e,12311,974334,6e-06
9039,train,ef6070432251fde0,6055,f1da00,6e-06
8985,train,8242b3066c2a8e73,13126,a56ca7,6e-06
3669,train,01397699d7912ee0,3693,f1fba8,6e-06
13231,train,b4a739520bf76c47,12749,f4b6a4,6e-06
1509,train,bb26dc7e6e54fd12,3911,a53d94,6e-06
1821,train,9d135adad0dd5a50,4334,fa9931,6e-06
5120,train,b50010c60224f2ae,2289,2fb7eb,6e-06
13998,train,f0e1c674480b8690,13286,b49bf5,6e-06
4317,train,87b91c65660a7600,9199,c67a17,6e-06
12365,train,5a2e5dc41a4f4c05,12928,c1d942,6e-06
4153,train,f44d60cf00c515f9,13824,bb1871,6e-06
13871,train,dab043ba2d33b258,9878,493290,6e-06
7901,train,47064ff45dc25311,2632,654a67,6e-06
10581,train,270fdb77588acf77,11159,78f0c2,6e-06
6840,train,b63cf76a5ac80c1c,1422,89c9ab,6e-06
5401,train,deb93ad952c7689d,9418,286cde,6e-06
6612,train,2fc0ef33ec6de275,10007,64a33e,6e-06
14051,train,5b2399a413f45b29,2349,9b0033,6e-06
1661,train,ae1be8af8198466e,7152,0e6215,6e-06
3361,train,f07a19adece2720b,2315,585763,6e-06
7002,train,18c43f4eac9a018c,8682,0f90e1,6e-06
10924,train,9901cdc3e2aacfd9,2723,f5d82f,6e-06
2448,train,d0846d3ed8a6c1b8,14194,cfbbae,6e-06
1394,train,57ecb17680035f59,1306,8841ea,6e-06
11429,train,2ca3e6750967fcc5,6288,91c8b0,6e-06
4433,train,4f0ab5fe61226829,2060,7ae2c8,6e-06
365,train,c237536fdc9fc14b,6014,fc687f,6e-06
8602,train,c4c1610ca3b23ade,12319,a4f9cc,6e-06
12659,train,26b73a12d9924a64,2873,b969b6,6e-06
13598,train,3d3df756914b1309,8443,1611b3,6e-06
9098,train,a6e6a82592bd50b1,817,575c3b,6e-06
12740,train,dafd505fbbd46e20,12971,f070af,6e-06
13591,train,6c8c2ba3479f5a3f,4557,97f15d,6e-06
4018,train,8bb02773393761dd,916,6c5b23,6e-06
2844,train,9d59965e60864ce8,4242,b2158c,6e-06
3278,train,7147c30cf7c3262a,11205,b922c4,6e-06
1956,train,9884a0f70f3ffcee,8353,4dba6e,6e-06
8549,train,8737c97e3bc19aa9,12711,420e1f,6e-06
3304,train,cf36bcdc104957fb,7970,26200a,6e-06
13731,train,0464ecbf7868302c,12481,7ccc5e,6e-06
10455,train,da6fbbe3508d04a5,9950,292651,6e-06
69,train,e358b9c8291567e9,10450,895886,6e-06
1898,train,d271c156a972d53b,5342,538d77,6e-06
1310,train,a38de3407639b5b4,10684,45f326,6e-06
12529,train,5749559e67f89d3c,1466,091fbb,6e-06
14265,train,1e1e73fb56b86c2e,6365,093701,6e-06
4806,train,560781ba82bf60d9,11404,dd83a9,6e-06
12648,train,fc01343494ef6d5b,5384,62cf8e,6e-06
7202,train,be62512d1902513e,1002,227835,6e-06
10366,train,8e0f6df30b4035e9,4582,4a9e84,6e-06
5623,train,6e89401a3a486d4e,215,ceeb1f,6e-06
2858,train,a39544cbec1add1d,12037,acfef8,6e-06
12491,train,6caa663e23c2696b,5816,43c069,6e-06
13794,train,71b52ec94444ea12,6452,125c92,6e-06
12492,train,fc00d8de2adb4581,5890,fbd796,6e-06
9509,train,dcf3e0a32dd5d5c2,10695,ebb10b,6e-06
2562,train,946abdb45e4fa14d,3969,0ce32d,6e-06
11565,train,9729bad4be29f556,2391,060443,6e-06
1979,train,46f99bdc2eaaa0df,6097,da84cd,6e-06
2443,train,bdee0d8ba5e8ae6b,1889,fdf590,6e-06
4731,train,25bf0e113fb60767,11421,092537,6e-06
10030,train,e0a3cf73a217e550,11203,8b3296,6e-06
7459,train,6047e254fae27deb,13771,843a42,6e-06
514,train,363bcccd13d8ae3c,13683,115180,6e-06
1993,train,978cd10aece60e9b,8768,09baa9,6e-06
413,train,a29d6c8ca863da57,13866,392bff,6e-06
13276,train,38d6780c6a1f8388,4117,ea50ac,6e-06
6357,train,a089844d8e03b168,254,855711,6e-06
918,train,9587055a5766e300,3179,a5422f,6e-06
7991,train,450179596206f502,519,26cee3,6e-06
8938,train,b5f6e9e0ebc26479,9305,a2437c,6e-06
3756,train,c5feb4f9d20e5634,830,05958c,6e-06
7176,train,d3b9f3a838da5168,13560,76d2e1,6e-06
8310,train,fd2c4de4f2f42aae,9293,a74641,6e-06
6212,train,b89bb0749d103edd,11506,4662e9,6e-06
10541,train,b1124c98b76b7254,14295,d2aa5c,6e-06
4529,train,97862e242c25518b,8022,3baafb,6e-06
1081,train,c294df6bcfd8b25f,7238,8d1db2,6e-06
5249,train,760d7d85e40f2f74,2388,21276e,6e-06
3513,train,9c20ada76f4fbb6f,4776,9d2235,6e-06
3309,train,2607d5ea89b6cc45,1782,92c734,6e-06
7195,train,4d27df685d089a40,10195,fc3be6,6e-06
12352,train,4c25a98257b4763c,3657,281323,6e-06
10264,train,b9638838a9a54470,9883,78ad5d,6e-06
4691,train,7b0ce7ab46b0be99,1860,423b7c,6e-06
12582,train,689c8d0f54b6d652,4548,137a06,6e-06
1357,train,6675dfae9a3ab3e6,1680,489374,6e-06
6002,train,8db5d00cc64b79bf,969,a3e57a,6e-06
9205,train,7a5371820830eb45,5899,459e61,6e-06
6767,train,e2ffaa93b3263f94,14421,cdcb0c,6e-06
13499,train,c518657747cc55a6,7442,2df216,6e-06
14925,train,b192287af2209bfe,1562,05e86b,6e-06
6155,train,7ba49ad5b7667f44,6556,c6a4ec,6e-06
2138,train,80f0ea26ded3f8e7,7999,d4c439,6e-06
7189,train,6ed0df1a418f5d94,13616,d76987,6e-06
4993,train,e36ec4f3466754b4,6780,256736,6e-06
4106,train,dd61f7820e6b55c0,1124,fde530,6e-06
2675,train,6ddd5d09cef10dc6,2203,30d4de,6e-06
14249,train,084a75363fba69dd,4096,5eafcc,6e-06
2610,train,b393e8203fd24818,11964,12d554,6e-06
12811,train,24877deeface8111,10853,94af1c,6e-06
3487,train,dc656c858ca6273f,14125,c73d9b,6e-06
11066,train,0e5948037c56a375,361,264993,6e-06
1447,train,b6437b4920f84fa0,8851,70b3de,6e-06
6573,train,804580e3fcb69565,9436,03ccd3,6e-06
9245,train,317e6034d5c74442,7022,3b8a0f,6e-06
10820,train,9b27a93a85552f5b,6769,ec51ad,6e-06
3811,train,c4c4b46156dedf59,13634,295a25,6e-06
3859,train,f5b42bccd233a545,4945,0c3c40,6e-06
11651,train,7459e2cacce7c6c5,1555,65abed,6e-06
954,train,a66bae732bb9540a,10657,0a53b6,6e-06
2507,train,80945f1ebbcc9104,11561,2002bc,6e-06
4164,train,6cc61577f8b7e153,6770,518845,6e-06
3360,train,3cd4202929dcbad2,7113,f996cf,6e-06
9217,train,4c697ce7431d56d1,4881,7476e9,6e-06
435,train,d13b076b4e825c95,6379,80d171,6e-06
13285,train,19ad53482bc6ff4a,13834,821d09,6e-06
1225,train,e7640ccde7c155f7,12626,01dea3,6e-06
2446,train,7d4fc8f13aa7d406,4193,6c9fe6,6e-06
6118,train,9956a193ded7b8b7,10591,ad8228,6e-06
13832,train,ec5eb573c8895f92,832,71468e,6e-06
5941,train,fd8f7dfc615962a5,10053,67ced8,6e-06
9133,train,7bf2497b84f1d6bb,8552,2a79bf,6e-06
3698,train,36504e4d2d11e7c1,11453,a93948,6e-06
13948,train,226803de6283a57c,13735,446757,6e-06
13201,train,23f6321e22c1e93d,6899,6045c1,6e-06
13143,train,0beea0d4886bf4e5,3684,8da249,6e-06
6403,train,815cb8866d9bf11b,1918,345f66,6e-06
4109,train,ad15abcbd31d49e5,792,cd95ec,6e-06
9281,train,bc3798b26058b75b,13632,51273a,6e-06
7949,train,c069e386de51488d,13822,07e9be,6e-06
14169,train,300fdece44193e2d,1355,6abb62,6e-06
3460,train,38d32b5e93d099b5,13999,4270c1,6e-06
5778,train,e93b66185a0ecb68,3999,c23433,6e-06
11797,train,0f78b4b9cd063aeb,3505,a8e49b,6e-06
4341,train,862f61cb9d33bbd6,9680,a11d88,6e-06
4814,train,a0ab4f6141296353,11845,0c683b,6e-06
10451,train,3d94a4f234e51bac,14217,515293,6e-06
2693,train,5cf01a0d1d6cebae,8864,999b73,6e-06
13900,train,7b75d17e6fd63380,5600,35e435,6e-06
848,train,7e0106995e970ed8,13346,1a6cda,6e-06
10628,train,7d5c41dceb820a3a,9970,54ae43,6e-06
2461,train,50105f9387757080,8804,d83e66,6e-06
9769,train,38dfa4aa478dc8a3,9566,381e38,6e-06
8100,train,13071a3072f96870,7862,9966b6,6e-06
3977,train,c961e178febdcefb,1129,9af865,6e-06
12994,train,5f1a9781b35c4b4c,9679,8d744c,6e-06
691,train,ad1fe3f8412b9ef2,996,ba5c0b,6e-06
6192,train,a3b1a04349254bb7,3236,fb8b6c,6e-06
13667,train,3f003cc081bd9edf,14560,784429,6e-06
7250,train,1bc228a6dc892dbb,7103,5987b3,6e-06
820,train,181f56f6cd45cf27,5780,79895a,6e-06
13513,train,1c78a3c1f3d5ca31,12247,60bb04,6e-06
5291,train,40b8340176b6fa4f,2533,d9e8b8,6e-06
1537,train,c94985d5ba7d0901,1298,d617bb,6e-06
1974,train,274c97fd085effac,10754,1d29de,6e-06
5559,train,9014a370ad2c529d,7,e620b9,6e-06
6017,train,fb2c6e044ce32778,1928,977f8a,6e-06
10770,train,2ce3f14c7ba3612a,8275,490b19,6e-06
10653,train,d841133dcaeb0c84,7726,b01e0d,6e-06
13267,train,1a877692e1fb430d,7634,eec5b2,6e-06
11868,train,98168542062c8164,11544,172dd6,6e-06
5992,train,fe504667f81de9ff,4635,0accde,6e-06
11210,train,7569558c0a1ab141,9972,99416a,6e-06
14446,train,27d46b63ddc4b4f5,4157,59c97a,6e-06
407,train,52a042bc30e44ffe,14220,2d0fac,6e-06
318,train,9f4b641b2dd6cabb,6492,05dce1,6e-06
4239,train,d500ee5f9b5fd71d,560,e1eb56,6e-06
11016,train,4012034bb588c216,4038,81645e,6e-06
12486,train,6dac414bf739584a,664,c6b7bf,6e-06
5092,train,07ed57885406b4f1,11784,897ae4,6e-06
6746,train,774cf179e4c92a2c,13565,889b89,6e-06
4290,train,67bff40713fab664,964,136eb7,6e-06
151,train,d0b72a8c969c0e4a,182,efda1a,6e-06
1123,train,a0ff80b1d2f091f8,6993,c1d897,6e-06
12690,train,94c426194e3edc1a,5380,89dff6,6e-06
13344,train,44f81833d516583f,4539,198db7,6e-06
7997,train,78e87eea50065d71,10765,bf8a8d,6e-06
5091,train,b3280158184e223f,13461,91f4c4,6e-06
3071,train,42e3918d5e648d9e,5251,6d9ba5,6e-06
6005,train,7fd881cd6e0ed645,9912,f06918,6e-06
5407,train,bcad64e116fc7175,9431,a63f9f,6e-06
8767,train,d663f56ce85bd3ae,2137,24ce2c,6e-06
4083,train,0fe3e9550b79482c,10444,f76757,6e-06
2633,train,c18dbc461b05b82b,1854,308747,6e-06
3441,train,e2fa4fdb6f4a218b,12757,a9ca8e,6e-06
11750,train,c0143b41ccbb5e88,2489,2983b5,6e-06
8965,train,783fb501779a6d25,9183,975394,6e-06
8894,train,67dc405012604a53,9324,3c517c,6e-06
9589,train,d38a0a37997fec60,13133,a76d84,6e-06
12139,train,208f8a49fcf77efc,1616,c003c3,6e-06
6980,train,9fc6b83510c1ee3d,2497,5610c0,6e-06
13845,train,0fe917af4e84a98e,2985,62442d,6e-06
2609,train,82cfbe3fd25caf21,9634,2b1803,6e-06
8104,train,1c37a3e69f3cbdd5,11345,1a27ad,6e-06
13881,train,e701eedbd06be9e6,12211,dcdd61,6e-06
9860,train,757b833b04ecc2f8,5784,41e4b0,6e-06
8234,train,db26fde17418f66e,3901,14c520,7e-06
8713,train,6da655582080f00f,269,a9d917,7e-06
3427,train,6beee50cd7817e15,10101,75f4bf,7e-06
3898,train,8ec89a8c74ac1a66,12116,305510,7e-06
13352,train,f017b2e1ddf695f5,7816,e7a99d,7e-06
9596,train,9b371e62f209d345,1852,b4f58b,7e-06
3590,train,06d5a4d6851131b5,6537,2c1bb9,7e-06
7657,train,635e874db7200328,11263,12a88f,7e-06
6001,train,353796b8e6153b87,11371,3e11f0,7e-06
7982,train,ff6bb0871c3f496b,3126,ca7dce,7e-06
6448,train,74831ef8c686bdb8,4939,881d9c,7e-06
13500,train,59f92b0901f43b0d,6564,22af6c,7e-06
3288,train,2fde1baebd711939,6578,7107ad,7e-06
10436,train,494463945c54873e,6710,d1296a,7e-06
12826,train,592b8afa7ec5b01c,11252,e2ff00,7e-06
8748,train,8d204b2e878e70dc,7183,c034ba,7e-06
2117,train,45d7943cefb4f3c2,3481,42d595,7e-06
1470,train,270971f01c42eb57,5027,7e0748,7e-06
3349,train,c28f1a68a2c494b0,14018,002112,7e-06
9961,train,7b819b5cca454a4c,11019,65b303,7e-06
3665,train,d596c63c60238b2b,360,149676,7e-06
6168,train,f9fefef0441b3f81,6185,141af8,7e-06
939,train,e6d3b504fe30d3b0,4357,a4fe2b,7e-06
14577,train,52d956fb50d3be2f,2450,645a20,7e-06
381,train,8695619ee03dc544,4964,34d3ab,7e-06
10349,train,4ddba6e1d62c6cf8,6397,b39122,7e-06
5017,train,454583b0223aa9fa,2454,27a305,7e-06
14173,train,f5a21edd5c862022,8117,e1284d,7e-06
12416,train,c227efb2f8ad79ab,10339,97bd7d,7e-06
14134,train,5b1329b3b0992e41,7519,1117b2,7e-06
7740,train,6682350051acec6d,8869,395a88,7e-06
518,train,12162449212a3401,1934,d0fc04,7e-06
1422,train,b8aeeb485ffff2ee,8390,c039c3,7e-06
14623,train,451469146d6dd408,420,6dd0a8,7e-06
3963,train,ea6b8d0c783c1f7c,5448,3d466c,7e-06
8395,train,a216e852fe5c2a5a,14406,266dc3,7e-06
13835,train,82ae82454a36d2c3,8395,c7dec1,7e-06
1973,train,83c04305fb44a8f7,456,4b7eb0,7e-06
5767,train,20649cd65d7b6935,3326,945b8d,7e-06
11739,train,3cdd74d0280740bd,3456,f830c9,7e-06
11626,train,f2dbb8518c451ccb,8678,04dff5,7e-06
4191,train,6ab378b063fe582c,1605,30a36d,7e-06
13681,train,5da5bdb9ae1f79d8,959,1a54ba,7e-06
699,train,f8808d94613e2719,13528,3c7dad,7e-06
11628,train,334146e62ccae585,5003,bf49e9,7e-06
1432,train,189b734f860af8df,13656,77f82f,7e-06
14523,train,421ca1b3539bbc84,12487,aabd9c,7e-06
10528,train,d9f355cac587abd7,7067,036612,7e-06
12719,train,0a830bf1cdacc5c1,8324,e38a84,7e-06
2187,train,59cfa4b512c5daf8,507,43370b,7e-06
10216,train,69eba59d8d28dc78,7757,a71f46,7e-06
6663,train,c4c51d0620f52d17,10132,058b50,7e-06
14280,train,fb8ba28c7b9839fa,5030,afc8b6,7e-06
6683,train,8c2f37c656b84532,14024,aa2f01,7e-06
1084,train,3a337cc2fa1b634b,5340,ed7fb8,7e-06
4772,train,ca1767f049ef5417,3825,76bc13,7e-06
7008,train,cfe8bf7a7e78acb2,876,fa6b1e,7e-06
9988,train,eaf915ece2d27983,12746,a6eb80,7e-06
9278,train,1342b5765d441b73,2926,f00072,7e-06
5429,train,b8a7d25ab20f34ce,12851,a94337,7e-06
5974,train,b56ddc3ed0ccb94e,7944,0392bf,7e-06
8815,train,da7ee9f07f7f2717,12277,96795f,7e-06
5397,train,987c471c99df48cf,1610,3a564f,7e-06
494,train,b5d32358148581af,8091,9c1e2a,7e-06
6714,train,cbad613c946a33b2,3996,023e1b,7e-06
5822,train,eb55b487785285b0,7455,1c1c1c,7e-06
3639,train,9ee94b91b1bb138a,11245,eb1ad5,7e-06
3327,train,1f7112d414fa5c02,13120,4b7c26,7e-06
9994,train,bc3a6e9367e22119,13889,b5a0fb,7e-06
6545,train,9d91068739469a77,3083,6263f1,7e-06
7880,train,759c6b62b5c3fd9a,5070,244f11,7e-06
261,train,211df91840f93363,5301,63f2cd,7e-06
9907,train,197e1ae85eb0eb50,8867,cc1eeb,7e-06
475,train,4996caf6737773d4,2911,e4b0cd,7e-06
4608,train,7db2cb214bd1b557,703,fa43e7,7e-06
4001,train,ad44a2cd04da422e,2644,b537e1,7e-06
6687,train,ce7d2a02a4240ec5,6988,1e966f,7e-06
5187,train,12c3173a937a5e6b,10478,616c0f,7e-06
3093,train,2e24f766d116c146,4035,3adba1,7e-06
11264,train,dae47069188de1c6,12508,f24154,7e-06
9140,train,8142c886aa790140,10224,38321f,7e-06
9446,train,9773f2cfe7a632c4,11472,d72a0b,7e-06
10629,train,de92148ca584b541,8239,027776,7e-06
14167,train,e3efebfdfeec2886,130,b985cc,7e-06
6420,train,9dc612f6d377fd8a,152,ee962b,7e-06
3334,train,24d387102cae2b8f,11062,854488,7e-06
13287,train,e1c8f6d3ea4a5d28,5054,5b5320,7e-06
14485,train,ca0dc5eea398999b,11080,f3470d,7e-06
9449,train,8878a0b449b470cb,981,f567e7,7e-06
5788,train,aee6be93d240b404,1778,ae39b1,7e-06
7961,train,bf1738d1cfddf2f8,1758,dc8790,7e-06
14310,train,ce8fd805fc13e780,14176,f7608c,7e-06
4255,train,07238f252339883a,10749,011c2e,7e-06
5138,train,1afb8678df959ccb,11669,ccebd0,7e-06
14684,train,5c6687f9ef4050af,5517,131b1e,7e-06
13562,train,9f882afbe606d036,2737,35e6e5,7e-06
13637,train,fee81d993cb1e683,9173,d5c000,7e-06
5755,train,89f98b20e94f80a1,9540,3c531c,7e-06
1156,train,19164f0fbc03365d,12385,d4a14a,7e-06
1955,train,0c60be4ea2482e07,13118,930e99,7e-06
3182,train,2ab51bc240ec0933,422,d5c3f3,7e-06
8511,train,5f4369947a745fbd,6326,67f5bd,7e-06
14915,train,7061415109db77c0,14351,aaee89,7e-06
3217,train,ea12ac5716aefcf2,13130,5ba15b,7e-06
197,train,118fe2b70dcb2b50,3846,bc6fcd,7e-06
13048,train,e765d97a121c0f23,3907,27b09c,7e-06
14867,train,7453871333429f3b,4748,aa4d66,7e-06
11813,train,a7951961cca0ba47,12158,714888,7e-06
3645,train,2717fa872950dbc1,2411,8995a7,7e-06
4659,train,cd9c177fa3bd4911,9490,066b58,7e-06
5181,train,ecec15126be73842,11705,c65585,7e-06
3901,train,2fab6a839ebb59b8,2129,d6495b,7e-06
3946,train,137aa25021ab3388,7162,e89ada,7e-06
11865,train,ef817c9abf7ca9bf,4655,7a4549,7e-06
563,train,8bfc62192911a946,8333,42d519,7e-06
7850,train,88afd1eefff2e382,14087,58d0a3,7e-06
3847,train,6211f16aea47aee6,4480,d6946a,7e-06
10484,train,19d44b821c312847,12935,5ffa0c,7e-06
7680,train,34661ba2b9c7f1e0,1543,904cd1,7e-06
11687,train,de1d6b742498c631,12905,ca6619,7e-06
2105,train,8ed632af30174825,13369,200a42,7e-06
7309,train,060084adcab9ed6a,5024,d70ed7,7e-06
8441,train,e57424d8324ad145,14116,c5f427,7e-06
552,train,5ae8994e5e597864,6445,1982d4,7e-06
8419,train,3d9a707cfdabdef0,5430,9bcb95,7e-06
6159,train,0716aa494a70ae0b,9597,6823ab,7e-06
8923,train,a96d4340ac2e44a8,3670,d8a6af,7e-06
8038,train,f0bc16cb04fd5fbf,6180,291845,7e-06
12208,train,8400369e626b2ac5,3289,753d3f,7e-06
1435,train,9e166c1649ec35b9,11155,be8ef2,7e-06
11675,train,a79bde72c7b056cf,1579,d97c9e,7e-06
13050,train,325a0a1911a1ee7d,1444,8c371e,7e-06
5888,train,e816cfa7c258fd12,9194,64300c,7e-06
12558,train,2fae4d913d4a460f,9948,36796a,7e-06
5235,train,1a8d89a000b94819,4395,c4e460,7e-06
8597,train,db19f0982d5add69,2498,3ce06a,7e-06
14677,train,647f2c5695ad53b6,2418,adf35f,7e-06
4975,train,734204752b2ea52c,3705,0adccb,7e-06
5924,train,4b66a0d1137c4f6b,13488,fd3d83,7e-06
3417,train,a4d1af4b215bf3a0,14541,8ad1a7,7e-06
12364,train,06fbc27406a2b186,12721,44165a,7e-06
4386,train,ac53f29d8d904c44,12931,674cb1,7e-06
1628,train,5f5c90a4fa05246e,9236,565a5e,7e-06
10599,train,70a32fa8cdf90ce3,3454,69af0d,7e-06
7784,train,2afa4407b0a1f51e,5262,025100,7e-06
4268,train,593b3a55b76e958b,2018,6af9f4,7e-06
9657,train,79983b7d9b4ee17e,13895,9494f5,7e-06
14261,train,2c08bce1a7398a96,1382,253b3a,7e-06
8940,train,dbd46b09035ea585,12632,8eb0a4,7e-06
8313,train,a0abf45d68c2945c,14224,1dc89b,7e-06
5495,train,0ce27b533003ad83,8578,92460c,7e-06
7162,train,38e35fb3cd18593c,14000,705e87,7e-06
2095,train,792fbd8d4da918a1,10624,48f29a,7e-06
1757,train,1c6da578bab0909c,9446,268892,7e-06
12829,train,0a7a757f5d9dd94a,6910,83e6d3,7e-06
11143,train,ba1420fe370e1d39,1671,a5fd45,7e-06
13452,train,4c01a9ff0c02fb19,434,56763a,7e-06
14382,train,fe454bdd8575480a,2327,354127,7e-06
5554,train,5fe0b022d8f80d0b,10141,e377b7,7e-06
10640,train,7a96882f01f36827,3254,32263b,7e-06
1077,train,7dce8b34eb65897d,8398,f590ff,7e-06
5133,train,1d7045637758776a,2964,ba1a6d,7e-06
3026,train,83c4aa622be99b7d,13941,827f6e,7e-06
12917,train,d80e4017f0842ded,2225,0ffda6,7e-06
2552,train,e501543878d8153f,14097,07cdee,7e-06
9588,train,f5d4a3227adebce2,4876,5e092d,7e-06
2536,train,bdc4751fab4a21a5,6281,665ec2,7e-06
14717,train,cd4112ee2f0a77c9,2620,be6f44,7e-06
13185,train,f2f966443ce4bed1,12982,da2d85,7e-06
4177,train,3a9fdb0ef365bf26,8823,23f6ca,7e-06
10048,train,df8df805149dfbb3,3577,774ddb,7e-06
4068,train,8692213b4f7681f5,4318,8223a8,7e-06
14022,train,147d7832c6071c67,5900,4138d8,7e-06
14890,train,86a74e847d282de7,2401,acdaeb,7e-06
14546,train,60ef2989ea8edd57,11322,58b0a4,7e-06
8660,train,1035c79ecafc9f76,12714,c39130,7e-06
6859,train,df7dfb66e2d942a8,6869,acc471,7e-06
3926,train,95911d41a10067a4,9873,2c3957,7e-06
12122,train,d5270684ba2b7843,5354,47f0aa,7e-06
11559,train,1a42d8b58e3640de,102,c69066,7e-06
6022,train,04a0362543adcf53,427,50fd1c,7e-06
6699,train,fb143475e075f19b,2400,5acb74,7e-06
12973,train,7bebb74b60cd73b0,6197,47a8cd,7e-06
6508,train,9a87ea7f344d44ef,3762,0890ee,7e-06
14170,train,e96e55fa6f1f5720,3443,739291,7e-06
10900,train,b6640e986f4e8321,5850,d5b406,7e-06
7043,train,3a0222a8d10444d5,7617,6ac11d,7e-06
2203,train,4226ef66f270c833,10370,347b36,7e-06
1201,train,c1645c102d6b2852,10856,cfa998,7e-06
14308,train,1ec2defe02519364,2133,79d2b1,7e-06
2963,train,986e3a71cf35b62c,10739,28ae29,7e-06
983,train,bca5d14ab1824bff,8735,aec7fd,7e-06
2865,train,2a3fda599d61a31e,14063,fcdb35,7e-06
6327,train,417342b374156056,123,4df677,7e-06
11743,train,4e4a04b3c9d3b1f1,5260,7feaf3,7e-06
3521,train,d620b2b77994cb61,5681,bc2c3b,7e-06
3613,train,8f7082d261e2b596,14396,7d85d4,7e-06
157,train,aad4f1bfd31f786c,7303,2950fd,7e-06
7053,train,b52150cc2e470c7b,13433,99efad,7e-06
11508,train,ce2e7ab7bcc72e2d,11340,19c880,7e-06
14718,train,e0f1a07ced8c5abd,4476,8d2840,7e-06
11966,train,75cfad07ae981b9a,4212,707d4f,7e-06
14,train,480e310d4cc3bae1,670,2d8a4a,7e-06
6961,train,4c4bab2cce2315c1,4865,9b3c38,7e-06
11831,train,2a895a96381dc45f,1612,d55765,7e-06
11777,train,540dc4b542cc1c24,7132,f0b3cb,7e-06
12454,train,552ff541d6f5b212,8802,bba2e3,7e-06
12550,train,d35bb2e0e61b5f4a,7261,97190a,7e-06
14387,train,87f0f521a804988b,5627,5bd7a3,7e-06
14584,train,0b4ccb2b3b352f5d,9936,54e2d3,7e-06
8647,train,809fb69c1e1aba22,9344,7ae024,7e-06
2225,train,7b6bd79a414ce71a,4739,171e71,7e-06
8823,train,c676eac5987c6d32,14199,78b5b3,7e-06
13930,train,8259f8d613fe69cb,11095,a2197b,7e-06
3229,train,78357bfb8e1d1839,2756,61bdab,7e-06
8236,train,261c5f1396b2d0be,8088,21d9ed,7e-06
4310,train,efdf81223379b91a,4534,2d4089,7e-06
5751,train,fd3ff11b1081f65c,4924,b49c17,7e-06
1766,train,8af177ec2035c8da,13350,1428b6,7e-06
13496,train,a17e678895ff0f4b,14156,37536b,7e-06
4954,train,5859519fd085b9e8,285,c36fb6,7e-06
6428,train,35b729c86a3740bc,10476,f7ca71,7e-06
13964,train,5084cca32e9cec15,11320,e18cb6,7e-06
2179,train,e39fccc554681be3,3873,df3c73,7e-06
5676,train,1586310aa666f065,1170,a61959,7e-06
4381,train,ef1d7bf41756b90f,12052,3f1959,7e-06
789,train,dfb1d48ac5f9b466,2603,ec875e,7e-06
4953,train,17ecc886749cb835,4764,638647,7e-06
8018,train,a557ab1828c2475b,13423,0553df,7e-06
7544,train,880e44d95887b49f,2838,946cf4,7e-06
182,train,9c7e0b3dc567c7f5,6566,47121c,7e-06
11367,train,f86ea57b59c92322,5362,30db31,7e-06
5544,train,02b7a1c8c56039a6,8089,aa20d2,7e-06
11344,train,2ead093277403052,10689,2a2fa1,7e-06
2440,train,13791eee6790cfe6,235,21870d,7e-06
11111,train,3f569017d4bdb709,12709,6b0dc1,7e-06
9108,train,816a4c0af0ee98a3,6643,514788,7e-06
14072,train,c7bf1e5579988591,9045,d948db,7e-06
2674,train,49c92cd3fd9b8362,2706,450a47,7e-06
13574,train,ba1ae4d890c00437,8257,1ea2a6,7e-06
8112,train,497d52167ada9923,11924,235312,7e-06
4845,train,79933248aa0ffdeb,3009,9c95f6,7e-06
12384,train,5cc05ed10521cdfe,11982,be1b7e,7e-06
1570,train,44cda7108a695b99,2604,60b8f7,7e-06
2392,train,8ea009cacf767955,8009,44242d,7e-06
11520,train,162825e38f2b2a1a,1944,d179f6,7e-06
14400,train,23dc4c4cc8f953d6,12582,2645c9,7e-06
1837,train,d0505a67427018ca,8131,563b89,7e-06
1886,train,d3ba2d311a409ac9,7507,a4a6f9,7e-06
2943,train,b5b81122ad26d4cd,10888,d00137,7e-06
12201,train,8b6884c63b73c7a7,5264,103648,7e-06
14704,train,140504c5836276ba,8591,0f5efc,7e-06
5880,train,409af3c4bf9ba582,5820,cc885b,7e-06
10177,train,82af263dd8226273,3717,200050,7e-06
2922,train,ee2737594b3f66ba,1795,d15d16,7e-06
6625,train,d83caf0f17d7f263,10922,cbb16d,7e-06
11117,train,9d2e9b03f48759a1,12474,20564e,7e-06
4250,train,8ca9de2116ee605d,6311,ccc9b7,7e-06
9597,train,5035101e470e7fc3,349,62ff2c,7e-06
2938,train,40ccddd2ff6cb471,2581,37cea9,7e-06
7173,train,b1947d37e155d6e5,1951,a371ec,7e-06
3462,train,6ec90c4289f3c939,12135,7ac981,7e-06
4485,train,845251e12d3b0e9e,180,2a9cad,7e-06
4903,train,f441bb49cc8d6caf,7114,08b737,7e-06
5748,train,b36a1d76ecaed6ed,9707,ae37b7,7e-06
410,train,db832b91a7014e10,5515,aa0698,7e-06
12997,train,c8b6b5f7400ce581,13873,3b198d,7e-06
5055,train,61f843204f376ae2,10389,7227c1,7e-06
10381,train,2addcc5351f4208d,108,99c132,7e-06
9215,train,be499b3fd00a4691,11949,c77b25,7e-06
13405,train,77b995a80891fb16,3795,c474e7,7e-06
1669,train,2cc3800cb8a7b126,8788,897e3a,7e-06
13994,train,2721da9b7f70f3f1,4815,d69f24,7e-06
13076,train,56ba63b7dfc971e8,3444,63e22b,7e-06
8696,train,00b582abb4c962de,6409,79c5ca,7e-06
12654,train,2b74ddbc16e09e56,3763,66a3f4,7e-06
14838,train,5c6c27e68044d2fc,1034,f28b1b,7e-06
4124,train,adcf1d3f36f5cbc7,1227,a55ac1,7e-06
8075,train,d424d6e07333cd97,3067,83c627,7e-06
13830,train,0462a7fdc40c669e,7534,b13569,7e-06
6324,train,f35b79e25a90f99a,6128,4fff60,7e-06
8587,train,b46472ccf91ef2ab,12123,4b9e63,7e-06
520,train,d33e091b191da450,11780,0ad05e,7e-06
13561,train,08c16787de8e7019,6803,186c6a,7e-06
14758,train,2de17affc43031a5,2295,4abf15,7e-06
1130,train,41d15183ff26ab19,2739,2a1b51,7e-06
11776,train,3fbd4b5197ee7833,5352,043ce9,7e-06
1268,train,c398dcfe8a3ef8e8,3620,b5b35e,7e-06
79,train,1211cab6b4845485,13816,a8bea5,7e-06
7270,train,2198bba5920f1a3e,4728,115e9c,7e-06
8956,train,61aebf21c9462df2,2309,5f564f,7e-06
704,train,6f622b7dd2c07502,10091,56b3e0,7e-06
5206,train,e5bcae7b58e7d13c,12381,9adf80,7e-06
11976,train,c9bdc7846111c12d,5097,90debf,7e-06
2778,train,21ac472f0c89faaf,10709,e377f4,7e-06
12134,train,9a085e5d4d56da5b,13021,f9b63e,7e-06
2455,train,1101183d4f38f616,3197,a2597b,7e-06
5067,train,4459b0f7c6ef753e,614,99c282,7e-06
10271,train,fc93dfe2090966dc,12146,ef398a,7e-06
9623,train,364587653660b5eb,13769,62a69b,7e-06
2025,train,0cdf974b181de73d,13667,adeeba,7e-06
2034,train,2a4e94ca30d027b2,11373,ae2608,7e-06
10776,train,57c4db61a92a10df,4902,3daf24,7e-06
740,train,81a0f482d0b9523c,10746,cf5c16,7e-06
481,train,cc1db39ba6756087,443,f3f4f7,7e-06
3579,train,2f70846f7799a3c2,6119,52bf52,7e-06
7243,train,d1f455074225f405,428,cfca13,7e-06
991,train,70015d73cd417665,10784,ffb5ac,7e-06
2947,train,fad1f024d7dd7a00,7912,dda985,7e-06
9124,train,b4905166efafa6e4,5283,e400f8,7e-06
4472,train,bc9363dbdd3ff703,3917,336933,7e-06
8253,train,cbf5bbae9cc0fb1b,12378,4480ef,7e-06
3153,train,2e8817819eb81a3d,3388,8b5b0f,7e-06
2167,train,3345a332a02d6289,714,b177b9,7e-06
5565,train,46ad1314b9aa5db8,11623,b73468,7e-06
9404,train,3561e001cc5ef3c3,13906,6eed5e,7e-06
7493,train,2a252d571c715798,12134,a9e595,7e-06
9395,train,1c9435dfbf252f6a,8813,3778e8,7e-06
5385,train,d2bfe3187437fc42,6258,34b551,7e-06
11586,train,ce6e4873a5d05c01,5428,d012ed,7e-06
11361,train,a364d55b62c870c8,5177,a98e16,7e-06
2205,train,7b3f5e821e928696,8426,01fe98,7e-06
10860,train,e1fc51443d97e363,11417,31ee7f,7e-06
12555,train,1ea2ee41a3cb2eb7,1809,bcf3a5,7e-06
6927,train,eae17262eba35897,6903,577be7,7e-06
2842,train,6d5eb14f18ccdb5d,6906,cffe29,7e-06
8544,train,0f9629726ae471a3,5369,7f687b,7e-06
10610,train,3a8b796f88645121,10340,0d64c0,7e-06
13672,train,f83ced6377e93e70,10282,3cb452,7e-06
12018,train,3919afecf4071387,14369,f40130,7e-06
12383,train,bf745ef5f25e4101,9578,ae536b,7e-06
2991,train,372423a48f9ceb05,2914,5fbbe5,7e-06
11300,train,fce8c47ab64b159f,6346,627943,7e-06
6325,train,5ad92f555b4ac5c4,9589,df7356,7e-06
9535,train,f77fdf3705450440,2329,cf6c38,7e-06
14564,train,3aa27ac5e9dbb394,1567,3e6e4e,7e-06
12448,train,f52876bfc7ed620e,12610,c13a21,7e-06
7950,train,22951b1d7623e0d2,6877,957dd6,7e-06
14918,train,9b4fe6839f0da35d,6142,02c0de,7e-06
5506,train,7cb9d4daba64042e,11116,e3ef47,7e-06
7293,train,17427a587c989b38,8694,a015d7,7e-06
2577,train,b60e70ad32ee40af,7518,2cb9c5,8e-06
14247,train,edbd521086fb6c51,7625,4a314e,8e-06
5189,train,d5ceddb390fbc182,9968,581a1a,8e-06
12765,train,c5facf6d635cb964,9024,41ea79,8e-06
3433,train,08b7a2b609338794,12263,8f8baa,8e-06
2790,train,09d79b882d358c88,10673,428bf9,8e-06
7791,train,8ba3956c8518c7d6,11861,fb7de7,8e-06
3545,train,2dc8de39632b9f30,12068,f6ca96,8e-06
1405,train,a98f3bf971b992ba,14324,f3dea1,8e-06
4084,train,3c5680104e398eda,1388,29ecab,8e-06
11444,train,782c01501d0c9942,6095,7c43aa,8e-06
1115,train,066c0a9edb03e6ec,8058,dc3dcd,8e-06
10109,train,411df78e826f9e12,8521,c1bb1c,8e-06
5140,train,e8816fe4fde96ed3,12256,48e431,8e-06
1339,train,04c281128f43e578,12270,303390,8e-06
8322,train,7366d36e414dc3b3,214,28f119,8e-06
10285,train,6d0a642e70da9dcf,14290,3ea183,8e-06
5850,train,e31d57b0a0b75604,1231,23c063,8e-06
5905,train,1599b74785fe7e35,11227,4a58d7,8e-06
6368,train,2ced71385ae1fc8d,4584,6b0a23,8e-06
6775,train,922289ccd5ff577d,3446,b74b95,8e-06
10904,train,516ef8f46109a25f,3540,33f14a,8e-06
13914,train,231c8f4433077803,9762,1846f6,8e-06
7808,train,8c903b3b6056bcf3,14558,f6d278,8e-06
11881,train,efef834768fdb55b,161,6ea6a5,8e-06
9521,train,5e238650c00d98c4,12501,2e4890,8e-06
3041,train,f2e9a79980a2e44c,1794,8301e7,8e-06
412,train,e4abab3f7fa9c460,6363,a39d59,8e-06
7497,train,88716c2c65fac98a,7018,c2946c,8e-06
2857,train,83bb8932cc759370,9652,abd60e,8e-06
10341,train,c111f35dfa8957b8,10994,faa45f,8e-06
4130,train,2b1b227c6e2fb7d5,3140,800b9e,8e-06
14213,train,db7d53b1535673a8,7135,897260,8e-06
11549,train,7abb848df1f1e368,8174,8cf028,8e-06
1721,train,9a60d00410fc958b,11063,09b845,8e-06
7570,train,779aec48e3d01ba2,13468,dd9efc,8e-06
12743,train,ae6e0b5b35d0def9,1297,86b331,8e-06
3900,train,a947d63743631a9b,13005,deaaee,8e-06
4226,train,60174b2223fbc5a1,5765,123632,8e-06
370,train,27d9bb2fc60ea2f7,13977,87f095,8e-06
10987,train,cab37eb8c0486917,13610,2f1ed9,8e-06
196,train,25787c05f8af2728,3307,623c71,8e-06
6795,train,9f0949e343d414b6,5413,13d151,8e-06
10343,train,32ce636549c4d6dc,9219,9aff82,8e-06
11329,train,891bf7355f6c9616,6490,34b319,8e-06
11205,train,f476ab41bcbf62ea,3632,18ae57,8e-06
6308,train,45558eb2b6a30423,1752,7e9cc7,8e-06
7381,train,19f66925cf6f069e,13131,b156e2,8e-06
13448,train,c91d8202db5e72d3,784,190ac2,8e-06
8722,train,be734d193449063c,12371,96adf5,8e-06
1218,train,4ebb1900c204ece8,6645,be0d5c,8e-06
4400,train,5803913e9ae8346c,12747,441a05,8e-06
342,train,3bfe9fc82ff62296,2821,d3d032,8e-06
11932,train,652fea0d1f7d7289,7879,c405d6,8e-06
14825,train,3884f11f711d369c,10727,5a41f1,8e-06
1456,train,9b3bb806a3ab7bf9,7581,ffc7e2,8e-06
3562,train,279979cbeef7005a,5213,66c8bd,8e-06
1510,train,dfd7f4dc5d9efe77,6360,376c26,8e-06
10985,train,82968f44c334821c,13365,80b51d,8e-06
10780,train,1e38d72c250a09fa,9257,a82f8d,8e-06
14668,train,176ac7701f7b04b1,13193,876525,8e-06
11215,train,02d7f7b7e927aa83,4847,78cdef,8e-06
13395,train,4ff71d6c27d16c80,153,168c87,8e-06
5245,train,ca5de339cfe3e832,8064,a9def0,8e-06
5937,train,2757e344fc738a67,8214,bd839a,8e-06
7682,train,99f86a9468cfcf76,544,eede59,8e-06
8355,train,8a2b47b316ff4f3d,10960,62007a,8e-06
9070,train,17afabfb526028a2,8485,803e37,8e-06
8078,train,d04ae51c06ed52e5,6787,fb0b4b,8e-06
14774,train,f0ac7509ca7916e1,5818,27fedc,8e-06
11830,train,c4da1148518833ff,2249,9dbfb1,8e-06
9103,train,ec4d2ef312fa2c04,10445,e50cf0,8e-06
9976,train,c25110c82b58227b,245,c078a3,8e-06
6034,train,45f54e4c5f62a3cc,5576,667c2c,8e-06
10041,train,fd2b2c35c0e0ced3,8580,89d7fe,8e-06
9562,train,948d3ed702060c68,2116,a90966,8e-06
10732,train,61b1ee2dcf686acf,8588,cf387a,8e-06
8904,train,b924d9c9998177f5,4180,e26068,8e-06
2798,train,e26dbaddef3f54c8,14161,268897,8e-06
14611,train,5558f9a88f67cf30,5807,3e6fa2,8e-06
2020,train,6a515e11d59a5281,13230,8e14a9,8e-06
11727,train,203e7393335c7854,5707,a359da,8e-06
3875,train,7c49d77b7d62d7a3,785,dc36fc,8e-06
8745,train,09b8c8ade263b91e,6959,7591b6,8e-06
4523,train,3d3f30399a766a36,7344,5bec4a,8e-06
11104,train,a8a2a207adf2f167,2657,49de95,8e-06
9105,train,76e46208a46691d1,5682,bd87c8,8e-06
1466,train,658c9aab0dade622,11190,d3d465,8e-06
9116,train,ebd45d86265c5a5f,6744,95cf49,8e-06
3083,train,5b31f14d68c1d217,10817,71832e,8e-06
14561,train,8d5e1e17450827c2,8052,2c4ab6,8e-06
6111,train,2e987fe36d07a3d1,292,281a84,8e-06
7183,train,fb1bad670bfcc3a9,12046,444910,8e-06
5271,train,23e219c98db993d7,11153,fe2a93,8e-06
13317,train,ccac520b8696591d,12175,5eb924,8e-06
537,train,d2f8faa96424bd1c,14141,10bccd,8e-06
9057,train,b0a3810dc56ad92f,12835,4794c6,8e-06
9971,train,d628fea58a201f59,11246,2d8ae8,8e-06
734,train,bbc57af16b4c1355,7516,3c1f89,8e-06
10016,train,52dec7f7ae907194,958,6e0a6a,8e-06
791,train,99d86db56edb58e3,1747,c1b0db,8e-06
14860,train,8768163b8a94f2b2,594,838233,8e-06
11676,train,da8b13c1e4014d16,919,a5113a,8e-06
10590,train,1c5609de196cfe89,3606,91d773,8e-06
12640,train,b6acea61f5c60299,855,615c5b,8e-06
555,train,f28330434e0a697c,8941,af5a17,8e-06
12621,train,0c93e9ee0480aed2,3892,810f2b,8e-06
7210,train,6ed114820b852787,5777,4e4a4f,8e-06
9499,train,f60504487f195009,13762,667e4c,8e-06
11286,train,ed386f1a0052da72,4585,2a4e4f,8e-06
2292,train,56c002af5bc2127c,6248,2bd85e,8e-06
12977,train,495859891316f799,9441,234450,8e-06
5962,train,4dea6878967f5347,11395,2cc918,8e-06
4535,train,a5af8219fb43ef3e,13456,c0229d,8e-06
11682,train,a97335fffbf2915e,11183,18ccc3,8e-06
764,train,955577dff39efbef,1952,23a3ed,8e-06
6467,train,2788a8e338e424ad,1884,907175,8e-06
14255,train,8184ad9a045833df,6607,d606f2,8e-06
11299,train,6fea6b81dc036cb1,13097,13eb51,8e-06
6629,train,d14b7956b3fafd30,12392,7077d1,8e-06
7846,train,a0a29b78c41ec2c7,6203,2129a2,8e-06
10862,train,46ffd6b29c0151c2,6841,4486a2,8e-06
4202,train,bb1e6ad2122d5663,14349,b1c8d3,8e-06
8814,train,e905b4cc2fd6ad94,11387,ba0e01,8e-06
3777,train,6009afceecf0e1f0,8801,88309d,8e-06
10220,train,717670c85b239906,1499,d36ba8,8e-06
5433,train,cf9ee6f7fc427906,11879,ce8d55,8e-06
11333,train,82038e2a4b75442b,3185,92de0f,8e-06
13692,train,56f845857f7cee42,11728,39d217,8e-06
8098,train,90b797521e34b38d,8581,be1255,8e-06
4995,train,bfd7a204ba1c6717,8313,b71f21,8e-06
13870,train,e4f60667dccf81a8,883,5ba73d,8e-06
8989,train,1a73c32146440085,14174,fc7b2c,8e-06
11181,train,209e3525dc94b84e,11660,1ecbb6,8e-06
8755,train,a6018f3d96c37621,4460,3221d9,8e-06
4875,train,bb788f8d9936cad4,11880,86c40e,8e-06
14004,train,c0daa8dc72e5e86a,11883,846d7f,8e-06
2231,train,5d2cdcf40e31dab4,849,2117f0,8e-06
8339,train,b295f941bd7829bf,6157,3243f8,8e-06
3134,train,726277b1c9505689,12661,297578,8e-06
9414,train,4ff6625473abdf97,7432,b5655b,8e-06
12074,train,f11235d677619a3d,7424,0f04c7,8e-06
6303,train,cf04332a6eb9a47e,3788,483be9,8e-06
4008,train,6b2b58e91fe65f9f,3537,e38200,8e-06
1251,train,dd5203da7a3fcdc7,11594,01dfc6,8e-06
4852,train,49a94c44690ce39f,9013,97594c,8e-06
12247,train,f3213ef2fd63e7a4,6509,800393,8e-06
8535,train,ac17804642349685,3808,808388,8e-06
2059,train,030bf9b64497cf08,10828,159d15,8e-06
12866,train,91fb10503a9bc6e8,8495,006c79,8e-06
12881,train,8a071ae1afc490c9,2157,0dd06d,8e-06
8835,train,a5df9adf1fe92afd,7036,095b93,8e-06
2630,train,25117770bf58de90,3294,3f1790,8e-06
13605,train,79e29b06b9a8a786,9443,ff5b8f,8e-06
11050,train,7b7836b67e46ac4a,4752,084e15,8e-06
5823,train,16daa294bd4c42be,8258,bfe5d0,8e-06
4710,train,b344361b92a029c2,258,1abef7,8e-06
2228,train,a39b2a441cd135ad,10980,c29ef2,8e-06
6100,train,3751f47443c333f8,7262,a70801,8e-06
9629,train,11d3cd8474492ba4,308,ec8e75,8e-06
9784,train,c7980a5ce1281081,2760,ed3b25,8e-06
1578,train,849312341122b493,3699,79cc6d,8e-06
13493,train,825f51631ca8ad80,7848,b6c699,8e-06
7328,train,3d72374b2a4d8346,2579,42be6c,8e-06
11424,train,682de21d8bb8c509,12909,3fadc8,8e-06
14654,train,3a552e7ae88eabb0,5427,ce45cf,8e-06
12835,train,c6c80ff36d1c34a6,10798,4d2ad0,8e-06
9016,train,b14d6d8200f2dc0e,7224,2a1dd3,8e-06
11052,train,3330e7c7d015ee81,7253,04f785,8e-06
10881,train,9dfca2229f42fb42,1843,1162d4,8e-06
3293,train,e1b02a6094961fad,10692,ae39f2,8e-06
7215,train,206885e7e8b9dbcb,9123,02c593,8e-06
6707,train,e5e98675718d17cc,12993,2c97f8,8e-06
7273,train,7a8f1f026d031c4a,14017,7befda,8e-06
6957,train,e27ef7db1534c6ee,8146,bc63e8,8e-06
10035,train,7ac0f4cc95fba0d2,8321,dfe449,8e-06
13842,train,538f5f3e77db978d,8259,edb9ad,8e-06
10600,train,ed53e8207c916f24,4147,b373d7,8e-06
5358,train,d1114f797128b797,13038,0b5da1,8e-06
11829,train,f4622133955bfb8a,13305,a0b688,8e-06
8429,train,ceddc53cd048762b,2795,206c4e,8e-06
1544,train,c3d4295c441877ab,6419,b61704,8e-06
2977,train,db104beb1664edd6,363,55e281,8e-06
1670,train,fbb6ccc159eaad90,2594,374ef4,8e-06
12013,train,e2667f468b13f2d3,1147,6eac3e,8e-06
2444,train,0f7828c53ca8bb08,12732,ae5789,8e-06
14110,train,e9024353b4372c47,962,92408e,8e-06
5270,train,f97f22134bb0c689,10984,e7b1c6,8e-06
13650,train,4d40fc35937b02e0,10484,f9904d,8e-06
5423,train,9d9a86ebef05dfcf,378,198b35,8e-06
11408,train,6538c6b3568e85cc,6960,3229ae,8e-06
4657,train,200f062ac082aa3d,9097,5f63a0,8e-06
8278,train,f1c6a90da364a1dc,2247,970112,8e-06
477,train,a7e671aff5601a82,10868,5498ef,8e-06
8816,train,34188efa40655bf5,11067,c3fda2,8e-06
13326,train,55725be97e88cc5e,3567,8ba7ec,8e-06
166,train,1ac8494fc9b1290c,13472,cb5137,8e-06
11994,train,d6cf0c626f2e2ac8,7825,b08046,8e-06
2701,train,e1789a12b879b2bf,3234,37046a,8e-06
6982,train,56aa2721896b8eba,5141,0a6443,8e-06
3927,train,d79a0a1cfabbc47d,8285,2475e7,8e-06
13756,train,863d7c57871af1ff,1973,b8dc99,8e-06
7792,train,cc7a7bab03d6185a,2284,d17ea1,8e-06
13461,train,8f2ceb6f4e4cc625,12222,548e41,8e-06
13291,train,d46640383758f2d0,291,8e4eed,8e-06
2952,train,ae5a2a62ac70cec3,4845,064a8f,8e-06
9753,train,39fb0a861d0a3891,4166,219424,8e-06
14023,train,06a40a59e88e92b6,4222,46a6e6,8e-06
3748,train,a9f0edbbb9d04774,9715,3f31e3,8e-06
14342,train,eab10fa6869fef9e,1242,2e5f18,8e-06
3247,train,fd73a9136c840073,6650,4a2f1e,8e-06
13333,train,c3c9501d219ab3ef,3858,5ff1ce,8e-06
4220,train,1ae358af378b371a,5478,93e036,8e-06
73,train,c95a31ce8c168b6e,691,424ff6,8e-06
2381,train,a5b523dd9602461a,11431,b1313e,8e-06
13144,train,be7041b061769470,7679,781352,8e-06
9022,train,ca509bed975a2762,14436,6d209d,8e-06
4703,train,9f431c828a1047ac,14429,3bdce7,8e-06
10942,train,48816186bb487cd6,5567,ba09e6,8e-06
8097,train,6581199ee55d7f67,10385,a2d68f,8e-06
4676,train,13e40af10788b20e,13694,8b9140,8e-06
4490,train,9559a83843a42e50,12186,96fddc,8e-06
9675,train,a482698126614c4a,10423,33c8fa,8e-06
10273,train,e11488ec451b9663,2176,1b2e58,8e-06
1518,train,8977713f70229a92,7890,5179da,8e-06
11092,train,3a335fc22887948b,6719,05611d,8e-06
3499,train,f8542010f481dee0,11433,d0b899,8e-06
12275,train,b233a767769b6641,1420,33e3b6,8e-06
4445,train,505a8ed3340ccf4b,1692,b4f34a,8e-06
13208,train,c0cc3a63e2490b05,13377,6fb40e,8e-06
13967,train,66099c2c97d58a91,6182,e7195b,8e-06
6033,train,00ad648e290793ab,9205,bb1e7a,8e-06
3435,train,d890826ba891b4e5,3487,a651e1,8e-06
12630,train,5512d89859df27b8,2956,f16935,8e-06
4494,train,289c33bffedcd9bf,12384,54e7d8,8e-06
4992,train,e223e4cb563d8864,11621,f9d5b5,8e-06
12062,train,f4947ba5f7fdda05,4612,5bd6c6,8e-06
5195,train,abca6c5b56e95ea8,5520,40c99c,8e-06
13073,train,a2c0a62a062eae69,1684,369c3e,8e-06
11496,train,673d7dee9411eb43,3426,c4fb13,8e-06
4431,train,f68636bf136a4350,8795,b66fd4,8e-06
14253,train,a423f50821326b2f,626,68b6ed,8e-06
1377,train,dd369076433abee4,2437,9f55c0,8e-06
5569,train,80c3dcd63b6385fc,7787,45e501,8e-06
7581,train,c3972079f9a089a7,12240,4cc000,8e-06
3473,train,4e3e38c5b94590ea,6421,1fdb78,8e-06
11010,train,fd5b4bfa106c09bc,6641,4cd93b,8e-06
8568,train,7559f4be99dfdc21,11416,c52b85,8e-06
8864,train,fce647ed655984a7,7706,b03607,8e-06
314,train,bea35df18d3109c6,2367,6e320a,8e-06
14386,train,2ec45e605f47d261,6664,5246ba,8e-06
12500,train,bcdbb1d0eaed6fbb,11862,04160f,8e-06
176,train,85c591b8343b7481,5008,a1cb8d,8e-06
11269,train,ebebeefc557853a5,5336,328561,8e-06
13696,train,929205443d79d7d2,12286,946f7d,8e-06
8701,train,a430c7c86ea67ab5,13032,eaf84b,8e-06
3032,train,38acd733dc4f4df9,12302,0f8294,8e-06
5545,train,6bf0803b042f0b85,1052,595828,8e-06
11963,train,6ec8f22573911e20,10474,7ef3d9,8e-06
3011,train,206d2b72f076821b,4512,d2a603,9e-06
4646,train,c8cf3cc704a53b71,10778,1e6860,9e-06
4689,train,66c92be8843547aa,4482,6fac6c,9e-06
2006,train,e8496ab6e3e6e248,9570,28d8b9,9e-06
11349,train,6c13d5c6fff2232a,14207,f0ab5f,9e-06
4896,train,a3d9e284ae23328b,3109,326035,9e-06
11821,train,2991025d5314854c,3926,2bf181,9e-06
10643,train,f2957246e1a03365,1006,ebb4f6,9e-06
1297,train,0beb9b6f3ad882a3,1210,13cf8d,9e-06
14240,train,7c6571a0c9349348,8691,6185cb,9e-06
13020,train,b50977f260c18d6c,191,570459,9e-06
1233,train,c47a405a679de203,5379,bae7f9,9e-06
11442,train,3234ea6f12badc4c,13709,3b0163,9e-06
8157,train,b1d2f23435b5caa7,9404,2e69ce,9e-06
14807,train,2e1ff5b8e7e6e896,585,d972db,9e-06
11069,train,4375b44284b28779,10528,39e13c,9e-06
13980,train,05b9f7017a6707f4,7712,14e0cd,9e-06
4221,train,2329f2cc04299f72,986,afdda8,9e-06
192,train,0a5acb3778b85ae5,7768,28c398,9e-06
1620,train,60908ae73b7a7823,3081,fb98b3,9e-06
12564,train,25119babedc5c961,13833,4bb613,9e-06
13922,train,06c8fe6c21eaa956,6909,bf3fb3,9e-06
11021,train,ca8a26074390919f,3963,1244f0,9e-06
9193,train,59cba641b8dc2667,10241,b096d4,9e-06
3649,train,0702f10d7631efa6,1517,c4c678,9e-06
7085,train,e6400763cb65dec1,9833,d40bb7,9e-06
7036,train,e9c55d4835026bbe,6136,8de51b,9e-06
6172,train,0bba93369d0f7170,7321,5b5d26,9e-06
8458,train,0b0b84bf07bfc228,3369,d81202,9e-06
4295,train,0484f6fc9acd5d96,126,0ee171,9e-06
4879,train,86974eb8f6de41eb,2168,4dd37b,9e-06
7433,train,ff3ef1741aa0c4f7,2375,ae4cd7,9e-06
8513,train,7ba4e6827760b467,6181,56a79e,9e-06
5400,train,2cf19e42fdd6ca9b,14172,eee845,9e-06
4038,train,78d7327f0b57210c,1513,5e24e6,9e-06
362,train,a80e0592876f5aeb,12972,1a4dfe,9e-06
4893,train,54ed5d3ea7b8c788,6008,535fac,9e-06
3131,train,7cfd73bc1e47a409,6129,ca0592,9e-06
8577,train,fcd98a6030da06e9,8278,d8ede1,9e-06
4450,train,8803c02d95034436,10734,6d9f01,9e-06
6538,train,7ce46d99f39b22ed,1801,aa3dbb,9e-06
3390,train,fa669deeff40f698,9538,cb0d3e,9e-06
12035,train,b5db6721d3da1be7,8496,3810f1,9e-06
6747,train,164f2f095cb501b4,8555,006fe7,9e-06
102,train,3a1bfc973fbfd0ef,11089,cb96b1,9e-06
12828,train,eb2786a2a3580a2b,2240,e842e5,9e-06
13038,train,5a71da189e1830ba,3438,b2f3e1,9e-06
6981,train,0aeba4d7e40d22ce,1634,7e1ec3,9e-06
11107,train,799d687275cf75f4,8741,f58e1f,9e-06
10157,train,3112d12927a6ad7f,9275,faf74a,9e-06
7651,train,05aada6c44bc075f,11476,6c30a0,9e-06
5635,train,48e79c2db092eda4,10032,103000,9e-06
9844,train,6aa74e2576fb06cd,13691,7c5b8e,9e-06
10921,train,1954532638c166a2,5805,60ddfe,9e-06
2896,train,1605c4ecb573b408,12083,e30570,9e-06
1871,train,802d3f68cd7cdf14,5454,015919,9e-06
8783,train,c28873e7ab74cbc5,12194,ad17db,9e-06
5286,train,177ead976603021e,9563,07afb0,9e-06
14252,train,7f1c94230ac5c56a,10106,62ac8c,9e-06
2928,train,a70cd898b0706fd0,905,bcfa44,9e-06
3120,train,c3654dbeb1f7e588,7847,81468c,9e-06
7065,train,cfd0114c7f885163,3725,ae2f59,9e-06
8473,train,7cede6f455b5df8c,3225,e4de3f,9e-06
4684,train,6974d18bad0443ca,1436,a51daa,9e-06
4265,train,de7b201afa7f791f,5573,68b98e,9e-06
9748,train,ec6e46335a1906a4,14107,3d94cd,9e-06
6003,train,6a249668ab75b016,13408,f7b5ca,9e-06
4332,train,0ac79c387de1b142,5906,e5bd8b,9e-06
1652,train,86c5d7b88b7abb9a,5908,917388,9e-06
4452,train,7723bc35a7072cb9,8453,a2124a,9e-06
5603,train,0b495ad0e77dc0ee,6187,85cf2e,9e-06
4958,train,976976164bbb0fd3,5584,7fee6b,9e-06
4825,train,31e77d046405f8d3,7808,cc9ef5,9e-06
9645,train,642da6a93cfef714,5247,ce4d31,9e-06
8377,train,84e9e679d8bb8ac5,7555,b344ae,9e-06
2679,train,a563e519e0e10a05,11724,7e9d17,9e-06
13626,train,d3924d557c8cb190,3829,049ac7,9e-06
5440,train,b50511256043ac11,4520,ab9d79,9e-06
9121,train,29d8d28129f9053a,10860,041dc8,9e-06
7165,train,009215807c4ce752,3953,f6bbe1,9e-06
4399,train,3e6d81453a2e7732,6104,27fa8e,9e-06
8639,train,3a3058c30c4e8232,3257,848b9b,9e-06
7592,train,e1693bc1a26edcbc,8315,ac254b,9e-06
10806,train,aa4d56eec27db944,3641,2fbd0f,9e-06
1347,train,a6636d1bebcb0cd8,11282,2dba58,9e-06
10920,train,3734cb3db569f58b,7943,903488,9e-06
718,train,be84d50c3e220bbe,7627,fa72a9,9e-06
2200,train,8d3dbb49bfc0aea4,13342,2533c1,9e-06
3003,train,112470a47a8ad85b,13570,b29a78,9e-06
11122,train,5b623f45c493a1b2,1825,350004,9e-06
2871,train,5972cf3fc7f8fdb5,4279,34ba82,9e-06
3580,train,f0fed82a84460e1d,6183,d3b3b9,9e-06
3110,train,c09dc7317087f87b,11698,b71ca8,9e-06
1205,train,3843f68a04c18588,5507,6fa375,9e-06
8268,train,b0f13baf1e6fc23f,8223,d3bd83,9e-06
14749,train,77822538b51ec732,8042,56c7da,9e-06
9624,train,5fc60f8a6cbba050,6587,f5f4d0,9e-06
10718,train,a94de58b005a09a5,7529,109106,9e-06
12858,train,ba469ef355065b1b,11999,40fab2,9e-06
7823,train,f92ba7132cec9430,5578,c2c9b0,9e-06
706,train,fa3f609698caac86,11228,b15fc9,9e-06
9712,train,cfacdf8570b47a13,13700,684cb5,9e-06
9357,train,88306cee4bdba030,8679,7c353a,9e-06
14431,train,ffe87589f6c2dd0e,13263,c5d112,9e-06
8367,train,0880be56ff69b79f,10417,878114,9e-06
10563,train,70bad968622dd125,11129,fbf12f,9e-06
9479,train,ca21ec842dbb5e13,7009,70c195,9e-06
9540,train,7f6e9fbb44f452be,6737,b8381d,9e-06
1239,train,e87d34f9a669a0d4,8234,c814e7,9e-06
634,train,0bf251af317c68d6,8648,8637f1,9e-06
6633,train,eb1ec0c89b61cbdc,10645,8c1fe2,9e-06
6440,train,b418c065a3725dc7,1571,0f4777,9e-06
3612,train,6698b86be0c1ce10,12889,7e4f3a,9e-06
6352,train,37000b8cafe87f86,6974,0f5035,9e-06
9112,train,2b1f927b29433f9e,307,032be7,9e-06
12103,train,1af0b369b1fc2346,10772,9e3177,9e-06
12475,train,4f67f3a74a1eaa17,6260,c73789,9e-06
9138,train,fa8a27e2da26b0d8,403,910a3d,9e-06
2506,train,fe05b918bdbbd2dd,4408,ca533c,9e-06
6703,train,a87e381f1a64c1f2,2472,0c8016,9e-06
3753,train,170701a9d6a581f3,11540,c22a63,9e-06
3206,train,1399b0bc68e4e7df,13165,d26864,9e-06
6023,train,601ff8655388e158,596,878465,9e-06
9162,train,9d2b6affa49dbafa,12348,704473,9e-06
8728,train,3ec9b565ec6add30,12292,3ece28,9e-06
13088,train,0eadc0fb3012dd4c,760,a5ae50,9e-06
2347,train,eb1215b65275b139,10301,75c578,9e-06
5256,train,26e5a6730343385f,6299,38f17e,9e-06
9568,train,f4c01445f101449b,8461,661689,9e-06
12137,train,f5ee052a6024a900,5905,539dee,9e-06
8479,train,e503bd8d6f95b8fa,3721,79c19d,9e-06
12643,train,398f048d2ee4c3d9,10636,86dad2,9e-06
6890,train,4c5d322a47b2141c,11484,e6c704,9e-06
6541,train,375a226356b2f3ad,12980,e8216b,9e-06
894,train,c0ac11cf09413ac6,3102,1840be,9e-06
6664,train,feb1f81ac465ada4,9207,76c933,9e-06
13293,train,a011b4b093bb20d9,3772,4e9447,9e-06
5521,train,2519a67f34d47531,9846,3686b0,9e-06
877,train,7baa162c91934397,6424,d67ba5,9e-06
750,train,927fe24dd200d395,1507,fee98d,9e-06
11819,train,e30682e0406be371,1339,3dff84,9e-06
7467,train,8c379901ffbd94f5,7678,ceee6e,9e-06
11826,train,ee48c373c226ce6e,5233,2547c2,9e-06
6929,train,e968cf023be57f71,10030,faf024,9e-06
528,train,cb05b0d9c38b109d,14045,ff85f8,9e-06
3079,train,812c8350de73fb24,4923,73be40,9e-06
3812,train,e4bc3723d54542a5,7402,6d602d,9e-06
3174,train,4ef68a765b5e92e5,5120,1ee641,9e-06
11644,train,1f6c1920977f65d5,12193,3fb328,9e-06
2739,train,75d7379126eb316a,357,94fb5e,9e-06
11019,train,f5137c00cd9aa53a,6646,238b2d,9e-06
596,train,fc4db1b7dff24b09,2977,d57bce,9e-06
4294,train,37d515be001b70f1,8810,fc02e3,9e-06
2672,train,0b3976089f43d55f,985,b3ac0f,9e-06
14919,train,ba6362cb2469f4c7,11343,5f2738,9e-06
13289,train,fbf4bc9eba8cd70c,9385,15ce00,9e-06
7781,train,b710917daf76ebec,5530,b39fa8,9e-06
7776,train,6661c4777868265a,10819,f3b61b,9e-06
7709,train,338474fcc3331336,10837,22d52a,9e-06
2914,train,d0c0855517204dc4,2869,fab44a,9e-06
2164,train,9d5ad88dd456284d,2482,7b5ef0,9e-06
13558,train,47e841a25164aa63,1014,de4521,9e-06
280,train,b79bc3bf0103acd4,1077,da9577,9e-06
8830,train,f1563c31bf20d866,10843,3aa16e,9e-06
7500,train,36f61929277a021a,176,dea34c,9e-06
140,train,f39d67f99a3341e9,6552,2cfbda,9e-06
3674,train,d49a993240ee3bf3,10380,c86354,9e-06
8565,train,b0632f363cf0e634,9623,0369bb,9e-06
4779,train,bfd7a72ee25bd848,6654,1e60e4,9e-06
3680,train,0e70c1368e5fdd98,1396,11ab51,9e-06
14054,train,fad093dcbb21ae12,14113,79b554,9e-06
5738,train,c57dd41d80ca15d1,10554,574332,9e-06
6185,train,afa9f97c266c41c1,3789,82a50d,9e-06
6696,train,de3bd9b395d3d9e1,3554,8c5b05,9e-06
11441,train,f50e6c35ec072bd5,13556,569e9b,9e-06
11974,train,963e2011726c39b9,13329,3d43ad,9e-06
2314,train,2eb42d904c3303c9,6090,edcbdf,9e-06
4736,train,7d2cb477b9ca40a7,7361,7d65c8,9e-06
3336,train,ff7add2e4c32ef4c,6772,2a7773,9e-06
2944,train,adbcac1fbea6f4a7,6171,cee440,9e-06
4479,train,f67df4ee0000301a,6640,822e27,9e-06
4262,train,b3d3b52a29414dd1,8828,81f118,9e-06
12429,train,af74e2a8fc296487,551,064f34,9e-06
13819,train,65717f0c79cb7945,14320,5e1624,9e-06
10295,train,80a06198cffb5243,1662,1d072c,9e-06
4104,train,e09e43f6e6df2e73,4187,d5e0f4,9e-06
4816,train,3b4fcb4760ca2671,4624,e2b23f,9e-06
13992,train,0f50246f0e3b59ae,13952,0ec6a8,9e-06
2734,train,c4e2bc7f1ae9de90,10915,af4742,9e-06
12758,train,d640e3cfe3108feb,7112,6a1d49,1e-05
4712,train,37f08dd561cecfde,12280,58d938,1e-05
14571,train,92ee6db1d64e771c,8113,3384e3,1e-05
3238,train,ef01d0e87036c3b1,160,b65cff,1e-05
12159,train,9e46ef304bae42b7,6340,ef124f,1e-05
10354,train,8c5e8459ac6588d4,5719,c4cdc5,1e-05
2893,train,955f69b68b7b66e2,6666,be3879,1e-05
7512,train,0aaf265920fa58ba,10242,6f5a9d,1e-05
4376,train,8c83296185a23275,11031,fb302e,1e-05
870,train,61ef6bc5173f648c,665,a55d26,1e-05
9310,train,8ca889823527da7c,5911,850f85,1e-05
8059,train,072dd6e7dd026f29,9357,55aa46,1e-05
5464,train,9e0fa2634f137616,10514,90b1e2,1e-05
8023,train,8847471142034930,2256,623666,1e-05
1562,train,067e942c1810828b,11600,8f94dc,1e-05
12950,train,9a82c0d30d345498,8445,dc9a49,1e-05
3426,train,8ddd591fa0b45300,11117,c0ca3c,1e-05
3139,train,e48304aa2db4fee8,11933,96909b,1e-05
782,train,15032860add32244,14047,57aaf6,1e-05
8183,train,e90fb8c58424016a,5966,ff1fd8,1e-05
2297,train,37521ed95246400d,12679,910209,1e-05
3350,train,7f86dfe91c19d34f,5439,a77ccd,1e-05
10867,train,6b270f5e6cf930ec,8809,2b213a,1e-05
11127,train,7675662afdb377e8,4966,d2feae,1e-05
483,train,468ec863795b2c5b,2351,204402,1e-05
5781,train,655298b85479e835,367,76336e,1e-05
422,train,4a7fd4293d6a00c0,7899,56b861,1e-05
9341,train,ff4547e575fc7768,10750,b427a3,1e-05
1211,train,801a296aa1e9c8b0,9923,ddc1f5,1e-05
13537,train,79411e467da721da,12092,16933b,1e-05
3647,train,3af5805725e2371c,13544,f70c22,1e-05
14894,train,e1707957aa24444a,888,949900,1e-05
234,train,d2423c811c33ea48,9562,83bd04,1e-05
11145,train,876013d36c7b99b2,4729,33e08f,1e-05
4635,train,717413cd4725240e,14266,c34aba,1e-05
13898,train,f13dac65fc7e22a3,1632,38f980,1e-05
7480,train,8b5e6b035eedc88d,3671,e360b3,1e-05
4218,train,72b8f45fc109e394,5869,cccbeb,1e-05
4926,train,8a3fe9bfbee7eb69,14191,a46787,1e-05
400,train,e3048f29006b85fd,1601,4c5546,1e-05
1531,train,095b716e90691a05,1038,20073b,1e-05
10368,train,26eb698ca0944de4,8403,7f8c0c,1e-05
989,train,c913a7633e7bcfea,13576,568158,1e-05
10466,train,415c0e293d8d0c37,12001,c85f1c,1e-05
1050,train,04d48608972b8b30,7045,16257f,1e-05
9563,train,74c51618a59b1d5f,2577,7e4908,1e-05
2908,train,65a9497eb2e5e929,10526,090f61,1e-05
4196,train,32d27d09dc22f581,11562,07e095,1e-05
8188,train,b31d613fae5d8e8c,13266,347b4c,1e-05
6904,train,56ed2753f5e6b6c8,3022,e9716a,1e-05
1238,train,06c7dbd2cb67d3eb,10343,cb81f6,1e-05
1543,train,78bb26036328a727,4864,7d0643,1e-05
12501,train,44a367f8e33a85ae,753,58ff81,1e-05
2360,train,ba6811fdcd982c86,7315,2b3e33,1e-05
13323,train,9939717f80bf0b4a,9176,a8c6f9,1e-05
353,train,f83a1c2d5d9e31ef,14145,2cc601,1e-05
1207,train,a204005c0a04b1c6,4954,3053ae,1e-05
799,train,53913f0628d5f1f6,14388,5a29c2,1e-05
13013,train,0f3c0244ec04ee13,12954,9ccd5e,1e-05
8819,train,f487cac112cc59ef,2858,32aea4,1e-05
4822,train,18c6f026b917063d,8538,2a3aba,1e-05
11063,train,0406299b71451267,6848,49f829,1e-05
2396,train,fbebee29e8de986c,13218,973f06,1e-05
3189,train,c8175c53234e804e,8898,51ba32,1e-05
479,train,4fe22eb815072bc5,1083,0f6470,1e-05
9366,train,ee51ab09042e94fa,4340,0e6427,1e-05
1134,train,4bf011036900b585,6029,da4419,1e-05
9746,train,8c7d272fc9668567,6290,3b1b5d,1e-05
1840,train,7c7031362ccf17f5,7143,b48553,1e-05
420,train,385a33fd882cb9ea,1823,a0d503,1e-05
4246,train,ee9fa4c99704f3cb,3322,4b2822,1e-05
10096,train,19bc0167064ab0ca,4343,bde7f6,1e-05
12600,train,9e3d37432464ef51,3590,22d1f4,1e-05
7508,train,749f3ec98e2f6733,265,d3a8e2,1e-05
10562,train,fce2c42684d4f93d,11609,673730,1e-05
13357,train,38d02fe1e5bbc329,14572,6a2f8b,1e-05
1098,train,20ce39b595c2dde8,6817,727fa6,1e-05
9681,train,df5582881e0584f2,9452,3eb2aa,1e-05
5933,train,61374f2e1692fba1,4263,1c8fd8,1e-05
12503,train,c21b845d9bebef2e,6590,38465f,1e-05
7524,train,9b2efa1e67c3a6b7,9,4bf473,1e-05
9077,train,46ee5f31a432b265,11310,02234e,1e-05
3060,train,a8731d74d5ed14d1,12276,852351,1e-05
13438,train,af21f85448c8197a,12529,3dbab3,1e-05
1743,train,74f11f164b309941,2494,91bd95,1e-05
10890,train,29f06b69a384d7be,5229,cc3ac1,1e-05
10,train,8fcd230f11b8d628,2587,eab711,1e-05
7533,train,4f30f18488fc1d52,8161,e1faec,1e-05
4010,train,c0bb05056c170b34,4419,b5d737,1e-05
9685,train,4ec7c7f3d29c55e5,2831,03b98c,1e-05
14050,train,ea988e766539fb18,6582,285984,1e-05
11166,train,80525b24e3a9693c,1358,83a826,1e-05
2111,train,a28c4af194b69cc2,4037,e7b624,1e-05
12597,train,c46a789c775c1b27,13672,8344af,1e-05
12053,train,f1133eab79976108,12774,9403ef,1e-05
14513,train,418f9fa3741e74a7,5418,6535dc,1e-05
3761,train,0bfcc9901c59d527,11549,a39fcf,1e-05
8264,train,1d30200f82e2ab9a,7769,dbceb4,1e-05
5604,train,9440f3612c0a388a,13425,109784,1e-05
5791,train,536b97d91b0e2c57,10613,681fa0,1e-05
11243,train,c8c589b7b90dc139,10679,708e3c,1e-05
1002,train,e0e53e0bdaceee6c,14344,729b97,1e-05
576,train,c1fef638257e6874,11123,8d152b,1e-05
4889,train,4bddd9ff0a4163f7,7159,cddc81,1e-05
14078,train,6966487e1d71d19f,2467,f9c0d1,1e-05
10742,train,6222ebbb3592c2f9,11634,bd9914,1e-05
3051,train,799f2e485440ff42,7737,b6e8de,1e-05
2919,train,f6f0ece879b7e5b6,7000,bd0719,1e-05
9911,train,d761819e24acc33a,8617,3fd10c,1e-05
14722,train,c995d5b92b2fa825,7180,05e319,1e-05
2990,train,6ae51b7e0284541b,7792,a0e146,1e-05
1939,train,48775fef2bd163df,2641,d23e00,1e-05
11726,train,d5416b821d450c92,12681,3f25e7,1e-05
4178,train,b9a792c96c3f28ef,4561,62dbcc,1e-05
12759,train,c89ddfb934791029,11005,3d2e90,1e-05
7403,train,c530bb8935ee00cd,5959,751609,1e-05
12068,train,f5ea6f526aec1e0a,1538,35cc03,1e-05
11363,train,bca25c7dd04f4d8d,2219,75a198,1e-05
1838,train,e16ca051e712fb03,11569,9dca94,1e-05
1112,train,04db1c4aa5a60876,13509,27eef0,1e-05
3008,train,d2744f5e3c5d424b,13644,3c2382,1e-05
6733,train,622099a52b4232ff,11827,a6b43c,1e-05
10200,train,045c5668029ea3f3,11142,f8d5e7,1e-05
7861,train,3dc6c21f34636edf,5847,f27d32,1e-05
7353,train,c3ac0d628841a902,1819,20c081,1e-05
5094,train,95a3c7a487a75b3e,3410,79184e,1e-05
9539,train,f7e4b6a3fd9c7498,14447,f8b66c,1e-05
5224,train,3b6354aa344a2952,2962,d5ff0b,1e-05
1768,train,55b303bdb5da2dd0,21,6c2968,1e-05
7302,train,69e149419efeb729,13181,665765,1e-05
13283,train,03b838539bbee0b2,5296,0e6dbc,1e-05
3846,train,78ac45f3d46813ef,339,d8819d,1e-05
5462,train,3a7bf592ae400e6c,8880,186373,1e-05
10906,train,ee939dfd5b58eb89,8314,371c84,1e-05
7388,train,35674e0eddf43338,13763,2fb8f2,1e-05
12861,train,ae9f17b827e07553,5737,671f8a,1e-05
6940,train,c2e24298195a9fff,10272,a91a4f,1e-05
14299,train,c63c961e8b279661,1233,0bae67,1e-05
11720,train,7d60d787bd0b69cb,9525,da13d7,1e-05
5831,train,2da97f8cb3b3c9da,2441,66ca6d,1e-05
128,train,7d718b21661da6d4,13630,1b04be,1e-05
7613,train,b75675f44e773f71,13288,552f2c,1e-05
4599,train,8456e12d5875fd74,2804,17b85f,1e-05
14428,train,6737633f45adc948,3363,79c7d5,1e-05
9219,train,4d0bcdbf4d9f1e60,7093,e2a607,1e-05
4371,train,758e953699a9790a,2040,821a67,1e-05
10158,train,d1f5bda5cbb55091,9494,2f1b62,1e-05
4413,train,0d8089f6a85b68df,1953,e88fc4,1e-05
13203,train,d2aa9c57478712d6,8041,55cd13,1e-05
6219,train,b61f632d08bef8fe,5152,8a5e56,1e-05
1,train,a86263f4fc90b578,1079,38bff4,1e-05
7863,train,cfeaa7b5ce961d7f,3190,a95e21,1e-05
659,train,adfdb7f19912b181,8012,409cbe,1e-05
11024,train,5061630f9c5842a0,3174,eb08e3,1e-05
6260,train,dd7c78e5e840c39f,3652,bd241e,1e-05
5220,train,2bd2d4edb0a220e4,5661,71518f,1e-05
11678,train,39bdff5ddfeb4947,10082,7f0a5a,1e-05
10224,train,b6872dd4014c911d,2107,fa70f5,1e-05
511,train,7cdba0d64365cca4,8832,ebfb5f,1e-05
2480,train,b500f113936fcb67,12374,179b97,1e-05
13355,train,f90089a7d20d8774,6691,c8c71f,1e-05
9360,train,c9745d3265e34ec4,5386,ef5b58,1e-05
3416,train,674811e310c3327f,4194,d71c2b,1e-05
1042,train,2fda83c3275adf1f,718,eff71e,1e-05
12562,train,6a334c3571974224,13809,19dfc7,1e-05
9326,train,bc29ed9a87b1b6db,107,e58d41,1e-05
10394,train,4fc74d23e3635d5f,368,5cdd82,1e-05
4537,train,09ed44360b5c0458,864,f20251,1.1e-05
13969,train,e56592dcb6682ae0,5161,16e7f2,1.1e-05
4150,train,e315a7443a6502d0,3049,fdce79,1.1e-05
5228,train,97845fcc0b3b2134,4899,bc0a0b,1.1e-05
13264,train,a94a9c64ea97dc1f,6511,d06ee6,1.1e-05
6968,train,0d0942a1b172d8f9,6851,966486,1.1e-05
8638,train,0732efc166a71d52,6626,934621,1.1e-05
2322,train,d1e92f5a45b74b2c,3270,1ebdaa,1.1e-05
5851,train,a00ab58297e7a64c,3389,f65cfb,1.1e-05
11,train,2c37efc18af99462,1029,19d4b0,1.1e-05
12433,train,6fb21e518ba02131,4283,2f96ca,1.1e-05
5369,train,53a7039d7403fc84,9991,a11455,1.1e-05
1277,train,37e913caa13d43d8,1535,88eff5,1.1e-05
9083,train,19a51848e208fe73,14472,a2221e,1.1e-05
1249,train,b982b819d2dbb544,9124,70469f,1.1e-05
7491,train,25771cebc9ba640d,12216,734e0a,1.1e-05
10206,train,bcc6ef07932aff3e,7857,426ead,1.1e-05
14848,train,3cf6285f44bd3535,2654,e859bb,1.1e-05
3928,train,9aedd14ba17117f8,3310,b6dca2,1.1e-05
8345,train,eaaf7a0fadb67aa4,5930,d8d6c7,1.1e-05
3154,train,20fa38080cdd89c5,4536,f6311e,1.1e-05
14285,train,3130c0ba55450a4c,6614,e74dac,1.1e-05
10858,train,c92d85ce7c0d061e,5237,8cdab1,1.1e-05
7900,train,fd7ffc993952dce7,14272,94e15c,1.1e-05
6445,train,64e8f82545911a2a,14136,caffca,1.1e-05
10344,train,0e168e0b53b84075,8875,809248,1.1e-05
5562,train,f55c5e2ec1d9d3b4,4741,270ac1,1.1e-05
11381,train,e69c932ef1069fa1,7822,2d5ddc,1.1e-05
347,train,10c9a95182acbc91,13931,36d8a6,1.1e-05
1488,train,ef12bc7d264a9f4c,11993,7d6d36,1.1e-05
12482,train,ada21981493053c8,4784,f39de2,1.1e-05
6494,train,6d1e17b326c9faf7,13910,1490b7,1.1e-05
13430,train,50295930d7bb74fe,12498,5a9f4c,1.1e-05
5386,train,223db01876a13a4b,8152,36e997,1.1e-05
1464,train,03cc69127c7fbb34,13602,0b8dec,1.1e-05
14002,train,4990cb97a528b2ea,7714,993d58,1.1e-05
14526,train,48440df42dc6d125,9421,c6c6c8,1.1e-05
4560,train,d1ccf258cdbb92a5,1916,5d0051,1.1e-05
12145,train,b59970ba4138a887,8304,0ad650,1.1e-05
5488,train,0db5074ac91d2d63,721,fd9a8b,1.1e-05
5589,train,2315d1205a20a00c,1337,8e10bd,1.1e-05
8013,train,8432eccf2b74a51c,8063,a3ae34,1.1e-05
8382,train,1c20cf47832ac972,6516,4b33f5,1.1e-05
3793,train,79c3ccbc4c0248e5,5346,ff8b4e,1.1e-05
6645,train,e3e53e51f5bcbf51,7587,bea79d,1.1e-05
9933,train,5e75c724f4b9d402,7988,faa151,1.1e-05
9355,train,9540710e712c7aa8,761,fa88f4,1.1e-05
2815,train,65d14f8c13e9f148,11663,2fd496,1.1e-05
1775,train,dd69bc625f876d60,10252,60926b,1.1e-05
12986,train,e1f00b37fca6601c,10304,fb7012,1.1e-05
5483,train,3eee254d65fd19d4,6571,2d7017,1.1e-05
3824,train,b77628637533d14a,13116,d66084,1.1e-05
4441,train,a417b9ea05e706b0,2267,e2338b,1.1e-05
9432,train,78992679c639d557,2020,798796,1.1e-05
4225,train,ba5c94aad70c3117,5505,485867,1.1e-05
8780,train,18e330ae3888bfd4,1025,0acb89,1.1e-05
4578,train,c7f4b742fe281bd0,9233,ec7587,1.1e-05
3661,train,1ff3e344afb83db0,7922,3c186b,1.1e-05
2554,train,948e75f6c320104f,2037,af6017,1.1e-05
3675,train,1ea5e5283fd97811,14534,218af8,1.1e-05
3307,train,1ff2977c64947ab5,1157,34deee,1.1e-05
10353,train,7568a6f508369a93,685,bef37d,1.1e-05
3294,train,937f5922bfedb050,6653,a9df95,1.1e-05
4858,train,dc6d2db1a6bbf189,14306,66c951,1.1e-05
13393,train,53b581e35950c310,4537,69fa04,1.1e-05
10651,train,119421774d2427f0,14073,00671c,1.1e-05
5159,train,cec1d946ee72d1aa,6273,f88a18,1.1e-05
14361,train,251768e5ce682746,12745,61346d,1.1e-05
12181,train,90005b1f9f5f0c9d,8707,0d3157,1.1e-05
9065,train,274ed9e0afa09e1b,7163,d25004,1.1e-05
9372,train,ff9fad8e49f563a6,3932,ddc179,1.1e-05
5032,train,492e84124b82a4a9,1578,538dfb,1.1e-05
1118,train,de5d1a92bf9b5f75,1788,70c5c7,1.1e-05
13628,train,806db3d958751784,11370,bb503a,1.1e-05
4216,train,0467f6a76c3de624,9818,7dee6b,1.1e-05
12676,train,9bcc1ec8e831ca06,10353,a63b3b,1.1e-05
2122,train,ed2d5d7cde52ee27,13294,635f94,1.1e-05
5747,train,c736d959805fe662,3252,354a55,1.1e-05
9997,train,531049b0ba6a7192,9965,c563f7,1.1e-05
7156,train,be285bac9b3550a5,8459,7ae69a,1.1e-05
11080,train,7dfeb9b32262cf7d,10650,2f38e9,1.1e-05
7938,train,3af2cb97c4c5f7e6,7140,d543ae,1.1e-05
6896,train,2980a9053fbecfbd,14236,a09b8c,1.1e-05
1969,train,8a8c07b294ef950b,6241,bc674c,1.1e-05
2733,train,94df33a1a36c32cd,1040,1b6a0f,1.1e-05
13601,train,685fb732819b9fda,12497,fa3345,1.1e-05
7150,train,5a0681492a2283cc,9523,5705b0,1.1e-05
3280,train,27cf63a661d1898c,6985,e8589d,1.1e-05
13434,train,d0e7004517d3bb18,7122,b81354,1.1e-05
5219,train,a94f275783b43c55,5730,84a66c,1.1e-05
11427,train,852c760f2e981440,12744,3cdf5d,1.1e-05
12205,train,cce044f5fcca522b,1258,4776fc,1.1e-05
6434,train,909b7626684b40c0,11051,062bd4,1.1e-05
588,train,39593d06ffb5eebd,6907,42b286,1.1e-05
4097,train,6cf8d113fb757983,8501,dc79a3,1.1e-05
13362,train,58cb2c4c30f4c32b,12082,f47ef1,1.1e-05
9425,train,24620f6caa0614f7,9022,2509c4,1.1e-05
112,train,f6da0c8f6c789b23,9572,f0efc7,1.1e-05
11415,train,db248615cbfb2a5d,12802,6df552,1.1e-05
9029,train,62b2dabd0c5c0397,9547,22a00a,1.1e-05
6535,train,7e4ad871dfcf9721,10942,872d2d,1.1e-05
2286,train,9a67b87ed4f1f706,11003,61beae,1.1e-05
1672,train,74661d3b5ff6ce61,13046,8c0e1b,1.1e-05
3998,train,22976b2f1955d91c,12937,cb9c6c,1.1e-05
8435,train,aedf91e590df3517,12246,384017,1.1e-05
14600,train,24b3fdcfc5c252cf,3147,9ccb16,1.1e-05
8484,train,198da2862599336e,9203,b1bc1f,1.1e-05
2691,train,9c23f223bb10843b,5082,702851,1.1e-05
11698,train,83dac37ac876ef43,556,64f48f,1.1e-05
5196,train,21a736c647fb2ede,9766,d383ab,1.1e-05
13606,train,4b55f148b5ece50b,13543,29dc35,1.1e-05
8408,train,685811c85973ca3b,13180,76c975,1.1e-05
7005,train,47d224e5a6b6039a,2721,7e8e3e,1.1e-05
6071,train,8c99e94241fe502c,11573,19bb1b,1.1e-05
10710,train,c255d77d3aef7863,3070,51ec29,1.1e-05
13559,train,f40dec29d0edd5bd,3984,1b2ba0,1.1e-05
7994,train,3f0f077fd1236be4,11154,20507c,1.1e-05
12882,train,5858a3f6f7678ba6,1318,cc0b8a,1.1e-05
5337,train,3e21f4ee833eeff4,9368,cf1c2a,1.1e-05
5961,train,88758ec5c46e0130,9980,58bd54,1.1e-05
7347,train,b9c66f4d05320b7a,10621,309884,1.2e-05
179,train,79aa1a4788df4769,1452,f6816d,1.2e-05
8525,train,15eef60e6c51b60c,14129,a45268,1.2e-05
2794,train,63fb245b481e9877,3531,6d59e7,1.2e-05
10537,train,1aa8c5224ed779e7,14029,f91a8b,1.2e-05
13531,train,e4e41ccd6b8cd205,13012,9d8e4a,1.2e-05
1022,train,59dcf9087165f812,7554,e8fb31,1.2e-05
13685,train,58e12d9194669e7e,9771,f4d4fa,1.2e-05
6970,train,256d3d034e0de5ed,6207,2dc775,1.2e-05
9073,train,f9598d474a4271d2,13649,701926,1.2e-05
2627,train,61d7c1a594093945,8466,93ca96,1.2e-05
5980,train,50bec173f05ae8b1,12,85a9d4,1.2e-05
3625,train,8e1cd4d788bad869,8796,614de4,1.2e-05
4928,train,64b8f4c4ea18d9bf,6201,ef96f0,1.2e-05
14094,train,f7aafd768a752ea2,435,4ae2b3,1.2e-05
3902,train,cf78ec648ed7a7be,1726,d106fd,1.2e-05
7780,train,8091f15a051ece63,8192,c2f165,1.2e-05
9255,train,ee726f453b2af763,13449,5d9c3c,1.2e-05
10679,train,8bf1ce32c633ae9d,11513,0abda9,1.2e-05
11278,train,ba4183fa66115bb1,7196,b2ad8d,1.2e-05
11889,train,ec72642b63cc27bb,7220,c84de5,1.2e-05
13179,train,43fecb2d1f8f4bf9,4064,111bae,1.2e-05
5977,train,f02dac501cae0a19,8100,0ff7b1,1.2e-05
12306,train,b25a1b081a51711e,871,cd9af5,1.2e-05
8111,train,80221702dcafc3b9,6218,e5e581,1.2e-05
4716,train,db2f587e57cad077,2506,c5bf2a,1.2e-05
8202,train,69b9b79aa5ffba11,3857,67cda7,1.2e-05
2966,train,e0b6e0afe8f0d20e,7914,76ed19,1.2e-05
10657,train,86496385c29f2cca,14276,fb3525,1.2e-05
3065,train,3a66563dd82318ae,6108,a04fe9,1.2e-05
12452,train,13795d4e8c87adbb,2874,df02ad,1.2e-05
10121,train,e68f5bb7a30f83ba,4525,328b24,1.2e-05
8357,train,442032d6bc3bacf0,11576,48d793,1.2e-05
10555,train,48e331e6c25c315b,9240,1e3450,1.2e-05
9473,train,f4cf6679e9e89c8d,3078,082ed8,1.2e-05
14620,train,a6f85e399dc11432,14537,2b6a71,1.2e-05
4978,train,61b3d50e9000962f,12080,80a848,1.2e-05
2053,train,f5ac1ecb8e12e026,10262,e09dee,1.2e-05
8490,train,f49da3aa3d39318e,4683,f55865,1.2e-05
2353,train,bed3eb2b37f64727,938,39ca75,1.2e-05
4227,train,3f9b91badce6679e,4251,ae25c2,1.2e-05
13166,train,9243e785ee2f8666,287,6e2872,1.2e-05
1240,train,873e6e1f65da8610,1986,1026e8,1.2e-05
6397,train,18bb2c90225ea093,1607,1332bb,1.2e-05
14393,train,506c99d5f08f9d1a,5290,fdfee2,1.2e-05
4412,train,5bdf051b5fb5c3f2,9216,b8d3c3,1.2e-05
8841,train,5fcdaef01546716b,4913,cbb766,1.2e-05
4752,train,629aa2d1804c6f53,11400,ae4261,1.2e-05
944,train,8983c1c8e4644cce,4109,3e4bce,1.2e-05
2853,train,331be932e5e205d8,392,b48b55,1.2e-05
6974,train,fa50e2ee4ba5f429,12282,0eb60f,1.2e-05
5691,train,463afd618bfe627a,6113,0a07c8,1.2e-05
8788,train,7442aeae1238791d,11553,583b8b,1.2e-05
5669,train,8b6ebaa8c4d399f7,7597,16ec80,1.2e-05
6987,train,2bd792af79a14256,679,e957a9,1.2e-05
9447,train,479ec96c74648241,12268,08f28c,1.2e-05
12430,train,8fd04edac8627f68,3820,2c379b,1.2e-05
7577,train,44cb53e50cbfb03c,3391,972f16,1.2e-05
4247,train,0823aaafcc8f422d,9210,3b4dcf,1.2e-05
12542,train,3f345a0a4fc2678a,4787,d7674e,1.2e-05
10531,train,1dbcad9182f4ad84,631,c7a326,1.2e-05
8109,train,1d494bf626905070,11478,389517,1.2e-05
13432,train,1257c3e4fd03b052,2132,d1581d,1.2e-05
5212,train,c071e12adadafc51,5425,63647d,1.2e-05
1457,train,39b79d76bbf704d9,13518,fcd0f2,1.2e-05
3554,train,42de4bb737d9c0cb,2474,87e9ab,1.2e-05
12161,train,e01578bf8c0fdc23,7895,0761ad,1.2e-05
10186,train,46b22e1edf8d8e55,8689,a84a34,1.2e-05
5311,train,5e8ce45ee3e18778,5222,c5b68d,1.2e-05
1206,train,3eb530f4e0ff63ec,768,02ddc8,1.2e-05
13026,train,b56795802b71a3c3,12596,94e265,1.2e-05
4614,train,253c2f9ab423fbfc,2114,967ce4,1.2e-05
4932,train,99ea6ad5f9ad21fc,11185,3c1772,1.2e-05
9873,train,ce2b3c445619c339,10052,3f5545,1.2e-05
11507,train,7eacfa7017a3eccc,7989,6a270a,1.2e-05
1629,train,1bcbeda9125f5678,7677,0a99f9,1.2e-05
8084,train,51ecf5e4eeb7f4d8,8570,9f36fb,1.2e-05
8834,train,2ac1ad177ad67e52,10776,ce21a3,1.3e-05
10913,train,ef5c97c2dc6827b5,6888,77fe62,1.3e-05
4990,train,1168dcbb0af5946b,3847,4c2ee9,1.3e-05
11530,train,cb4279b6255efa2a,6918,e94f38,1.3e-05
7916,train,c2fd9224507968aa,7975,ee8ec5,1.3e-05
13031,train,254fe3203ef306c2,13446,1c62c2,1.3e-05
2367,train,2ed50ce9891b633d,3711,ab219a,1.3e-05
4244,train,452f869bdb4d4521,11026,a9c2c0,1.3e-05
9574,train,e95a2b5f2fceec42,1563,089062,1.3e-05
7964,train,ca86eb04414dd72c,10833,6cfbc9,1.3e-05
9850,train,a3e0045230c4bf14,14188,a26bff,1.3e-05
10137,train,5878bded79cf8bbe,4351,9ca9ea,1.3e-05
7264,train,8ee3997ebe036bc3,12943,62eb52,1.3e-05
14071,train,9e9a36af0e98ab53,9017,e8b196,1.3e-05
13877,train,bcbf6d025fd3c9bc,3111,9f0af0,1.3e-05
10321,train,c810cb4331ea8113,1450,bf5107,1.3e-05
5198,train,90923e927448582d,13375,5bdb33,1.3e-05
3892,train,dd1baa9644ecd844,7662,da7365,1.3e-05
13440,train,2c91faf95f6213b3,8666,fdc2e9,1.3e-05
14782,train,81c5f5d0e7e1acf9,8611,7dba99,1.3e-05
13765,train,c2b78d5ae8872896,6499,207d7d,1.3e-05
1119,train,5656650eedf573f9,3153,0c6aad,1.3e-05
9756,train,520d29fd23757375,13486,0a7b4f,1.3e-05
11683,train,eb5957220e4a95ff,12230,15bd9b,1.3e-05
2727,train,b23b3f694f9b1cb7,5537,30e1bd,1.3e-05
12923,train,4845b82dfbd0e03e,4736,4b25d7,1.3e-05
2648,train,c6b25bacc138191b,449,4341dd,1.3e-05
1524,train,9ec6e9efde5ade23,12978,0eba2a,1.3e-05
3742,train,0648ce7aa1926d17,2507,7bcfe4,1.3e-05
13670,train,0a12c9fee73e8274,88,124d57,1.3e-05
10245,train,cc0914b6cda35593,12201,ffbc37,1.3e-05
1634,train,f460e576b0e04299,4543,21a4ba,1.3e-05
13767,train,063fa310680bd6c6,8488,0757f7,1.3e-05
1278,train,1bff25cb92a5257b,6927,8d82bd,1.3e-05
7810,train,2b6aac135db210a3,6017,abf4e0,1.3e-05
4447,train,57e50267922a8aa8,10147,e5b694,1.3e-05
3299,train,25ce0ebfc60a7c90,13551,2ca8cf,1.3e-05
1600,train,44c7a9218f6f17d3,7565,5384d0,1.3e-05
2075,train,aba6a66448092f7c,9554,0a4069,1.3e-05
9166,train,01410c2b41c2654d,3269,0de714,1.3e-05
7679,train,864c7e38cb8a23d3,3249,741f70,1.3e-05
13651,train,bc5c7dd92228eea9,8355,7bf781,1.3e-05
12317,train,0656abb8e15d74d7,1282,c5cd22,1.3e-05
6544,train,60af3fd31fc555fe,2596,fe93b1,1.3e-05
3883,train,c9fcb1757e7e05a7,11710,d33e2d,1.3e-05
11625,train,4147b3fa02d52b33,1086,4542c6,1.3e-05
13502,train,8bd1675f671ceeab,9618,3746ba,1.3e-05
6960,train,fe8e9cb291fcd0ab,10859,e41b55,1.3e-05
5015,train,831de3b43b24f0ac,716,ce36e1,1.3e-05
12158,train,92737b2fbd95ee40,14014,d565d8,1.3e-05
7323,train,8f473109f7d7f24b,8748,1abc97,1.3e-05
2054,train,7b3f99ca78cbd736,3030,e59f31,1.3e-05
1289,train,de749b8a2b1474e0,11085,b57bfd,1.3e-05
12850,train,a7ed92cd6c53a170,12154,d434c3,1.3e-05
12516,train,f5e1248c9af2daf1,9913,d728e7,1.3e-05
3782,train,4c6f1f0a0fae5d97,3616,081584,1.3e-05
4135,train,528df46e10a3cf69,7058,16f752,1.3e-05
4619,train,9d9068163a1552ca,14253,1d1d8c,1.3e-05
6886,train,64f7ca37795da6ca,1703,a7267f,1.3e-05
2795,train,65ff955861a3c5b0,6423,735a74,1.3e-05
4180,train,2de38d21f4f483fa,13370,ac1c4e,1.3e-05
4618,train,53e261c207663002,7434,ca30b7,1.3e-05
727,train,3c3480ded86e474d,9864,18acc1,1.3e-05
12627,train,97d83ae92d4938be,12690,166e08,1.3e-05
508,train,2410c3530bc2395c,10309,46751e,1.3e-05
3979,train,576eab8565ea2706,13575,2d912d,1.3e-05
1189,train,9c3c6a60554ac397,8250,b1f2d3,1.3e-05
14196,train,74db8853601b953f,10966,03ca6d,1.3e-05
4064,train,7169cd5691f243c8,11925,8df632,1.3e-05
8431,train,f2e6e701bd40819d,633,968875,1.3e-05
8962,train,abeecb6884439d45,3162,4bb8df,1.3e-05
8642,train,fb61a163c24179ac,7835,67c5e9,1.3e-05
4943,train,308d82705bb6eb6b,8616,4a7740,1.3e-05
12125,train,ddc2b6553517f925,4560,53ba82,1.3e-05
4308,train,112f95b38d1be7c5,5846,7814b5,1.3e-05
7935,train,74aee9ae17ae9e73,8299,9979ba,1.3e-05
7282,train,92aafeeef1371970,1047,3db746,1.4e-05
10020,train,158c7a075876d64f,230,23c781,1.4e-05
8385,train,ede694dd18b1edac,4059,0c05f0,1.4e-05
14888,train,9d420694cd65eefb,6839,a255ad,1.4e-05
1564,train,aa3f7a7e698534d9,1182,9414a8,1.4e-05
173,train,bf5f39f1dfb05fff,2953,b59782,1.4e-05
6449,train,2522c4546dd76ba1,13125,7d0e34,1.4e-05
9516,train,9759189466d23ebe,13525,984c3e,1.4e-05
12560,train,224770ac3ef6f606,5552,ab992b,1.4e-05
6186,train,c04ea5bbcd7b3455,2903,3be552,1.4e-05
14409,train,9d7ffdabaebe17cb,10009,a17f5a,1.4e-05
87,train,f6a2486a4baef8fd,10330,d68398,1.4e-05
7338,train,84007e36224f6e91,9001,af4233,1.4e-05
96,train,65e3b7391e6454ef,12920,7b24f0,1.4e-05
4939,train,d94cc9ad85de65c8,6847,733f07,1.4e-05
9253,train,bdddf9054d54231a,10255,4632c0,1.4e-05
8905,train,5de0ee0d75151bbf,11648,2f1010,1.4e-05
7091,train,01fdc359a699649a,2554,1bfcf9,1.4e-05
8256,train,646a6c39169ebb2b,13643,897d79,1.4e-05
14773,train,284389298740d76b,9582,ffb823,1.4e-05
8198,train,6fa2cc47e35a8e86,12853,b84041,1.4e-05
12995,train,cd17b3802906532a,383,4e1c51,1.4e-05
1100,train,4974045bdc0c7eca,3495,72f7b5,1.4e-05
11282,train,86d17227f02b47ad,9318,78c01a,1.4e-05
11744,train,9582b81017f47dde,9858,0e5cce,1.4e-05
7890,train,6661328c0a147ce3,10111,7932eb,1.4e-05
8269,train,390d808e1d3cd0fe,9671,70fd51,1.4e-05
11245,train,b30e68452b1c99f5,13269,8fdfd1,1.4e-05
5482,train,427011d4cf5ccf48,4955,311d85,1.4e-05
6181,train,63345f5c28199886,12862,61002d,1.4e-05
3980,train,9de45e245c92b06a,13868,fddb62,1.4e-05
14697,train,bd50de5d26fa9080,5646,0164fe,1.4e-05
2410,train,1a5ef41c97208d5b,1838,36c2de,1.4e-05
308,train,7a5a0cbd4bbed96b,757,9e6573,1.4e-05
7220,train,4ed33df9c6c5a915,12160,da6dc3,1.4e-05
5616,train,c457d012d2a10c37,11105,ef53a6,1.4e-05
9776,train,0a9db0c858c974f5,13958,b4f63e,1.4e-05
14737,train,a26abbb4e55dc983,6820,dc48e8,1.4e-05
3626,train,43f62bda48799f9b,6895,82bd6f,1.4e-05
5456,train,bb148aa1b1e5a396,4227,b68e5e,1.4e-05
12673,train,c14f9cb44a446f48,13749,048d85,1.4e-05
533,train,1ff47702ecb14e43,23,6d22fd,1.4e-05
12593,train,f01703759a2bafc9,9342,fafd5d,1.4e-05
12293,train,c700519e0ea3078e,4508,7b0c80,1.4e-05
14288,train,8dcc4f304da751d9,11867,c0ec80,1.4e-05
2300,train,9f6450b02b253060,6965,0b6cea,1.4e-05
4840,train,e8e4d6d9672a0cad,13658,8410db,1.4e-05
12050,train,f21e543e56ad4a11,6255,47f18c,1.4e-05
12116,train,ee7e45541feaf89b,5883,385c64,1.4e-05
10816,train,f101aac58a7c239f,13561,f59a27,1.4e-05
13030,train,bf571d1f25a2cedb,9158,68601e,1.4e-05
818,train,3a7ebc1e7c79ab01,5562,e886ef,1.4e-05
4921,train,3ee2d0e1c145c439,769,411555,1.4e-05
12523,train,c49b10ad6bc24228,14187,96d8d0,1.4e-05
2709,train,4787e3a2ea163969,11362,73d8bf,1.4e-05
13125,train,28a2ce297a339f7b,2530,815242,1.4e-05
10837,train,b14abe960fd07ffd,10425,749d71,1.4e-05
12406,train,ec5244dbcd9647a0,12053,084fba,1.4e-05
2344,train,b89d8bd944a6b720,752,a8815d,1.4e-05
8244,train,1030a7077e7aae64,3982,a1d363,1.4e-05
840,train,c5e7f656c8f962d8,2623,9a4973,1.4e-05
7408,train,6cb4eb6b7cc9d346,10475,064fb8,1.4e-05
13847,train,5aed0ae81f2edf24,7876,deead7,1.4e-05
9419,train,1f111632eae3da0c,528,e4e231,1.4e-05
3754,train,ef63297c794f4eb9,14366,9810c4,1.4e-05
4280,train,bfdbd6e1f2066ceb,4296,19c0f2,1.4e-05
11385,train,db670204e27ea163,12812,f06f2f,1.4e-05
14835,train,75b55efeb16beb48,4567,ad26a9,1.4e-05
9356,train,bba55c9e1224b6cf,1697,e76107,1.4e-05
8595,train,60be5d6b6cf93629,7466,b2a836,1.4e-05
10614,train,c4a3748506ac455f,9155,95e0de,1.4e-05
2910,train,bdd604678174a8c8,7860,c49c46,1.5e-05
9343,train,93e0d86d1c08cf55,7670,a79aa0,1.5e-05
1427,train,9f10c626873f1566,9754,e18737,1.5e-05
9496,train,4677f76882aebe6c,10005,92a17e,1.5e-05
11234,train,884c96f6c83db7b2,3069,dca9eb,1.5e-05
5739,train,509325160e970ead,7837,96880f,1.5e-05
3224,train,1adb7a8949cda52a,917,1596d2,1.5e-05
8611,train,13e33009db2ef5b3,3488,566569,1.5e-05
10630,train,c1271853f2e45d6a,2011,609152,1.5e-05
5652,train,e8af79251974c991,2072,615338,1.5e-05
2289,train,81af88b4f14c99f9,10785,62be75,1.5e-05
5883,train,5dd1d4708a4bebd6,14281,cd6d27,1.5e-05
9728,train,65888f981db3d052,5076,e9a1d1,1.5e-05
6790,train,9f9a86aa86c0099b,10074,2b089f,1.5e-05
1639,train,cb21052e77cf2a6f,12172,d2338f,1.5e-05
3659,train,cc4a6a71589cd199,3881,1691a8,1.5e-05
2618,train,97f148d1a2a333cd,10875,d6a4f4,1.5e-05
2150,train,601f0c920ce80a1a,13808,757a9e,1.5e-05
5132,train,e758f0389b5e1311,10665,f1cf1e,1.5e-05
9858,train,7c5a3334413e402a,11414,aff56d,1.5e-05
8068,train,246b93136bde678d,14189,9039b7,1.5e-05
9006,train,8bf3cb095297af31,4940,03a5c6,1.5e-05
6818,train,cf51a1ced37debad,13037,1a594f,1.5e-05
9682,train,7ea76d0f8f49638f,1582,6fe9eb,1.5e-05
5803,train,e6405e5ea19386fb,6892,cd24c6,1.5e-05
375,train,161c36571c27093c,3862,f7fafd,1.5e-05
5076,train,266b8f44d869db7b,11289,0ae642,1.5e-05
5663,train,84f53e883996b008,4040,d82e0c,1.5e-05
14447,train,841ac13b857bac3b,11372,ca6520,1.5e-05
10122,train,75c3f0c303b7c1b4,12697,556d70,1.5e-05
10492,train,67137f00fb0f4496,8760,71bef5,1.5e-05
8107,train,6d2ad6c640263d3d,10201,f24a1f,1.5e-05
5891,train,2d8296a584719a1b,10507,a8a003,1.5e-05
6798,train,bbc6b3bcaa21bf9a,5887,64b896,1.5e-05
9010,train,32d96f8118c836cf,4518,a16447,1.5e-05
3144,train,db6c39edc96c4ed7,194,b59a77,1.5e-05
3391,train,58958cbb97b1a7ac,1710,4dde07,1.5e-05
14908,train,840d8a6ca75d61d4,273,f8c761,1.5e-05
14504,train,02c55383b763bcf9,9046,7cd945,1.5e-05
4863,train,6276075d9a51395a,10882,78da24,1.5e-05
4748,train,f65e57b3a2c2a8b1,2448,96656f,1.5e-05
5008,train,bdbf612303d86b34,2800,05c322,1.5e-05
4322,train,2b980940dd2a61df,10975,daf499,1.5e-05
1801,train,bfc74d44ebd9aa11,7178,a70b88,1.5e-05
13016,train,7fc56dc0b6cb6f28,13587,593a09,1.5e-05
2380,train,afd7f5e74c599b36,12856,6ba523,1.5e-05
8491,train,cb5d3163679284ee,6595,cbe86f,1.5e-05
5450,train,cea4614a6af505e8,7510,52a853,1.5e-05
6561,train,4652260b98e7c0bc,2383,222282,1.5e-05
3960,train,f76c1267eaf36aa8,9859,f201e4,1.5e-05
2850,train,85fb724154a84769,9880,b58dfa,1.5e-05
8720,train,ed2f679285827aa6,12126,0e31b0,1.5e-05
12782,train,c816dd38f0c3f47a,1134,a0fe4a,1.5e-05
5650,train,82ad44a727e7aa08,1594,eb7dc6,1.5e-05
873,train,ef252a0065f50d99,2963,9f7a2d,1.6e-05
5955,train,440c7f29d6a46890,10392,d34db6,1.6e-05
4395,train,309f348655eadafa,12156,933222,1.6e-05
5640,train,1cdcb974e4a1d946,1672,72b739,1.6e-05
4837,train,5fabfed1b47057aa,13584,4c5803,1.6e-05
6471,train,96647adbdacf10aa,7861,e31ea2,1.6e-05
14274,train,7785083ad7798732,10936,8a9725,1.6e-05
6162,train,3971c24129b8d78e,6441,b06568,1.6e-05
4952,train,79d1897f5022ed02,11702,fdd24c,1.6e-05
4937,train,01e37b4959db2763,6345,b835d4,1.6e-05
7228,train,abc82ff4724f23a7,6831,613468,1.6e-05
7640,train,d1989e4a5a822210,4866,29cfef,1.6e-05
6415,train,ec91a2417d57856d,10809,d585c4,1.6e-05
2632,train,478252c34dd26204,3028,b8d380,1.6e-05
4699,train,739460d86eea1b9f,6652,6ea855,1.6e-05
7541,train,a841c65228c0b6a3,8518,1e6bd0,1.6e-05
3249,train,cca4db02caf1e893,1046,20721e,1.6e-05
1124,train,ec321d9f99ba800e,5113,5f5df2,1.6e-05
12287,train,a8af84bdf0fe206d,10871,921de7,1.6e-05
10363,train,f4c089bd87b42c01,12132,32ad14,1.6e-05
10237,train,7b6fc2f2a4b61f14,13621,1051a8,1.6e-05
8471,train,e4087e461ef49189,9892,03dba8,1.6e-05
7485,train,a39c3e95827f64ed,9977,51a602,1.6e-05
10424,train,b77d62d60be3ca01,6458,bde4cf,1.6e-05
6295,train,57e53003aea71737,4857,a4175f,1.6e-05
2467,train,29acbc174b30499c,10211,043837,1.6e-05
7020,train,8f41957478c2bbc6,10067,ff88c7,1.6e-05
13745,train,1c4dcc0fad946d84,8849,d1d16b,1.6e-05
13383,train,115f4e09e55de65c,7289,7a9604,1.6e-05
7643,train,f42f0f4729b673f7,1292,8780bb,1.6e-05
13349,train,9d84583ecd20fc41,8006,56bfc5,1.6e-05
14157,train,ae15d166654bb4cf,3395,1473ab,1.6e-05
760,train,bbd98a14fdf4a894,11805,c91789,1.6e-05
14209,train,a6848752199e39f4,14379,c647f0,1.6e-05
7378,train,defb21b56475bae3,2882,9f9a0d,1.6e-05
10591,train,abf1f178dd822515,4481,ad7d7e,1.6e-05
5625,train,e470adb049f43a6a,1702,26f342,1.6e-05
1469,train,d8cb2f282961b0da,13818,94eb4b,1.6e-05
9690,train,0c61da8fd08d6ce0,1925,b5d8a7,1.6e-05
3401,train,b63f74635ff50cf3,5626,2b977b,1.6e-05
4229,train,52ee1a3deeda3133,3607,ff3a58,1.6e-05
10175,train,5a8f87e35e03abfc,6454,eb5889,1.6e-05
3466,train,1c3b83461154e281,6369,891b83,1.6e-05
4909,train,fe77b9f0506686ce,62,d5353e,1.6e-05
13966,train,2fcbd067108b8547,10174,179e2c,1.7e-05
10047,train,fe82e081d82ba480,3672,0db401,1.7e-05
8019,train,315c8f2a46ce3318,7904,3c7b6c,1.7e-05
741,train,b0570229b9a179b0,899,0dd2fb,1.7e-05
2738,train,0a7235e661dc2dad,8381,89c4d2,1.7e-05
3696,train,94354f70d1887d70,4827,fa121b,1.7e-05
9285,train,00c41b4907a8e419,7127,f313ed,1.7e-05
12964,train,0b98b64396cdd3c7,13237,eeca5d,1.7e-05
11148,train,c3593c1445502649,4777,ccbf27,1.7e-05
8093,train,e7482a9f7604ef84,9918,858ec7,1.7e-05
12,train,35348148951956d1,1361,e5f276,1.7e-05
11209,train,87cf1b3cbffcb36d,12057,190d5a,1.7e-05
8099,train,365dcf89fc063936,6500,d6ba2d,1.7e-05
3046,train,cfc3dde6cda12afa,7054,c209d4,1.7e-05
3096,train,dc7427834763c645,13256,c3f55c,1.7e-05
13004,train,dce8ef38b2bb1118,5675,f57fb9,1.7e-05
6463,train,26ef6a6d4e588a74,388,1197ef,1.7e-05
5390,train,687aa9e5396a5e8a,10738,3610f3,1.7e-05
2437,train,6e4cee77425124b7,1268,32c661,1.7e-05
11988,train,f889b862d8f3b16b,5491,3d81ef,1.7e-05
4120,train,78d9ff12db20c47f,5543,7f0bb3,1.7e-05
3526,train,941da07dbfc25a0c,7264,6b9b37,1.7e-05
1771,train,eeab189e8d6adc10,3048,41c81b,1.7e-05
7843,train,b822b5fdc8d305a9,833,ac91e6,1.7e-05
10280,train,6729408120e050ea,13860,f9a62b,1.7e-05
12693,train,8be2647be45ac45d,13857,c046f1,1.7e-05
10275,train,1d1aae63649229db,3054,b214af,1.7e-05
11513,train,3ec779163dbfe7a0,5621,82c161,1.7e-05
14016,train,7cd6d06034c614a7,4099,04b2b2,1.7e-05
8838,train,15dbdac9058da3d0,146,c1d1c6,1.7e-05
1395,train,b2fd2a1ecdd66e4d,10210,58c4a7,1.7e-05
9174,train,07f627724d77d8fa,12703,8cb357,1.7e-05
3038,train,962a0bf30c847f77,7646,6d8217,1.7e-05
14841,train,3c074a1968a92d5a,330,1ab21d,1.7e-05
10425,train,b2df27e2a3ed4fe5,3499,d27d7f,1.8e-05
10193,train,576ed83e49e646ed,474,b7a805,1.8e-05
8760,train,404e1f20db6ab759,6696,f1729d,1.8e-05
3472,train,c473b14b11dde084,12353,30c8ee,1.8e-05
7967,train,b4a1220abc930bea,8967,1b15f2,1.8e-05
3940,train,6b8242100161bbcd,5217,4abbcb,1.8e-05
5662,train,7861e09ecf34742b,14521,d5d0da,1.8e-05
8567,train,2697cb646e3a14c6,11811,64e833,1.8e-05
265,train,7ff9d8a0ea973ee3,2542,aee144,1.8e-05
285,train,07ded0d07c55c86c,7925,462912,1.8e-05
13410,train,1decaa0af853654b,9348,04b82c,1.8e-05
4209,train,101b4e980e820dbd,7849,1aa97a,1.8e-05
7931,train,aa080b2ccf8b3c47,64,d775b7,1.8e-05
2166,train,db4ef0f36e34f011,28,58c4dd,1.8e-05
3483,train,9599bbcf63fff350,12622,c93af2,1.8e-05
12349,train,668c3ff92cf5ae89,327,30e81a,1.8e-05
5384,train,dbe759220677b14f,1827,b8aa0c,1.8e-05
10884,train,ff31f8ccffbc8544,3771,34677c,1.8e-05
11795,train,3a810b0272dc38a4,1245,f862b9,1.8e-05
3622,train,7f39118301dde2c9,4824,9adf0c,1.8e-05
7138,train,25b9a12b544abba5,12394,410bf3,1.8e-05
5030,train,39e2b3fcb80e1959,3949,52a3ee,1.8e-05
11260,train,fccd59e4b9f8c5a2,12064,ab0f9e,1.8e-05
6286,train,8d998ad9eb62a296,155,476559,1.8e-05
10666,train,dc9c3152dc870376,2951,9ba444,1.8e-05
6469,train,0ee954dc413c1134,4078,cc90b0,1.8e-05
13669,train,bcfca95cce2f79fc,7499,039ea3,1.8e-05
5798,train,18b0cdb334850b69,12908,d7bb59,1.8e-05
13299,train,dc83ed8733ec3ecc,4076,785705,1.8e-05
4687,train,725a084c81de8348,206,f251cd,1.8e-05
14263,train,56de25d112aba25a,5204,134120,1.8e-05
12832,train,9d10c39227b5413a,4766,e0b44b,1.8e-05
1759,train,8b4c21c17e919441,5228,3afc3e,1.8e-05
5261,train,d0249396f7eb1e4f,2801,816927,1.8e-05
14419,train,5f363faa166ff334,11696,8229c0,1.8e-05
11647,train,fdbf409222d8bc01,13144,ab1869,1.8e-05
5687,train,e055fe2db81ed261,13612,5c8b15,1.8e-05
3482,train,80ab77c24346b60a,484,218e23,1.8e-05
2024,train,aa21920b07a0396b,12106,508ba7,1.8e-05
3831,train,240750bc49ffc980,7053,8d6765,1.8e-05
8103,train,4b243c65b514c09f,9651,51bb57,1.8e-05
11214,train,3ebbbaf9e5bebc13,10341,4a9d77,1.8e-05
10066,train,fec452e2c89223ca,13437,b55b73,1.8e-05
12892,train,7d9d5b748a7977dd,14270,eba92f,1.8e-05
8210,train,335b6ad3bfde5136,12047,953ba2,1.8e-05
9190,train,800a60adb92bfd94,2150,a5b757,1.9e-05
2588,train,e8bb0fe34d9beefb,11198,733f7d,1.9e-05
12905,train,9ac2701bae449952,12870,9170f7,1.9e-05
3673,train,6f3975029710fee7,3903,8be382,1.9e-05
4409,train,2950604d8363ab0d,12505,2a7094,1.9e-05
14451,train,b02e65549c8e2d37,4129,f52498,1.9e-05
11589,train,77edf5cfb1aa2a69,568,70d567,1.9e-05
7231,train,18b18bccfcd478d0,7500,1d203a,1.9e-05
2877,train,81056546a27c9a45,2151,c14773,1.9e-05
2489,train,25a99d5e8e375e00,11653,1f98f4,1.9e-05
11689,train,6945bf1ad09dd585,1190,e48015,1.9e-05
14009,train,fc54d08678c94fc8,9736,1daabf,1.9e-05
13319,train,dc2a29c2c8a1d61f,5705,e6f673,1.9e-05
6104,train,a053131924818e7d,1832,274811,1.9e-05
14891,train,04ec6a83cb13c7ee,3134,7beebf,1.9e-05
21,train,b3dfe2dc7c0a513f,8279,78a17d,1.9e-05
6235,train,60c04f0cc87d5b18,4513,6314da,1.9e-05
11637,train,92b9b56766132c63,6348,26a9b6,1.9e-05
13596,train,dc2d81972c105718,11167,991dd6,1.9e-05
1009,train,2d79263d07cf443f,5620,4b9023,1.9e-05
4476,train,8f7b328abeafd917,13820,9a2b9d,1.9e-05
10143,train,8b4fa4ac974a736e,9014,4aa56d,1.9e-05
14634,train,4a4cb99374dfb106,5272,5622b2,1.9e-05
5969,train,3d20ef6e97ff3952,5063,a01fc5,1.9e-05
14580,train,04e952c423b2fa35,1446,ec9f3c,1.9e-05
10136,train,00c7583a875b26fe,788,0919f3,1.9e-05
4886,train,65f1a76bcf113511,5254,e45c07,1.9e-05
4046,train,83273beaa98383d3,8031,05cfc8,1.9e-05
5486,train,a66cc86b8600ad3a,1240,a15fae,1.9e-05
790,train,b3d4d01be7417626,4648,ac23b3,1.9e-05
4690,train,161acda385a7066b,1211,823889,1.9e-05
9554,train,4d00b8f443b8c958,8068,abc8d2,1.9e-05
2191,train,52a56bc044630cf7,11128,51564d,1.9e-05
10960,train,5a18ccba8b994bf2,8971,8ae6de,1.9e-05
13602,train,f4c60784a46b6868,2960,696317,1.9e-05
1477,train,e582a16cf598be22,12340,0190e3,2e-05
12700,train,9d5071f794ac2f94,5813,e14261,2e-05
4732,train,81ff5f0b0399948e,3818,527ea0,2e-05
3568,train,6f5ffd54b6730302,326,7c0b68,2e-05
7284,train,e22361ae395e5442,13326,3b1621,2e-05
9646,train,280afee171bb5d24,5854,9fa3bd,2e-05
12344,train,6a8c959faee3b98e,4810,cf32e4,2e-05
6347,train,58686f9e9e921c3f,7663,8cb5ec,2e-05
10782,train,7d54e15468f7e428,11519,4a6469,2e-05
14928,train,40cf896e6464f56d,1094,7d2155,2e-05
3968,train,cbccbc108e9a946b,1407,22697c,2e-05
11445,train,4fd9686597e3de55,10318,918ebb,2e-05
7936,train,8fd080f49566371e,2062,6ac291,2e-05
11943,train,8f44e211e5131ca2,11504,ce556a,2e-05
1323,train,745efb9dd8381167,2531,dab304,2e-05
2376,train,96d22fdf7554c2ad,3941,bafe4b,2e-05
5227,train,eaa778ef312e3262,8575,8d04eb,2e-05
9352,train,2188926b6c94e97a,8893,b1170b,2e-05
13398,train,11d77e0bedfd488b,4488,9b07d4,2e-05
10637,train,93243425715fdfbe,8607,3bce61,2e-05
13873,train,d4c4162be68e2833,13050,f524e2,2e-05
12370,train,6dc28eaa1d9a836c,11713,ca5fac,2e-05
1262,train,3ffe27b46b9befe3,5398,386186,2e-05
12004,train,35df3d66d493f4df,2633,93b27a,2e-05
7699,train,cc7e499908987d6d,6775,6301f8,2e-05
6498,train,9dd67fd1d66e02c0,3348,12bf8e,2e-05
5524,train,1f4c6f594d188fd4,10698,7ba380,2.1e-05
12559,train,7b2ddd0888ba9d82,10808,83501e,2.1e-05
10508,train,d9ba43c29968e5cc,5497,86a9c5,2.1e-05
10955,train,74fb232c782f024e,4276,81c7b4,2.1e-05
5804,train,9fa5733008ddf72f,695,460b70,2.1e-05
11223,train,d89683369159b6ff,394,f26156,2.1e-05
12040,train,fd9b3e363c6e6e19,11715,f78e23,2.1e-05
12048,train,4dc8ecd56a8cde64,4342,38ed4b,2.1e-05
12034,train,44774b9f67d878fb,12682,ec9a87,2.1e-05
8845,train,40e697f634b71bfd,6486,32f573,2.1e-05
9085,train,4da70472c30979e0,818,9de0b8,2.1e-05
7108,train,f14f67cd15002645,8519,97848e,2.1e-05
9136,train,ade0cc5555775334,1164,3c9078,2.1e-05
14204,train,285af3402967fb70,7527,71ebd2,2.1e-05
4232,train,cd307559d277fbef,13487,4eb905,2.1e-05
9710,train,03b0cb253fca8c1a,8761,6efa5f,2.1e-05
828,train,7bf5d920ead28492,3453,4d83de,2.1e-05
6207,train,eee389ead945294a,11962,7ac31a,2.1e-05
14543,train,040b65c68c193420,12948,67a6a8,2.1e-05
14648,train,60bc7b264f01ba94,9082,e66030,2.1e-05
10190,train,a925990cc37a81cb,5464,fdf900,2.1e-05
5479,train,e17e504af0ef2681,250,ed90fe,2.1e-05
9905,train,d7cc61aba36ac9d5,8889,6cad24,2.1e-05
11432,train,9c7a8d5ef4b73475,3970,680472,2.1e-05
13693,train,a680882a8cf20595,3005,e7cbb9,2.1e-05
6591,train,b04a7dc8a83be326,1596,f4311e,2.1e-05
1580,train,85866ed4863d12cd,13900,1de6a6,2.1e-05
3265,train,98a0dbb1a82b1df2,3773,a9ab96,2.2e-05
6257,train,9d9a0586628a1406,12237,36364f,2.2e-05
14755,train,f2a553a2a4b24b42,14453,60bec5,2.2e-05
9258,train,5a8071c0b51c85b7,13670,e2adc0,2.2e-05
6455,train,33cdc41df811aa6d,1115,bbc7ac,2.2e-05
14158,train,769d3a180200ed17,1547,322791,2.2e-05
12747,train,cbe93fa710d440ca,1185,8c8e46,2.2e-05
6915,train,1457517bac3e9705,7332,19bc4c,2.2e-05
13680,train,0ad1ec744d0fcef3,7076,aa8d3e,2.2e-05
4073,train,112d5412b7c3c650,2713,22511c,2.2e-05
11387,train,b8e2b4621c8783ba,13795,2816e2,2.2e-05
1413,train,1000c3f49eaf7dbb,12677,69ab5f,2.2e-05
13358,train,428d18cd2acda8d0,593,604c1c,2.2e-05
7942,train,6d2db5b63ff64a6d,10113,fda1a8,2.2e-05
8453,train,2e39006f0c92c634,6676,8afb3b,2.2e-05
14315,train,02a57d8539fe0405,13629,6fd67e,2.2e-05
9274,train,4987b6d9b2f60793,5123,3b85e0,2.2e-05
9792,train,f95327121ad4bfb2,1936,fd97f7,2.2e-05
9201,train,3812ed1cb212339c,7257,5f79d8,2.2e-05
11378,train,10df9f8451a71ffd,13893,12a128,2.2e-05
3564,train,de3f2e7651b72d4c,8228,7e37d6,2.2e-05
14179,train,2f9daf398b417fec,7365,5fd777,2.2e-05
2663,train,531bdf787b51ae04,4712,ca232e,2.3e-05
449,train,de7ba426130709aa,6733,e472cc,2.3e-05
13972,train,ad03117417c30569,11418,1ca12a,2.3e-05
6858,train,42290afcf1ba8a83,1112,1cab3d,2.3e-05
2308,train,0affa836f2734ba4,6629,34d775,2.3e-05
4776,train,a0d5a8e8eff38a2a,10217,3b1069,2.3e-05
10154,train,561cf20e29d14d6e,3038,f3ca29,2.3e-05
9104,train,1e8d52cc258f93a0,13080,86c3e9,2.3e-05
14700,train,527ab3e8036c631e,9241,484bb8,2.3e-05
13535,train,797e2b0dafee9d0a,11797,5e5ee6,2.3e-05
12447,train,def1930f26d20d0e,5358,6cc2f5,2.3e-05
8224,train,b2644b77504e13d2,3729,21a9ff,2.3e-05
12971,train,c31efbbe04fcb2dc,11256,6b9163,2.3e-05
8933,train,c110e75c1b14ecf7,5090,37d802,2.3e-05
9412,train,77104321fb35fa81,2510,3dbe68,2.3e-05
5824,train,73cb5ce5c8b6d88b,10995,7c1386,2.3e-05
10593,train,e658785b25c32883,8670,440a6a,2.3e-05
6823,train,bc590ec4437216fb,13877,8b64f2,2.3e-05
2288,train,2792fe3c71ac4d66,6300,9751f4,2.4e-05
14621,train,7609cec57c69668e,4431,49d552,2.4e-05
14675,train,8331fb165c196291,4026,fb75a9,2.4e-05
1414,train,bce1a6882a32b8ea,7225,ca70b7,2.4e-05
11978,train,7a1c16b7efb33687,12750,168946,2.4e-05
14244,train,feac2b53acae4744,7476,618c50,2.4e-05
12776,train,f3abe90a52817cac,6747,e01711,2.4e-05
9526,train,2bd6010b67ce4de7,1996,276358,2.4e-05
12760,train,893d9aa2f559cbd1,7991,dba5c4,2.4e-05
11313,train,ccf70ae854ec7b36,8247,ba9dc5,2.4e-05
8140,train,5afd2a19c2d61183,6724,7bb05f,2.4e-05
2852,train,1b322d7fd10ad43c,12366,9cf376,2.4e-05
9145,train,3903df7bde988ffd,10884,45c154,2.4e-05
11138,train,4bd1899ba33657e7,3915,f95f30,2.4e-05
408,train,868db09fd3aa3946,513,1ce961,2.4e-05
2345,train,c86b30560135d08f,3429,8df1d0,2.4e-05
8369,train,c5c69500b9218bc1,13367,99b07c,2.4e-05
2859,train,cf5f77b0f41337e1,7141,a9291e,2.4e-05
845,train,8d1a7f07c53e2d2c,6854,ba5134,2.5e-05
4321,train,42b7bc8e8aab9be9,7633,54195b,2.5e-05
7548,train,9139ad1909194da3,8548,c1a9e0,2.5e-05
4580,train,498418a8d6c27771,4925,4103bd,2.5e-05
3845,train,e67fad7fa31ec90f,14296,5881d6,2.5e-05
7844,train,76056022f39e3bd3,4275,b25198,2.5e-05
1554,train,3f60e67db5c03d6f,5069,3711fd,2.5e-05
13790,train,865f96b0caed0c21,3317,c09c58,2.5e-05
14189,train,062f799ab612681e,582,141be7,2.5e-05
6435,train,31ebb51195a4cd8c,11876,64880d,2.5e-05
8817,train,fef0a18a59bb72e4,12189,bbe6f7,2.5e-05
2252,train,09cd0051d225761d,13881,cf3bf3,2.5e-05
4462,train,946e226185e6fbc1,2341,f11d83,2.5e-05
7723,train,595ca453e97abe86,8601,a90a25,2.5e-05
6596,train,eaafb55fd30e6696,7060,ca8eb8,2.5e-05
11756,train,b9960deef14ad710,4237,919856,2.6e-05
2248,train,296bbc6896d7708e,12855,b7f062,2.6e-05
3404,train,e0d6db8702aee179,4546,33fe29,2.6e-05
4474,train,c5b8612216c84c3e,4704,1ac9b2,2.6e-05
6373,train,3e29995e9d858505,8970,b39b76,2.6e-05
6478,train,83c393a829ff7a08,1156,3440e6,2.6e-05
7271,train,648621eadb39b8f3,5766,3a9fcf,2.6e-05
60,train,ab7c5422ae60993f,10268,949317,2.6e-05
95,train,eeb4268d5d9cd5c7,12090,1bdac9,2.6e-05
358,train,0bd4ef3f715428ad,1356,7b20a2,2.6e-05
5418,train,641e8d233de1b74a,114,558d9f,2.6e-05
4056,train,b2cb3fff16809197,8046,2b286b,2.6e-05
14467,train,69c59e24c61d4bd3,3727,65c10b,2.6e-05
5821,train,af2c6cafe5048a8a,10867,2ef62a,2.6e-05
1839,train,8793f45fe115b0bf,12431,75c83d,2.6e-05
9936,train,c7daa054e7f7ebc0,5479,5c1de3,2.6e-05
924,train,0d4c853c19416211,4974,671afb,2.6e-05
451,train,519fb18591ce8248,11957,690081,2.7e-05
5277,train,7d33342bcb792287,231,bea498,2.7e-05
9369,train,0528b6b15898509a,10328,303a37,2.7e-05
5991,train,e642c58801fc578b,12659,45a7ae,2.7e-05
6909,train,4043ef53fc3fed26,1735,d65ba7,2.7e-05
4093,train,ffbb0a35248b8595,5167,165fb5,2.7e-05
3423,train,9019bd9e01906e95,6541,a22570,2.7e-05
6270,train,6f4c2ffe9d55a2be,8514,b346f2,2.7e-05
14148,train,dee6d7e4a796c8ce,3120,017842,2.7e-05
14296,train,05508b300d995119,1427,25ca29,2.7e-05
14180,train,720527acc3aa738f,12986,72b73c,2.7e-05
2873,train,46d687c5a32ad6de,6026,8838d3,2.7e-05
4208,train,2a7494584f1fc07a,5271,7dd532,2.7e-05
13423,train,1ae56117b93ca838,3868,8a59b4,2.7e-05
13427,train,996215f8fae5078f,157,254c7f,2.8e-05
11073,train,57dedf1b0f980059,5791,15c8be,2.8e-05
7406,train,9f37627ea9512305,6627,aa07c4,2.8e-05
7201,train,a163ddb1e72b46de,3164,44e2cb,2.8e-05
923,train,5273af84a317f63e,1661,cce0a2,2.8e-05
12696,train,9958723f83bbd44b,6226,104b81,2.8e-05
8954,train,722e9a8e1bbc9cb6,6172,a702d9,2.8e-05
3208,train,584cc14bd5b286ef,6274,da422e,2.8e-05
1154,train,71f2ca18dc9cdb43,1875,c4da4d,2.8e-05
5929,train,125a199e6b34cdf2,10724,a07f77,2.8e-05
13491,train,9971c3eb1394b911,5720,414923,2.8e-05
11494,train,ae651ba5ddb8db0e,1428,c21106,2.8e-05
10477,train,9b3a0318ab000f3e,10742,cd2a86,2.8e-05
1300,train,7f168e34973714a3,8856,2eafa4,2.8e-05
6304,train,0fceb50935af8a60,11750,46cccf,2.9e-05
315,train,29ad1eda792adf14,8292,c80ab7,2.9e-05
9984,train,ddd86172092caa59,8235,248fc0,2.9e-05
7670,train,4ba1aba93c77bae8,7101,779f8c,2.9e-05
4769,train,95c6b03e35434225,2802,22cef8,2.9e-05
7458,train,bda87947a67bfc76,11607,d6b7d8,2.9e-05
7979,train,2932aa2e4dcaee7c,6414,b3382c,2.9e-05
12870,train,151ba009b702fd5d,223,b4fc10,2.9e-05
10449,train,cf4620112271e87b,460,ecea95,2.9e-05
12096,train,0842348a1bab7386,527,5937fc,2.9e-05
5484,train,be447007e522a54e,7107,3f471b,3e-05
2854,train,d992fdbd58628b84,2705,f07e25,3e-05
6500,train,27d24e3436a02b0c,11646,4b5a6c,3e-05
7928,train,db8cb071392e8eac,7729,8c96a8,3e-05
5881,train,8bb8c0b77b460a05,9763,17558a,3e-05
7661,train,41b22f3128b8a77a,5614,6d57d8,3e-05
14406,train,9cc73b26e2f65333,14434,08f9fb,3e-05
4591,train,f61e502221856acd,6971,6ad231,3e-05
12318,train,09cf1812ca06cd7f,4236,2b5aef,3e-05
14254,train,79fdc43e51c8422e,9632,82d8ea,3e-05
12797,train,f5339cdb3aca0fbc,738,979890,3e-05
5900,train,6af92c64ac13071d,8337,c820d8,3e-05
7035,train,92a2cc96824556fd,9382,f924e0,3e-05
8598,train,1aa94210e5fd4793,7397,323a4d,3e-05
6447,train,75cc3de7fb6c6d6a,10538,681842,3.1e-05
6256,train,af1ff2901da37121,13311,bf4725,3.1e-05
6082,train,db778ed5d4f64154,12788,499def,3.1e-05
13487,train,5825da95ebd822a2,6066,ca4c09,3.1e-05
2462,train,87f81e11a9181270,14524,1b17c6,3.1e-05
8627,train,25e5646c5c5d50c4,3766,3561ef,3.1e-05
8065,train,596e7639d62ae48d,197,1bfb1b,3.1e-05
3282,train,9645fb0f4c2052cf,2396,905ddb,3.2e-05
12982,train,957bbbe50b6b5e4d,3058,c450b7,3.2e-05
10594,train,b2a9a5d2a291da27,3666,229730,3.2e-05
3480,train,8d7fa5bba0e4620c,3578,33c4a5,3.2e-05
6072,train,b7d7912787ce0fb7,4646,91cdc1,3.2e-05
14149,train,352677cce64c4160,2184,b42685,3.2e-05
5199,train,1f91622937392f91,3261,a4c952,3.2e-05
10739,train,e5a6ac9da8f43862,1415,7423ce,3.2e-05
12219,train,d1620b7c639ebf0e,12522,239678,3.2e-05
7141,train,bad21dd47b8b1a7c,9254,3d05d9,3.2e-05
7168,train,581214cfe0a35e65,6685,39660a,3.2e-05
3358,train,5a48d7974ddded12,2565,af0f4a,3.2e-05
6671,train,3ace35d06c84db26,5349,360658,3.2e-05
5144,train,b5c921c4d761477e,11168,2f1099,3.2e-05
2227,train,e4c65bf689c1de90,4890,7d34b8,3.2e-05
9297,train,c48e59bb7eff392e,973,402138,3.3e-05
8766,train,f199ef40799923e1,8924,86e66c,3.3e-05
9798,train,a0ad752e88e43e63,4973,1f6bbe,3.3e-05
3948,train,d0d7164e27331b1b,3756,132042,3.3e-05
6386,train,f6e7e54da243032d,3451,40d826,3.3e-05
7698,train,9f711b701b0caa1d,11088,bf92ef,3.3e-05
1048,train,701ee8d4d39d5bc2,12029,dd080a,3.3e-05
2076,train,fc14bd07773c494f,10226,27fdd9,3.3e-05
12921,train,eae91a07ca671b11,5692,59ee6c,3.3e-05
11699,train,8035a2871c2fbb49,7528,fe9880,3.3e-05
13658,train,be00ebaff287ebe2,11007,ad8726,3.3e-05
8514,train,7b87efa58b336193,13702,9abe6e,3.3e-05
11267,train,4726d8fafb5075f0,13994,ce9452,3.4e-05
743,train,db5bff1cf9933df9,3636,3f13fb,3.4e-05
443,train,e50b00e4517c55e5,11456,104b59,3.4e-05
10566,train,630860c559ca0733,6742,5b873f,3.4e-05
3018,train,5e6ba6558808750c,11835,b31200,3.4e-05
7185,train,5ac710ef0900e027,4665,69fc94,3.5e-05
7803,train,d284e886be3ac89e,8786,9dcdb9,3.5e-05
13371,train,3c6fe12802328cf8,13191,e07e88,3.5e-05
13055,train,4bc92a4858cbeb59,6106,ca8d81,3.5e-05
1536,train,58f658ae89b3cccd,3906,4bdb51,3.5e-05
14168,train,2cb415f6abf38eb2,12279,2ef933,3.5e-05
6000,train,f790f7ecfa76483e,8992,7b3167,3.5e-05
11906,train,715088be1a2ba5f8,13310,dad914,3.6e-05
10912,train,0f4cdfdc9dabe186,13390,189312,3.6e-05
11529,train,53e1d0b59cee6006,6217,5f4c71,3.6e-05
2902,train,809b573b03dd9a35,6112,faa7ef,3.6e-05
11517,train,6db5e56c4a3cb2be,10869,53ce4e,3.6e-05
8015,train,2eeec262885c3dc4,6323,15b06e,3.6e-05
2783,train,edea49286afe1177,4577,302ef9,3.7e-05
10070,train,be84b6397257db09,9166,294d67,3.7e-05
858,train,2aece669ea285800,4225,131f36,3.7e-05
14349,train,48665a82f89d49ae,8988,d8382e,3.7e-05
14557,train,82bba69695e4ef09,13761,f19745,3.7e-05
7585,train,62416f54421b900f,2556,410e32,3.8e-05
9928,train,6006af1fefccf554,7133,5c9a5c,3.8e-05
13617,train,0d5294169554a1d0,4681,65f7e1,3.8e-05
6369,train,506018d0824d1ae1,12759,6dc04b,3.8e-05
4035,train,3eb75df5ba8d9d6e,1679,94ca15,3.8e-05
9084,train,289c311614c1604b,7960,76f2da,3.9e-05
3991,train,560553b10378177a,5074,40dab0,3.9e-05
2451,train,ebb569f00835c799,12434,339871,3.9e-05
13466,train,37360bc651e26cab,6606,eac97a,3.9e-05
11099,train,78df84e220d9183e,14308,fff8d5,3.9e-05
12581,train,6267b1ced841c382,7033,8ab95b,4e-05
5790,train,1b6240212537a618,13807,f54f27,4e-05
9538,train,7b94925cc7abd77a,1045,f49991,4e-05
14714,train,3f530fbe36f6a457,9891,c2f8c2,4e-05
6894,train,1747b7ffef46073d,2263,e084d5,4e-05
5037,train,10765596d0746bef,13134,ffca17,4e-05
2258,train,16336050aec15b6d,13259,8e7336,4e-05
11390,train,5d832693c7ef70c5,12847,f66439,4e-05
8703,train,326a322dc6592b29,2992,6fa6ce,4e-05
4014,train,b415b7015716f7b6,12615,4dd047,4e-05
1337,train,8b4746e9f6282b07,2134,568586,4e-05
7523,train,e10842fcd0934947,9484,cd2dd1,4.1e-05
6723,train,7bde2b5df21c8254,13150,37eb2c,4.1e-05
2863,train,d2f1742debb93bb6,6647,51db50,4.1e-05
598,train,72b0001fd6a18ed8,490,b81b1a,4.1e-05
4883,train,f31b402ab4e3b0ac,8878,d71f12,4.1e-05
7597,train,e0873f422d740fcf,11787,8ad6cc,4.1e-05
5134,train,7e63076170354cde,7675,32c315,4.1e-05
11681,train,2cbf0547c859a05c,7720,59f11f,4.1e-05
2791,train,caea3ed09ae4bfae,8729,031840,4.1e-05
7387,train,7919a17e1fc575b2,7406,90025b,4.1e-05
3012,train,c07d4eb4a7a65cb5,1821,a9ac74,4.2e-05
4584,train,624a72420f8f9810,9264,c3bb1c,4.2e-05
13457,train,d2ff093878975df1,3344,345b34,4.2e-05
12098,train,c1f0d1111a8dc587,11927,8add37,4.2e-05
4088,train,23c1081e6a6b685d,894,04abb5,4.3e-05
14218,train,a37cb8dd2eaa9317,6069,536cf8,4.3e-05
2551,train,8e69233073d22ddf,2686,972492,4.3e-05
416,train,6f4cd5133766fc5c,5421,a6b237,4.3e-05
8445,train,668b2a87a6fbaf80,1764,649275,4.3e-05
12567,train,481cb7fde00ec82d,14420,a31530,4.3e-05
12859,train,35735b908d77d798,10594,0a9202,4.3e-05
4717,train,7e5766932b0b9753,414,2b0a09,4.4e-05
4713,train,abe51d2ed4071efc,11565,68386e,4.4e-05
12104,train,f8dad0b9f756dac5,10346,3f9621,4.4e-05
811,train,8760f4042eb1be48,12725,f6f01a,4.4e-05
2064,train,696f56ee0c4fa23d,2259,58dedf,4.4e-05
2861,train,856f75dc276b6375,2987,8fd2a8,4.5e-05
4527,train,5caa1b770ded1376,5405,96b1c5,4.5e-05
7504,train,9b46133bdfdcbfaa,537,975bda,4.5e-05
11430,train,6a224798b30e55df,929,d1dbc9,4.5e-05
1221,train,dfbd523ebc46e9b7,3095,251641,4.5e-05
7598,train,953cdbec06402406,12140,f4e383,4.5e-05
10796,train,9b4bb99f465bdfea,7145,591dd0,4.6e-05
11811,train,f69de6ba0f8927bb,9537,ffdbd2,4.6e-05
11962,train,facbd5973535dcdd,132,5d25e8,4.6e-05
10595,train,403985a6bc3e5cb7,9429,4fbf5c,4.7e-05
5151,train,7192e4ba3ba196d2,14249,6e5666,4.7e-05
10213,train,63b3dc37e7e802f5,10979,5a134b,4.7e-05
12822,train,41adfac866d94339,6148,c9aa0f,4.8e-05
14663,train,f8aaf845eba1ed91,4254,c1cadb,4.8e-05
827,train,4dbec0357830c704,9249,c25c39,4.8e-05
5908,train,54739cfee54f413b,13418,0c91d3,4.8e-05
12183,train,be0d6a883a9e728e,12218,bb67cf,4.8e-05
4714,train,963e3e16e6322edd,9703,51f59b,4.9e-05
8342,train,f3afc04533649f16,690,758e83,4.9e-05
13997,train,c5c098ab06546f46,3402,00ff1a,5e-05
3882,train,ecaea3576b84737b,7815,81881d,5e-05
8733,train,a1745934d15659f1,2102,ebe76f,5e-05
7786,train,fc0d2fb6893385e1,4568,ae987d,5e-05
8153,train,42a16000f3e4bf79,11582,0ffd6c,5.1e-05
3308,train,06bd9f312a9ebc72,10782,62dbc9,5.1e-05
8483,train,c056ca2295de156e,13033,7248df,5.1e-05
11662,train,b3a25f3fd94e186a,14526,8611c1,5.1e-05
4596,train,6d243c0f67aa2f9b,11869,195ca3,5.1e-05
7214,train,0517e13e5bb2f0e7,11377,b55aa6,5.2e-05
7926,train,5927d25f5fa2393b,4361,8fb126,5.3e-05
862,train,5cd3e76795068618,5164,1a1ea8,5.3e-05
171,train,74a4d7df85534c88,4819,676372,5.3e-05
11051,train,4d6cfcddaf74aff4,12245,71ef80,5.3e-05
4613,train,2d487a324c08bbdc,11038,4026da,5.3e-05
8397,train,8be027bfc2483c85,3079,4cadcb,5.4e-05
11832,train,ea148d09a88634b2,12684,7e880c,5.4e-05
14895,train,ffa2592746ebeb74,9994,06d474,5.5e-05
4887,train,03ac33c56cc9e402,4470,add3d1,5.5e-05
4264,train,5d80f9c6e5cec057,9934,ccd0f6,5.5e-05
4695,train,593db3c9c4036c7e,9903,fb79b5,5.5e-05
4966,train,c5f07a42707e5013,13554,af50b5,5.5e-05
8424,train,c488ffee2f2e5426,5368,7b9aff,5.6e-05
325,train,3e476edb00722c88,12676,8a15a8,5.6e-05
10698,train,61dfe63b89e7066f,1810,c65bc0,5.6e-05
1204,train,a09a3d3ef39c294f,3011,6df2b0,5.6e-05
2904,train,5394b39fa628a34c,6644,96cd42,5.7e-05
8022,train,900137a26067ec53,5529,a3857d,5.7e-05
4425,train,ceab95f30b1f19ba,3842,379962,5.7e-05
7877,train,9c1d039b33c41420,10540,ed80d2,5.7e-05
9813,train,4c462dcaa618fdc9,12359,a3a546,5.8e-05
4857,train,7a52716d82756446,3258,3bbad7,5.8e-05
14370,train,64d76f34b53a664f,603,016240,5.8e-05
11862,train,38d40d691b038197,1051,6029da,5.9e-05
9910,train,3f7aebe451c113b8,11412,30c14c,5.9e-05
6114,train,59847816ecdd8cfb,4676,186216,5.9e-05
1439,train,620929151f5c9ce4,8508,07f6b7,5.9e-05
11823,train,16cb36733444ec11,9721,512acf,5.9e-05
7237,train,e2fca2209acde553,3831,6a763c,6e-05
10886,train,cf9cdbc05fbc2101,111,1741f4,6e-05
9780,train,b4f523bb2701c60c,7643,9f5c91,6.1e-05
14056,train,1f1724272fdba7ea,4972,72981e,6.1e-05
11407,train,c7bb853f3ee1c6c6,2029,4989a8,6.2e-05
5627,train,ea7d9ff0c07327d0,4050,c8cb3f,6.2e-05
12712,train,ce6a5288b9dff110,2692,04493a,6.2e-05
1402,train,76c0115eac80c29d,7126,714804,6.3e-05
9700,train,2a6e8c6dc3820765,944,b11eac,6.3e-05
12965,train,cc25952892c51a8a,335,d97257,6.3e-05
11157,train,237b98a8313b6730,4230,b0aadf,6.3e-05
100,train,eb1aa2ff72315c4e,14508,aaf897,6.4e-05
1541,train,95d9edf05a6d7cfe,9341,e467d7,6.4e-05
8325,train,027bb1fff330e56d,9826,1d64a7,6.5e-05
13947,train,b794e4a3322a02b9,13846,8882c8,6.6e-05
9118,train,e904cf459f024c1c,9303,1e9397,6.6e-05
4430,train,3ffc429c2bf63b4e,9659,b0bda1,6.7e-05
10281,train,26d1b2d17d7107fa,7249,2268d3,6.8e-05
9002,train,dfdb84527ca12fc9,10629,72a11b,6.8e-05
569,train,29a97b0f3d46dca2,9910,318d78,6.9e-05
11562,train,330c54c23dc4a86d,1256,3afed2,6.9e-05
1825,train,f9f35aae84ba23e7,11392,ed3d6d,6.9e-05
4079,train,213bff2a636d6205,11679,2e485a,6.9e-05
4986,train,69f267c797c68d89,5333,a80511,7e-05
12507,train,5b8791588077faa9,4841,f8111e,7e-05
6012,train,40be9fb82e575d85,7866,05a279,7e-05
10857,train,2b3ea547e34ab288,12790,730eba,7e-05
974,train,e9bf9c6f60ef4a77,3365,70faf0,7.1e-05
2298,train,d1db9dbe5f5e2b8a,13865,6a4f39,7.2e-05
4428,train,d701e70b8e566029,8784,110bc1,7.2e-05
12105,train,72ef95196e00c608,6317,db69bc,7.2e-05
11287,train,44e11a607440bb30,10373,eadb0a,7.2e-05
10756,train,532e33d9c7306f5d,6386,dc1b4d,7.3e-05
10798,train,25fa033462e1c72e,14171,f5b4af,7.4e-05
1153,train,69ba73914bcc763f,1779,4f7a83,7.7e-05
7514,train,8cafb5ba6b6dcead,467,721843,7.7e-05
8374,train,70effb02c7b046da,12115,7b8bb6,7.8e-05
9525,train,f460e453031273be,10971,430ca4,7.9e-05
10984,train,084f69150a58d4eb,5919,ecf3d1,7.9e-05
8047,train,cd2cdd98481a586a,4280,585800,7.9e-05
13100,train,981daa0badc7b101,10157,b19297,8e-05
5077,train,a10efaead8bbe4b6,9026,b59514,8e-05
12338,train,202da32f4afe501c,5450,919ff7,8.1e-05
2548,train,0633611326e041be,5172,bd6129,8.2e-05
1735,train,03aee9070d8ece69,12026,bd6fe5,8.2e-05
19,train,5fad45a124e55ed5,869,102c30,8.2e-05
10165,train,d9b2f8207301139c,13982,966b69,8.3e-05
1605,train,242106c4e61bb9b8,3733,a47921,8.4e-05
10304,train,69960ec3718d24d0,14210,2fd41a,8.6e-05
1934,train,2aa25a0efe7d5fb3,13921,07c1cb,8.7e-05
8806,train,38c39be528e05227,5073,801722,8.9e-05
4181,train,a75f67568d2e0f8e,709,7f54ba,9.4e-05
496,train,b86aebfd806e18a6,6046,4d3d92,9.7e-05
84,train,9c119d8c60fa012e,13947,202559,9.7e-05
14910,train,ee7d8ef1557a4212,1849,5f3fd6,9.8e-05
1096,train,fe0817d8be86de47,2215,e50239,9.9e-05
11368,train,bd7324bcd2f46d85,3545,b4692c,0.000102
7207,train,4b19da4caa4febc4,9959,d6925d,0.000103
10664,train,d5431514999cd5e3,2665,1dd4ab,0.000103
4733,train,54aa33a18c9c294d,12531,134768,0.000104
13565,train,59a6708ec16a1e67,12963,6f3aa3,0.000105
10945,train,c88593650bdfc12d,6162,af27f0,0.000106
11491,train,128240c447645230,12405,aa05a1,0.000106
12714,train,daa666bbe617a099,8985,491feb,0.000106
13265,train,8fe4df166093edd2,12252,45868a,0.000107
2891,train,8def89d0e760fd05,972,71addc,0.000108
13408,train,79b075feed97ed6f,14177,b8d4ee,0.000112
5023,train,c445ff8bf9279523,5951,fc51ca,0.000115
2802,train,e73f2e5753c93953,1091,b5b6d9,0.000115
550,train,10d5c8c1a22bb13a,9529,0eb753,0.000116
12824,train,241879a4cfabbc24,8149,7716c3,0.000116
6531,train,a549d3243a1b54cf,4731,df2db6,0.000119
9350,train,0ae0556c63af50bd,10420,9be0dc,0.000119
9137,train,d5596c40074573ab,1554,d29732,0.000125
1819,train,33049030dab3458e,10597,ab1813,0.000125
2121,train,d045f19d9a96917e,12712,64100b,0.000126
321,train,2286f9bec5da9afc,5263,85e45b,0.000135
14440,train,d292872faf969253,4049,278c97,0.000136
11087,train,4d53e33d75ac578b,4087,cafcf6,0.000137
5819,train,dc366f054922e55a,12949,60fdba,0.00015
2892,train,e0663fa8eb27e66c,3424,b385aa,0.000152
492,train,10a71a75d8d83b0a,11046,9a2af8,0.000152
2756,train,2e2d1910c46693ee,12815,af703b,0.000154
8285,train,2fd531b5ef85cf29,163,1c27f0,0.00016
11518,train,d74277d95c58bfb6,2152,cfbde6,0.000164
13968,train,8bd5849afa42adc4,10216,039e9f,0.000165
10774,train,d1e14df01fde63e2,12312,6aa798,0.000166
12230,train,5a6a3657033fae0a,2864,5bbdc9,0.000166
3017,train,cf1b6e2ff4e2e50b,5738,843da0,0.000185
3510,train,98b6a1c6877f3c4a,4465,b33cf2,0.000186
1590,train,ba4a83834a83c965,6660,714dbf,0.000188
13739,train,63f7d3268363ee58,1598,58dc49,0.000192
9661,train,744c89156af2e34e,10146,4c1371,0.000194
4876,train,70e138c0f55a75c2,10480,2458c8,0.000197
5297,train,076a8359a4b8fac1,6481,376bc1,0.000199
9828,train,34795a91820eb36a,11316,6f4441,0.000201
1401,train,1f95e6ae36d7682d,40,ce8894,0.000202
11700,train,ac75e5bb9bb81c7a,11850,c996b1,0.000208
7811,train,8371434f082c4e1d,12994,184371,0.000212
10233,train,3d751946efa62dbd,7128,94b32c,0.000214
3081,train,e9a064df1550f907,7740,34ef15,0.000216
8900,train,7e62764050b268ef,5841,4f95c5,0.000231
1486,train,7ec84488b5f42924,1263,6a526c,0.000234
4446,train,11277236ac942566,13085,a542a3,0.000235
4824,train,2d66f2c1a733a7e7,14238,f42659,0.000241
13977,train,6db9d937fde72827,14313,983424,0.000247
723,train,e7bde842360521a1,2079,29cd79,0.000248
5393,train,f39c503e276c4679,9163,163ea8,0.000253
2097,train,736ce206d7d4502e,1061,d16291,0.000271
14375,train,e5441df2fd22de18,4293,76c4c6,0.000272
11423,train,3601caafba85095f,2280,5e6756,0.000277
2476,train,15b7c1cb224269ce,4722,2c9323,0.000277
10102,train,3ce2e342016ddb2a,14235,09c390,0.000283
6832,train,1ac91716712f9b02,7724,615885,0.000283
11428,train,2c10908cf9451c00,10879,913ae5,0.000289
7152,train,34b12ad8b197649a,13304,351b63,0.000307
8747,train,98a43cc4067c7095,1909,f66c77,0.000381
6485,train,5c3fc004f99f2398,4479,632f0a,0.000407
8888,train,36badb24927cb54b,8047,ce88ee,0.00041
10724,train,1efec09cc5e3e77a,10948,c57c4b,0.000428
2789,train,2dbb737289dbc041,11327,8f6371,0.000453
13730,train,870ba2c446e8b205,1503,937456,0.000477
14392,train,24f01000f099d25d,11490,ba90bc,0.000528
4981,train,640e99733c33b96a,6565,37b495,0.000585
11531,train,90a849c4a4b1a1b1,3802,9bf837,0.000603
6446,train,e93cd70d949667b5,9496,e03836,0.000611
6828,train,6af847137f307da4,960,efbc6c,0.000656
12604,train,f60714b48a73e3e2,9498,50f5f0,0.000681
4096,train,8a09fd9bfe414eac,8902,671360,0.00088
8742,train,92640467c68140e8,9617,09d762,0.000921
6160,train,0c4cbb765f0994d6,9996,744b87,0.000954
7315,train,11fb4208b7190d7e,2046,101915,0.00106
921,train,21bc05d51e99e0e7,7963,daa700,0.001164
3918,train,0a4c82c721c00386,747,5a0569,0.002717
2905,train,2b7cfadf0bc358f8,5598,54c227,0.00382
12761,train,f73419a102fa7b01,11658,9a34a8,0.005487
